YALI0A01001g,YALI0F15873g
YALI0F15873g,YALI0B05918g
YALI0F15873g,YALI0E00484g
YALI0F15873g,YALI0F24387g
YALI0A01089g,YALI0E31031g
YALI0A01419g,YALI0A09438g
YALI0A01419g,YALI0B01540g
YALI0A01419g,YALI0B20372g
YALI0A01419g,YALI0C03201g
YALI0A01419g,YALI0C12918g
YALI0A01419g,YALI0D24585g
YALI0A01419g,YALI0E29667g
YALI0A01419g,YALI0E31779g
YALI0A01419g,YALI0E34037g
YALI0A01419g,YALI0F06050g
YALI0A01419g,YALI0F21219g
YALI0A01419g,YALI0F30987g
YALI0A09438g,YALI0A14784g
YALI0A09438g,YALI0B01540g
YALI0A09438g,YALI0B20372g
YALI0A09438g,YALI0B20658g
YALI0A09438g,YALI0C03201g
YALI0A09438g,YALI0D24585g
YALI0A09438g,YALI0D24970g
YALI0A09438g,YALI0E06215g
YALI0A09438g,YALI0E29667g
YALI0A09438g,YALI0E31779g
YALI0A09438g,YALI0E34037g
YALI0A09438g,YALI0F06050g
YALI0A09438g,YALI0F17248g
YALI0A09438g,YALI0F21219g
YALI0A09438g,YALI0F30987g
YALI0B01540g,YALI0B20372g
YALI0B01540g,YALI0B20658g
YALI0B01540g,YALI0C03201g
YALI0B01540g,YALI0E29667g
YALI0B01540g,YALI0E34037g
YALI0B01540g,YALI0F18359g
YALI0B20372g,YALI0A02915g
YALI0B20372g,YALI0A14784g
YALI0B20372g,YALI0B00792g
YALI0B20372g,YALI0D24585g
YALI0B20372g,YALI0E29667g
YALI0B20372g,YALI0E34037g
YALI0B20372g,YALI0F06050g
YALI0B20372g,YALI0F17248g
YALI0B20372g,YALI0F21219g
YALI0C03201g,YALI0A17946g
YALI0C03201g,YALI0B00792g
YALI0C03201g,YALI0B20658g
YALI0C03201g,YALI0E06215g
YALI0C03201g,YALI0E31779g
YALI0C03201g,YALI0E34037g
YALI0C03201g,YALI0F06050g
YALI0C03201g,YALI0F18359g
YALI0C12918g,YALI0F25113g
YALI0D24585g,YALI0A02915g
YALI0D24585g,YALI0A14784g
YALI0D24585g,YALI0D24970g
YALI0D24585g,YALI0E29667g
YALI0D24585g,YALI0F06050g
YALI0D24585g,YALI0F17248g
YALI0D24585g,YALI0F21219g
YALI0E29667g,YALI0A02915g
YALI0E29667g,YALI0A14784g
YALI0E29667g,YALI0B00792g
YALI0E29667g,YALI0E34037g
YALI0E29667g,YALI0F06050g
YALI0E29667g,YALI0F17248g
YALI0E29667g,YALI0F21219g
YALI0E31779g,YALI0A17941g
YALI0E31779g,YALI0B12628g
YALI0E31779g,YALI0C01969g
YALI0E31779g,YALI0F06050g
YALI0E31779g,YALI0F20196g
YALI0E31779g,YALI0F30987g
YALI0E34037g,YALI0F06050g
YALI0E34037g,YALI0F21219g
YALI0F06050g,YALI0A02915g
YALI0F06050g,YALI0A17946g
YALI0F06050g,YALI0B00792g
YALI0F06050g,YALI0F17248g
YALI0F06050g,YALI0F18359g
YALI0F21219g,YALI0A14784g
YALI0F30987g,YALI0C01969g
YALI0A02915g,YALI0A14784g
YALI0A02915g,YALI0A14806g
YALI0A02915g,YALI0B00792g
YALI0A02915g,YALI0F17248g
YALI0A17946g,YALI0B00792g
YALI0A17946g,YALI0D05489g
YALI0A17946g,YALI0F18359g
YALI0B00792g,YALI0E28424g
YALI0B00792g,YALI0F18359g
YALI0F17248g,YALI0A14784g
YALI0F17248g,YALI0A14806g
YALI0F17248g,YALI0B11000g
YALI0F17248g,YALI0D24970g
YALI0F17248g,YALI0F20878g
YALI0A02783g,YALI0D09933g
YALI0A02783g,YALI0F13013g
YALI0D09933g,YALI0A20273g
YALI0D09933g,YALI0F13013g
YALI0A02849g,YALI0C24277g
YALI0A02849g,YALI0E08602g
YALI0A02849g,YALI0E23199g
YALI0A02849g,YALI0E31317g
YALI0A02849g,YALI0E32153g
YALI0A02849g,YALI0E32747g
YALI0A02849g,YALI0F10076g
YALI0A02849g,YALI0F18150g
YALI0C24277g,YALI0A06501g
YALI0C24277g,YALI0A13541g
YALI0C24277g,YALI0B08074g
YALI0C24277g,YALI0B09075g
YALI0C24277g,YALI0B11000g
YALI0C24277g,YALI0B16742g
YALI0C24277g,YALI0B20086g
YALI0C24277g,YALI0C14036g
YALI0C24277g,YALI0C16478g
YALI0C24277g,YALI0C18227g
YALI0C24277g,YALI0C21109g
YALI0C24277g,YALI0D01804g
YALI0C24277g,YALI0D07326g
YALI0C24277g,YALI0D08448g
YALI0C24277g,YALI0D12771g
YALI0C24277g,YALI0D21934g
YALI0C24277g,YALI0D22088g
YALI0C24277g,YALI0D23155g
YALI0C24277g,YALI0E08602g
YALI0C24277g,YALI0E12353g
YALI0C24277g,YALI0E14124g
YALI0C24277g,YALI0E17919g
YALI0C24277g,YALI0E20493g
YALI0C24277g,YALI0E23199g
YALI0C24277g,YALI0E23760g
YALI0C24277g,YALI0E24805g
YALI0C24277g,YALI0E30371g
YALI0C24277g,YALI0E31317g
YALI0C24277g,YALI0E32153g
YALI0C24277g,YALI0F08877g
YALI0C24277g,YALI0F10076g
YALI0C24277g,YALI0F10725g
YALI0C24277g,YALI0F17600g
YALI0C24277g,YALI0F18150g
YALI0C24277g,YALI0F24365g
YALI0C24277g,YALI0F29183g
YALI0E08602g,YALI0A03003g
YALI0E08602g,YALI0A06501g
YALI0E08602g,YALI0A13541g
YALI0E08602g,YALI0B08074g
YALI0E08602g,YALI0B09075g
YALI0E08602g,YALI0B11000g
YALI0E08602g,YALI0B16742g
YALI0E08602g,YALI0B20086g
YALI0E08602g,YALI0C07887g
YALI0E08602g,YALI0C14036g
YALI0E08602g,YALI0C16478g
YALI0E08602g,YALI0C18227g
YALI0E08602g,YALI0C21109g
YALI0E08602g,YALI0D01804g
YALI0E08602g,YALI0D08448g
YALI0E08602g,YALI0D10065g
YALI0E08602g,YALI0D12771g
YALI0E08602g,YALI0D21934g
YALI0E08602g,YALI0D23155g
YALI0E08602g,YALI0E06237g
YALI0E08602g,YALI0E09691g
YALI0E08602g,YALI0E12353g
YALI0E08602g,YALI0E14124g
YALI0E08602g,YALI0E14641g
YALI0E08602g,YALI0E17919g
YALI0E08602g,YALI0E20493g
YALI0E08602g,YALI0E23199g
YALI0E08602g,YALI0E23760g
YALI0E08602g,YALI0E24805g
YALI0E08602g,YALI0E31317g
YALI0E08602g,YALI0E32153g
YALI0E08602g,YALI0E32747g
YALI0E08602g,YALI0F06732g
YALI0E08602g,YALI0F08877g
YALI0E08602g,YALI0F10076g
YALI0E08602g,YALI0F17600g
YALI0E08602g,YALI0F18150g
YALI0E08602g,YALI0F24365g
YALI0E08602g,YALI0F29183g
YALI0E23199g,YALI0A03003g
YALI0E23199g,YALI0A06501g
YALI0E23199g,YALI0A13541g
YALI0E23199g,YALI0B08074g
YALI0E23199g,YALI0B11000g
YALI0E23199g,YALI0B16742g
YALI0E23199g,YALI0B20086g
YALI0E23199g,YALI0B22594g
YALI0E23199g,YALI0C07887g
YALI0E23199g,YALI0C14036g
YALI0E23199g,YALI0C16478g
YALI0E23199g,YALI0C18227g
YALI0E23199g,YALI0C21109g
YALI0E23199g,YALI0D01804g
YALI0E23199g,YALI0D07326g
YALI0E23199g,YALI0D08448g
YALI0E23199g,YALI0D14850g
YALI0E23199g,YALI0D21934g
YALI0E23199g,YALI0D22088g
YALI0E23199g,YALI0D23155g
YALI0E23199g,YALI0E14124g
YALI0E23199g,YALI0E20493g
YALI0E23199g,YALI0E23760g
YALI0E23199g,YALI0E24805g
YALI0E23199g,YALI0E30371g
YALI0E23199g,YALI0E31317g
YALI0E23199g,YALI0E32153g
YALI0E23199g,YALI0F10076g
YALI0E23199g,YALI0F10725g
YALI0E23199g,YALI0F17600g
YALI0E23199g,YALI0F18150g
YALI0E23199g,YALI0F22935g
YALI0E23199g,YALI0F24365g
YALI0E31317g,YALI0A03003g
YALI0E31317g,YALI0A06501g
YALI0E31317g,YALI0A13541g
YALI0E31317g,YALI0B08074g
YALI0E31317g,YALI0B11000g
YALI0E31317g,YALI0B16742g
YALI0E31317g,YALI0B20086g
YALI0E31317g,YALI0C16478g
YALI0E31317g,YALI0C18227g
YALI0E31317g,YALI0C21109g
YALI0E31317g,YALI0D22088g
YALI0E31317g,YALI0D23155g
YALI0E31317g,YALI0D24629g
YALI0E31317g,YALI0E06237g
YALI0E31317g,YALI0E12353g
YALI0E31317g,YALI0E14124g
YALI0E31317g,YALI0E23760g
YALI0E31317g,YALI0E24805g
YALI0E31317g,YALI0E30371g
YALI0E31317g,YALI0E32153g
YALI0E31317g,YALI0E32747g
YALI0E31317g,YALI0F08877g
YALI0E31317g,YALI0F10076g
YALI0E31317g,YALI0F10725g
YALI0E31317g,YALI0F18150g
YALI0E31317g,YALI0F24365g
YALI0E32153g,YALI0A03003g
YALI0E32153g,YALI0A06501g
YALI0E32153g,YALI0A13541g
YALI0E32153g,YALI0B08074g
YALI0E32153g,YALI0B09075g
YALI0E32153g,YALI0B11000g
YALI0E32153g,YALI0B16742g
YALI0E32153g,YALI0B20086g
YALI0E32153g,YALI0B22594g
YALI0E32153g,YALI0C07887g
YALI0E32153g,YALI0C14036g
YALI0E32153g,YALI0C16478g
YALI0E32153g,YALI0C18227g
YALI0E32153g,YALI0C21109g
YALI0E32153g,YALI0D01804g
YALI0E32153g,YALI0D07326g
YALI0E32153g,YALI0D08448g
YALI0E32153g,YALI0D12771g
YALI0E32153g,YALI0D21934g
YALI0E32153g,YALI0D22088g
YALI0E32153g,YALI0D23155g
YALI0E32153g,YALI0E06237g
YALI0E32153g,YALI0E12353g
YALI0E32153g,YALI0E14124g
YALI0E32153g,YALI0E20493g
YALI0E32153g,YALI0E23760g
YALI0E32153g,YALI0E24805g
YALI0E32153g,YALI0E30371g
YALI0E32153g,YALI0E32747g
YALI0E32153g,YALI0F08877g
YALI0E32153g,YALI0F10076g
YALI0E32153g,YALI0F10725g
YALI0E32153g,YALI0F17600g
YALI0E32153g,YALI0F18150g
YALI0E32153g,YALI0F22935g
YALI0E32153g,YALI0F24365g
YALI0E32747g,YALI0C16478g
YALI0E32747g,YALI0C21109g
YALI0E32747g,YALI0D21934g
YALI0E32747g,YALI0E06237g
YALI0E32747g,YALI0E09691g
YALI0E32747g,YALI0F08877g
YALI0E32747g,YALI0F17600g
YALI0E32747g,YALI0F18150g
YALI0E32747g,YALI0F24365g
YALI0F10076g,YALI0A03003g
YALI0F10076g,YALI0A06501g
YALI0F10076g,YALI0B08074g
YALI0F10076g,YALI0B09075g
YALI0F10076g,YALI0B20086g
YALI0F10076g,YALI0C16478g
YALI0F10076g,YALI0C18227g
YALI0F10076g,YALI0D01804g
YALI0F10076g,YALI0D12771g
YALI0F10076g,YALI0D22088g
YALI0F10076g,YALI0D23155g
YALI0F10076g,YALI0E06237g
YALI0F10076g,YALI0E12353g
YALI0F10076g,YALI0E14124g
YALI0F10076g,YALI0E24805g
YALI0F10076g,YALI0E30371g
YALI0F10076g,YALI0F08877g
YALI0F10076g,YALI0F17556g
YALI0F10076g,YALI0F17600g
YALI0F10076g,YALI0F18150g
YALI0F10076g,YALI0F24365g
YALI0F10076g,YALI0F29183g
YALI0F18150g,YALI0A03003g
YALI0F18150g,YALI0A13541g
YALI0F18150g,YALI0B08074g
YALI0F18150g,YALI0B09075g
YALI0F18150g,YALI0B11000g
YALI0F18150g,YALI0B16742g
YALI0F18150g,YALI0B20086g
YALI0F18150g,YALI0B22594g
YALI0F18150g,YALI0C07887g
YALI0F18150g,YALI0C14036g
YALI0F18150g,YALI0C16478g
YALI0F18150g,YALI0C18227g
YALI0F18150g,YALI0C21109g
YALI0F18150g,YALI0D01804g
YALI0F18150g,YALI0D10065g
YALI0F18150g,YALI0D21934g
YALI0F18150g,YALI0D22088g
YALI0F18150g,YALI0D23155g
YALI0F18150g,YALI0D24629g
YALI0F18150g,YALI0E06237g
YALI0F18150g,YALI0E09691g
YALI0F18150g,YALI0E12353g
YALI0F18150g,YALI0E14124g
YALI0F18150g,YALI0E14641g
YALI0F18150g,YALI0E20493g
YALI0F18150g,YALI0E23760g
YALI0F18150g,YALI0E24805g
YALI0F18150g,YALI0F06732g
YALI0F18150g,YALI0F08877g
YALI0F18150g,YALI0F09768g
YALI0F18150g,YALI0F17600g
YALI0F18150g,YALI0F24365g
YALI0F18150g,YALI0F29183g
YALI0A03003g,YALI0A13541g
YALI0A03003g,YALI0B09075g
YALI0A03003g,YALI0B11000g
YALI0A03003g,YALI0B16742g
YALI0A03003g,YALI0B20086g
YALI0A03003g,YALI0B22594g
YALI0A03003g,YALI0C14036g
YALI0A03003g,YALI0C16478g
YALI0A03003g,YALI0D01804g
YALI0A03003g,YALI0D08448g
YALI0A03003g,YALI0D10065g
YALI0A03003g,YALI0D11572g
YALI0A03003g,YALI0D21934g
YALI0A03003g,YALI0D23155g
YALI0A03003g,YALI0E12353g
YALI0A03003g,YALI0E14124g
YALI0A03003g,YALI0E14641g
YALI0A03003g,YALI0E20493g
YALI0A03003g,YALI0E23760g
YALI0A03003g,YALI0E24805g
YALI0A03003g,YALI0F09768g
YALI0A03003g,YALI0F17600g
YALI0A03003g,YALI0F22935g
YALI0A03003g,YALI0F24365g
YALI0A13541g,YALI0B08074g
YALI0A13541g,YALI0B09075g
YALI0A13541g,YALI0B11000g
YALI0A13541g,YALI0B16742g
YALI0A13541g,YALI0B20086g
YALI0A13541g,YALI0B22594g
YALI0A13541g,YALI0C07887g
YALI0A13541g,YALI0C14036g
YALI0A13541g,YALI0C16478g
YALI0A13541g,YALI0D01804g
YALI0A13541g,YALI0D07326g
YALI0A13541g,YALI0D08448g
YALI0A13541g,YALI0D11572g
YALI0A13541g,YALI0D21934g
YALI0A13541g,YALI0D22088g
YALI0A13541g,YALI0D23155g
YALI0A13541g,YALI0E12353g
YALI0A13541g,YALI0E14124g
YALI0A13541g,YALI0E14641g
YALI0A13541g,YALI0E20493g
YALI0A13541g,YALI0E23760g
YALI0A13541g,YALI0E24805g
YALI0A13541g,YALI0E29139g
YALI0A13541g,YALI0F10725g
YALI0A13541g,YALI0F17600g
YALI0A13541g,YALI0F22935g
YALI0A13541g,YALI0F24365g
YALI0B09075g,YALI0B08074g
YALI0B09075g,YALI0B20086g
YALI0B09075g,YALI0C14036g
YALI0B09075g,YALI0C16478g
YALI0B09075g,YALI0D01804g
YALI0B09075g,YALI0D10065g
YALI0B09075g,YALI0D21934g
YALI0B09075g,YALI0D23155g
YALI0B09075g,YALI0E12353g
YALI0B09075g,YALI0E14124g
YALI0B09075g,YALI0E14641g
YALI0B09075g,YALI0E17919g
YALI0B09075g,YALI0E20493g
YALI0B09075g,YALI0E23760g
YALI0B09075g,YALI0E24805g
YALI0B09075g,YALI0F06732g
YALI0B09075g,YALI0F08877g
YALI0B09075g,YALI0F09768g
YALI0B09075g,YALI0F17600g
YALI0B09075g,YALI0F19800g
YALI0B09075g,YALI0F22935g
YALI0B09075g,YALI0F24365g
YALI0B09075g,YALI0F29183g
YALI0B11000g,YALI0B16742g
YALI0B11000g,YALI0B17732g
YALI0B11000g,YALI0B20086g
YALI0B11000g,YALI0B22594g
YALI0B11000g,YALI0C07887g
YALI0B11000g,YALI0C14036g
YALI0B11000g,YALI0C16478g
YALI0B11000g,YALI0C21109g
YALI0B11000g,YALI0D01804g
YALI0B11000g,YALI0D07326g
YALI0B11000g,YALI0D08448g
YALI0B11000g,YALI0D21626g
YALI0B11000g,YALI0D21934g
YALI0B11000g,YALI0D24970g
YALI0B11000g,YALI0E12353g
YALI0B11000g,YALI0E20493g
YALI0B11000g,YALI0E23760g
YALI0B11000g,YALI0F05500g
YALI0B11000g,YALI0F08877g
YALI0B11000g,YALI0F10725g
YALI0B11000g,YALI0F17600g
YALI0B11000g,YALI0F20878g
YALI0B11000g,YALI0F22935g
YALI0B11000g,YALI0F24365g
YALI0B16742g,YALI0B08074g
YALI0B16742g,YALI0B17732g
YALI0B16742g,YALI0B20086g
YALI0B16742g,YALI0B22594g
YALI0B16742g,YALI0C07887g
YALI0B16742g,YALI0C14036g
YALI0B16742g,YALI0C16478g
YALI0B16742g,YALI0C21109g
YALI0B16742g,YALI0D01804g
YALI0B16742g,YALI0D04697g
YALI0B16742g,YALI0D07326g
YALI0B16742g,YALI0D08448g
YALI0B16742g,YALI0D11572g
YALI0B16742g,YALI0D21626g
YALI0B16742g,YALI0D21934g
YALI0B16742g,YALI0D23155g
YALI0B16742g,YALI0E14124g
YALI0B16742g,YALI0E15136g
YALI0B16742g,YALI0E20493g
YALI0B16742g,YALI0E23760g
YALI0B16742g,YALI0E24805g
YALI0B16742g,YALI0E29139g
YALI0B16742g,YALI0F08877g
YALI0B16742g,YALI0F10725g
YALI0B16742g,YALI0F17600g
YALI0B16742g,YALI0F22935g
YALI0B16742g,YALI0F24365g
YALI0B20086g,YALI0A06501g
YALI0B20086g,YALI0B08074g
YALI0B20086g,YALI0C07887g
YALI0B20086g,YALI0C14036g
YALI0B20086g,YALI0C16478g
YALI0B20086g,YALI0C18227g
YALI0B20086g,YALI0C21109g
YALI0B20086g,YALI0D01804g
YALI0B20086g,YALI0D07326g
YALI0B20086g,YALI0D08448g
YALI0B20086g,YALI0D10065g
YALI0B20086g,YALI0D12771g
YALI0B20086g,YALI0D21934g
YALI0B20086g,YALI0D22088g
YALI0B20086g,YALI0D23155g
YALI0B20086g,YALI0E09691g
YALI0B20086g,YALI0E12353g
YALI0B20086g,YALI0E14124g
YALI0B20086g,YALI0E14641g
YALI0B20086g,YALI0E17919g
YALI0B20086g,YALI0E20493g
YALI0B20086g,YALI0E23760g
YALI0B20086g,YALI0E24805g
YALI0B20086g,YALI0E29139g
YALI0B20086g,YALI0F06732g
YALI0B20086g,YALI0F08877g
YALI0B20086g,YALI0F10725g
YALI0B20086g,YALI0F17600g
YALI0B20086g,YALI0F24365g
YALI0B20086g,YALI0F29183g
YALI0B22594g,YALI0C02871g
YALI0B22594g,YALI0C14036g
YALI0B22594g,YALI0C16478g
YALI0B22594g,YALI0D01804g
YALI0B22594g,YALI0D05533g
YALI0B22594g,YALI0D07326g
YALI0B22594g,YALI0D11990g
YALI0B22594g,YALI0D12474g
YALI0B22594g,YALI0D12793g
YALI0B22594g,YALI0D21934g
YALI0B22594g,YALI0E14124g
YALI0B22594g,YALI0E15136g
YALI0B22594g,YALI0E20493g
YALI0B22594g,YALI0E21065g
YALI0B22594g,YALI0E24805g
YALI0B22594g,YALI0E29139g
YALI0B22594g,YALI0F17600g
YALI0B22594g,YALI0F22935g
YALI0B22594g,YALI0F23727g
YALI0B22594g,YALI0F24365g
YALI0C14036g,YALI0B08074g
YALI0C14036g,YALI0C16478g
YALI0C14036g,YALI0C21109g
YALI0C14036g,YALI0D01804g
YALI0C14036g,YALI0D07326g
YALI0C14036g,YALI0D08448g
YALI0C14036g,YALI0D15774g
YALI0C14036g,YALI0D21934g
YALI0C14036g,YALI0E12353g
YALI0C14036g,YALI0E14124g
YALI0C14036g,YALI0E20493g
YALI0C14036g,YALI0E23760g
YALI0C14036g,YALI0E24805g
YALI0C14036g,YALI0E29139g
YALI0C14036g,YALI0F05500g
YALI0C14036g,YALI0F08877g
YALI0C14036g,YALI0F10725g
YALI0C14036g,YALI0F17600g
YALI0C14036g,YALI0F22935g
YALI0C14036g,YALI0F24365g
YALI0C16478g,YALI0A06501g
YALI0C16478g,YALI0B08074g
YALI0C16478g,YALI0C07887g
YALI0C16478g,YALI0C18227g
YALI0C16478g,YALI0C21109g
YALI0C16478g,YALI0D01804g
YALI0C16478g,YALI0D07326g
YALI0C16478g,YALI0D08448g
YALI0C16478g,YALI0D12771g
YALI0C16478g,YALI0D21934g
YALI0C16478g,YALI0D22088g
YALI0C16478g,YALI0D23155g
YALI0C16478g,YALI0D24629g
YALI0C16478g,YALI0E06237g
YALI0C16478g,YALI0E09691g
YALI0C16478g,YALI0E12353g
YALI0C16478g,YALI0E14124g
YALI0C16478g,YALI0E14641g
YALI0C16478g,YALI0E20493g
YALI0C16478g,YALI0E23760g
YALI0C16478g,YALI0E24805g
YALI0C16478g,YALI0E30371g
YALI0C16478g,YALI0F08877g
YALI0C16478g,YALI0F10725g
YALI0C16478g,YALI0F17600g
YALI0C16478g,YALI0F24365g
YALI0D01804g,YALI0B08074g
YALI0D01804g,YALI0C07887g
YALI0D01804g,YALI0D07326g
YALI0D01804g,YALI0D08448g
YALI0D01804g,YALI0D10065g
YALI0D01804g,YALI0D21934g
YALI0D01804g,YALI0D23155g
YALI0D01804g,YALI0E09691g
YALI0D01804g,YALI0E12353g
YALI0D01804g,YALI0E14124g
YALI0D01804g,YALI0E20493g
YALI0D01804g,YALI0E23760g
YALI0D01804g,YALI0E24805g
YALI0D01804g,YALI0E29139g
YALI0D01804g,YALI0F05500g
YALI0D01804g,YALI0F08877g
YALI0D01804g,YALI0F09768g
YALI0D01804g,YALI0F17600g
YALI0D01804g,YALI0F22935g
YALI0D01804g,YALI0F24365g
YALI0D01804g,YALI0F29183g
YALI0D08448g,YALI0B17732g
YALI0D08448g,YALI0C07887g
YALI0D08448g,YALI0D07326g
YALI0D08448g,YALI0D21934g
YALI0D08448g,YALI0D23155g
YALI0D08448g,YALI0E20493g
YALI0D08448g,YALI0E23760g
YALI0D08448g,YALI0F10725g
YALI0D08448g,YALI0F17600g
YALI0D08448g,YALI0F22935g
YALI0D08448g,YALI0F24365g
YALI0D10065g,YALI0C07887g
YALI0D10065g,YALI0D12683g
YALI0D10065g,YALI0D21934g
YALI0D10065g,YALI0E09691g
YALI0D10065g,YALI0E12353g
YALI0D10065g,YALI0E14124g
YALI0D10065g,YALI0E14641g
YALI0D10065g,YALI0F05500g
YALI0D10065g,YALI0F09768g
YALI0D10065g,YALI0F17600g
YALI0D10065g,YALI0F22935g
YALI0D10065g,YALI0F29183g
YALI0D11572g,YALI0A14388g
YALI0D11572g,YALI0B17732g
YALI0D11572g,YALI0B22836g
YALI0D11572g,YALI0C23771g
YALI0D11572g,YALI0D05533g
YALI0D11572g,YALI0D21934g
YALI0D11572g,YALI0F22935g
YALI0D11572g,YALI0F31559g
YALI0D21934g,YALI0B17732g
YALI0D21934g,YALI0C02871g
YALI0D21934g,YALI0C07887g
YALI0D21934g,YALI0C21109g
YALI0D21934g,YALI0D05533g
YALI0D21934g,YALI0D07326g
YALI0D21934g,YALI0D23155g
YALI0D21934g,YALI0E12353g
YALI0D21934g,YALI0E14124g
YALI0D21934g,YALI0E15136g
YALI0D21934g,YALI0E20493g
YALI0D21934g,YALI0E23760g
YALI0D21934g,YALI0E24805g
YALI0D21934g,YALI0E29139g
YALI0D21934g,YALI0F05500g
YALI0D21934g,YALI0F10725g
YALI0D21934g,YALI0F17600g
YALI0D21934g,YALI0F22935g
YALI0D21934g,YALI0F23727g
YALI0D21934g,YALI0F24365g
YALI0D23155g,YALI0A06501g
YALI0D23155g,YALI0B08074g
YALI0D23155g,YALI0D07326g
YALI0D23155g,YALI0D12771g
YALI0D23155g,YALI0D14850g
YALI0D23155g,YALI0D22088g
YALI0D23155g,YALI0E14124g
YALI0D23155g,YALI0E14641g
YALI0D23155g,YALI0E20493g
YALI0D23155g,YALI0E23760g
YALI0D23155g,YALI0E24805g
YALI0D23155g,YALI0E30371g
YALI0D23155g,YALI0F10725g
YALI0D23155g,YALI0F17556g
YALI0D23155g,YALI0F17600g
YALI0D23155g,YALI0F22935g
YALI0D23155g,YALI0F24365g
YALI0D23155g,YALI0F32021g
YALI0E12353g,YALI0E06237g
YALI0E12353g,YALI0E09691g
YALI0E12353g,YALI0E14124g
YALI0E12353g,YALI0E14641g
YALI0E12353g,YALI0E20493g
YALI0E12353g,YALI0E24805g
YALI0E12353g,YALI0F08877g
YALI0E12353g,YALI0F09768g
YALI0E12353g,YALI0F17600g
YALI0E12353g,YALI0F22935g
YALI0E12353g,YALI0F24365g
YALI0E12353g,YALI0F29183g
YALI0E12353g,YALI0F29931g
YALI0E14124g,YALI0B08074g
YALI0E14124g,YALI0D12771g
YALI0E14124g,YALI0D22088g
YALI0E14124g,YALI0E14641g
YALI0E14124g,YALI0E17919g
YALI0E14124g,YALI0E20493g
YALI0E14124g,YALI0E23760g
YALI0E14124g,YALI0E24805g
YALI0E14124g,YALI0F09768g
YALI0E14124g,YALI0F17600g
YALI0E14124g,YALI0F22935g
YALI0E14124g,YALI0F24365g
YALI0E14124g,YALI0F29183g
YALI0E14641g,YALI0D00715g
YALI0E14641g,YALI0E24805g
YALI0E14641g,YALI0F17600g
YALI0E14641g,YALI0F29183g
YALI0E20493g,YALI0B08074g
YALI0E20493g,YALI0C02871g
YALI0E20493g,YALI0C07887g
YALI0E20493g,YALI0C21109g
YALI0E20493g,YALI0D07326g
YALI0E20493g,YALI0D22088g
YALI0E20493g,YALI0E23760g
YALI0E20493g,YALI0E24805g
YALI0E20493g,YALI0E29139g
YALI0E20493g,YALI0F10725g
YALI0E20493g,YALI0F17600g
YALI0E20493g,YALI0F22935g
YALI0E20493g,YALI0F23727g
YALI0E20493g,YALI0F24365g
YALI0E23760g,YALI0A06501g
YALI0E23760g,YALI0B08074g
YALI0E23760g,YALI0C07887g
YALI0E23760g,YALI0C18227g
YALI0E23760g,YALI0C21109g
YALI0E23760g,YALI0D07326g
YALI0E23760g,YALI0D12771g
YALI0E23760g,YALI0D15774g
YALI0E23760g,YALI0D22088g
YALI0E23760g,YALI0D24629g
YALI0E23760g,YALI0E24805g
YALI0E23760g,YALI0E29139g
YALI0E23760g,YALI0E30371g
YALI0E23760g,YALI0F08877g
YALI0E23760g,YALI0F10725g
YALI0E23760g,YALI0F17600g
YALI0E23760g,YALI0F24365g
YALI0E24805g,YALI0A06501g
YALI0E24805g,YALI0B08074g
YALI0E24805g,YALI0C18227g
YALI0E24805g,YALI0D07326g
YALI0E24805g,YALI0D12771g
YALI0E24805g,YALI0D22088g
YALI0E24805g,YALI0E17919g
YALI0E24805g,YALI0F10725g
YALI0E24805g,YALI0F17556g
YALI0E24805g,YALI0F17600g
YALI0E24805g,YALI0F24365g
YALI0E24805g,YALI0F29183g
YALI0F17600g,YALI0A06501g
YALI0F17600g,YALI0B08074g
YALI0F17600g,YALI0C07887g
YALI0F17600g,YALI0C18227g
YALI0F17600g,YALI0C21109g
YALI0F17600g,YALI0D07326g
YALI0F17600g,YALI0D12771g
YALI0F17600g,YALI0D15774g
YALI0F17600g,YALI0D22088g
YALI0F17600g,YALI0E09691g
YALI0F17600g,YALI0E17919g
YALI0F17600g,YALI0E29139g
YALI0F17600g,YALI0F06732g
YALI0F17600g,YALI0F08877g
YALI0F17600g,YALI0F10725g
YALI0F17600g,YALI0F24365g
YALI0F17600g,YALI0F29183g
YALI0F22935g,YALI0C02871g
YALI0F22935g,YALI0D05533g
YALI0F22935g,YALI0D11990g
YALI0F22935g,YALI0D12793g
YALI0F22935g,YALI0E29139g
YALI0F22935g,YALI0F08503g
YALI0F22935g,YALI0F23727g
YALI0F22935g,YALI0F24365g
YALI0F24365g,YALI0A06501g
YALI0F24365g,YALI0B08074g
YALI0F24365g,YALI0C07887g
YALI0F24365g,YALI0C18227g
YALI0F24365g,YALI0C21109g
YALI0F24365g,YALI0D07326g
YALI0F24365g,YALI0D12771g
YALI0F24365g,YALI0D22088g
YALI0F24365g,YALI0E06237g
YALI0F24365g,YALI0F08877g
YALI0F24365g,YALI0F10725g
YALI0F24365g,YALI0F29183g
YALI0A03509g,YALI0B16896g
YALI0A03509g,YALI0F07755g
YALI0B16896g,YALI0C08052g
YALI0B16896g,YALI0D17116g
YALI0B16896g,YALI0E00902g
YALI0B16896g,YALI0F07755g
YALI0F07755g,YALI0C10135g
YALI0A08151g,YALI0B14905g
YALI0A08151g,YALI0D01782g
YALI0A08151g,YALI0E00770g
YALI0A08151g,YALI0E01628g
YALI0A08151g,YALI0E10439g
YALI0A08151g,YALI0E34287g
YALI0A08151g,YALI0F13101g
YALI0C00693g,YALI0A12067g
YALI0C00693g,YALI0B18326g
YALI0C00693g,YALI0C08052g
YALI0C00693g,YALI0C12881g
YALI0C00693g,YALI0D01782g
YALI0C00693g,YALI0E00770g
YALI0C00693g,YALI0E04785g
YALI0C00693g,YALI0E10439g
YALI0C00693g,YALI0E27676g
YALI0C00693g,YALI0F05082g
YALI0C00693g,YALI0F13101g
YALI0C08052g,YALI0A05555g
YALI0C08052g,YALI0A12067g
YALI0C08052g,YALI0A17941g
YALI0C08052g,YALI0B09119g
YALI0C08052g,YALI0B18326g
YALI0C08052g,YALI0C12881g
YALI0C08052g,YALI0C13882g
YALI0C08052g,YALI0D01782g
YALI0C08052g,YALI0D05489g
YALI0C08052g,YALI0D17116g
YALI0C08052g,YALI0E00770g
YALI0C08052g,YALI0E01628g
YALI0C08052g,YALI0E03366g
YALI0C08052g,YALI0E04785g
YALI0C08052g,YALI0E10109g
YALI0C08052g,YALI0E10439g
YALI0C08052g,YALI0E16280g
YALI0C08052g,YALI0E23947g
YALI0C08052g,YALI0E27676g
YALI0C08052g,YALI0E34287g
YALI0C08052g,YALI0F05302g
YALI0C08052g,YALI0F09856g
YALI0C08052g,YALI0F14377g
YALI0C08052g,YALI0F20196g
YALI0C08052g,YALI0F25047g
YALI0C13882g,YALI0A05555g
YALI0C13882g,YALI0B18326g
YALI0C13882g,YALI0D01782g
YALI0C13882g,YALI0E01628g
YALI0C13882g,YALI0E04785g
YALI0C13882g,YALI0E10439g
YALI0C13882g,YALI0E23947g
YALI0C13882g,YALI0F09856g
YALI0C13882g,YALI0F14377g
YALI0D01782g,YALI0A12067g
YALI0D01782g,YALI0E00770g
YALI0D01782g,YALI0E01628g
YALI0D01782g,YALI0E04785g
YALI0D01782g,YALI0E10439g
YALI0D01782g,YALI0E23947g
YALI0D01782g,YALI0E27676g
YALI0D01782g,YALI0E34287g
YALI0D01782g,YALI0F09856g
YALI0D01782g,YALI0F13101g
YALI0E00770g,YALI0A05555g
YALI0E00770g,YALI0A12067g
YALI0E00770g,YALI0B18326g
YALI0E00770g,YALI0C12881g
YALI0E00770g,YALI0E01628g
YALI0E00770g,YALI0E04785g
YALI0E00770g,YALI0E05797g
YALI0E00770g,YALI0E10439g
YALI0E00770g,YALI0E23947g
YALI0E00770g,YALI0E34287g
YALI0E00770g,YALI0F09856g
YALI0E00770g,YALI0F13101g
YALI0E00770g,YALI0F18216g
YALI0E01628g,YALI0A05555g
YALI0E01628g,YALI0A12067g
YALI0E01628g,YALI0B18326g
YALI0E01628g,YALI0D17116g
YALI0E01628g,YALI0E04785g
YALI0E01628g,YALI0E10439g
YALI0E01628g,YALI0E23947g
YALI0E01628g,YALI0E27676g
YALI0E01628g,YALI0F09856g
YALI0E01628g,YALI0F13101g
YALI0E01628g,YALI0F14377g
YALI0E04785g,YALI0A05555g
YALI0E04785g,YALI0A12067g
YALI0E04785g,YALI0A17941g
YALI0E04785g,YALI0B09119g
YALI0E04785g,YALI0B18326g
YALI0E04785g,YALI0C12881g
YALI0E04785g,YALI0D05489g
YALI0E04785g,YALI0D19118g
YALI0E04785g,YALI0E10439g
YALI0E04785g,YALI0E23947g
YALI0E04785g,YALI0E27676g
YALI0E04785g,YALI0E34287g
YALI0E04785g,YALI0F05082g
YALI0E04785g,YALI0F14377g
YALI0E04785g,YALI0F25047g
YALI0E05797g,YALI0A12067g
YALI0E05797g,YALI0E23386g
YALI0E05797g,YALI0E27676g
YALI0E05797g,YALI0F09856g
YALI0E05797g,YALI0F13101g
YALI0E10439g,YALI0A05555g
YALI0E10439g,YALI0A12067g
YALI0E10439g,YALI0B09119g
YALI0E10439g,YALI0B14905g
YALI0E10439g,YALI0B18326g
YALI0E10439g,YALI0C12881g
YALI0E10439g,YALI0E10109g
YALI0E10439g,YALI0E16280g
YALI0E10439g,YALI0E23947g
YALI0E10439g,YALI0E34287g
YALI0E10439g,YALI0F05082g
YALI0E10439g,YALI0F09856g
YALI0E10439g,YALI0F13101g
YALI0E27676g,YALI0A12067g
YALI0E27676g,YALI0D17116g
YALI0E27676g,YALI0E23947g
YALI0E27676g,YALI0F01991g
YALI0E27676g,YALI0F13101g
YALI0E27676g,YALI0F25047g
YALI0F01991g,YALI0F13101g
YALI0F09856g,YALI0A12067g
YALI0F09856g,YALI0A15400g
YALI0F09856g,YALI0B18326g
YALI0F09856g,YALI0D17116g
YALI0F09856g,YALI0E10109g
YALI0F09856g,YALI0E23947g
YALI0F13101g,YALI0C12881g
YALI0F14377g,YALI0A05555g
YALI0F14377g,YALI0B12628g
YALI0F14377g,YALI0E34287g
YALI0A03817g,YALI0D07326g
YALI0A03817g,YALI0E01760g
YALI0A03817g,YALI0E11011g
YALI0D07326g,YALI0B08074g
YALI0D07326g,YALI0C07887g
YALI0D07326g,YALI0C21109g
YALI0D07326g,YALI0D05071g
YALI0D07326g,YALI0D15774g
YALI0D07326g,YALI0D22088g
YALI0D07326g,YALI0E15136g
YALI0D07326g,YALI0F10725g
YALI0E01760g,YALI0A14388g
YALI0E01760g,YALI0B21978g
YALI0E01760g,YALI0C02871g
YALI0E01760g,YALI0D05533g
YALI0E01760g,YALI0D11990g
YALI0E01760g,YALI0D15686g
YALI0E01760g,YALI0E34353g
YALI0E01760g,YALI0E34540g
YALI0E01760g,YALI0F06259g
YALI0E01760g,YALI0F08503g
YALI0E01760g,YALI0F15147g
YALI0E01760g,YALI0F24651g
YALI0E01760g,YALI0F25069g
YALI0E01760g,YALI0F27995g
YALI0E11011g,YALI0C02893g
YALI0E11011g,YALI0C16731g
YALI0E11011g,YALI0D24519g
YALI0E11011g,YALI0E03344g
YALI0E11011g,YALI0E34540g
YALI0E11011g,YALI0F17226g
YALI0E11011g,YALI0F26675g
YALI0B09119g,YALI0A12067g
YALI0B09119g,YALI0B18326g
YALI0B09119g,YALI0B18546g
YALI0B09119g,YALI0D05489g
YALI0B09119g,YALI0E10109g
YALI0B09119g,YALI0E16280g
YALI0B09119g,YALI0E23947g
YALI0B09119g,YALI0F05082g
YALI0B12628g,YALI0A10310g
YALI0B12628g,YALI0A17941g
YALI0B12628g,YALI0D17600g
YALI0B12628g,YALI0E09284g
YALI0B12628g,YALI0F10945g
YALI0B12628g,YALI0F20196g
YALI0D17116g,YALI0E23947g
YALI0D17600g,YALI0D05489g
YALI0D17600g,YALI0E25630g
YALI0E16280g,YALI0E10109g
YALI0E16280g,YALI0E23947g
YALI0E16280g,YALI0F05082g
YALI0E23947g,YALI0A05555g
YALI0E23947g,YALI0A17941g
YALI0E23947g,YALI0D05489g
YALI0E23947g,YALI0E10109g
YALI0E23947g,YALI0E34287g
YALI0E23947g,YALI0F25047g
YALI0F05082g,YALI0A12067g
YALI0F05082g,YALI0B18546g
YALI0E30217g,YALI0B15642g
YALI0E30217g,YALI0B18238g
YALI0E30217g,YALI0C16951g
YALI0E30217g,YALI0E07425g
YALI0E30217g,YALI0F13783g
YALI0C06732g,YALI0C09119g
YALI0C06732g,YALI0C21978g
YALI0B05918g,YALI0C18557g
YALI0B05918g,YALI0E00484g
YALI0B05918g,YALI0E16148g
YALI0B05918g,YALI0E21065g
YALI0B05918g,YALI0F24387g
YALI0B05918g,YALI0F32021g
YALI0B09471g,YALI0A06765g
YALI0B09471g,YALI0B02574g
YALI0B09471g,YALI0C09350g
YALI0B09471g,YALI0C11803g
YALI0B09471g,YALI0D21208g
YALI0B09471g,YALI0D24519g
YALI0B09471g,YALI0E16148g
YALI0B09471g,YALI0F10054g
YALI0C09350g,YALI0D24519g
YALI0D24519g,YALI0B02574g
YALI0D24519g,YALI0C09801g
YALI0D24519g,YALI0C15048g
YALI0D24519g,YALI0C16731g
YALI0D24519g,YALI0D24992g
YALI0D24519g,YALI0E02002g
YALI0D24519g,YALI0F02299g
YALI0D24519g,YALI0F17226g
YALI0D24519g,YALI0F22363g
YALI0E16148g,YALI0C11803g
YALI0E16148g,YALI0F10054g
YALI0F10054g,YALI0D12793g
YALI0F10054g,YALI0E05863g
YALI0B18326g,YALI0A12067g
YALI0B18326g,YALI0C12881g
YALI0B18326g,YALI0E03366g
YALI0B18326g,YALI0E10109g
YALI0B18326g,YALI0E23386g
YALI0B18326g,YALI0E30019g
YALI0A13057g,YALI0B15642g
YALI0A13057g,YALI0D11990g
YALI0A13057g,YALI0E06941g
YALI0A13057g,YALI0F04884g
YALI0A13057g,YALI0F23727g
YALI0E06941g,YALI0A06611g
YALI0E06941g,YALI0B11066g
YALI0E06941g,YALI0D11990g
YALI0E06941g,YALI0E28644g
YALI0E06941g,YALI0F04884g
YALI0E06941g,YALI0F25069g
YALI0A05555g,YALI0B14905g
YALI0A05555g,YALI0C12881g
YALI0A05555g,YALI0E34287g
YALI0B14905g,YALI0D19624g
YALI0B14905g,YALI0E34287g
YALI0C12881g,YALI0A12067g
YALI0C12881g,YALI0B18546g
YALI0C12881g,YALI0E34287g
YALI0E34287g,YALI0F18216g
YALI0A06501g,YALI0B08074g
YALI0A06501g,YALI0C18227g
YALI0A06501g,YALI0C21109g
YALI0A06501g,YALI0D12771g
YALI0A06501g,YALI0D22088g
YALI0A06501g,YALI0D24629g
YALI0A06501g,YALI0E06237g
YALI0A06501g,YALI0E30371g
YALI0A06501g,YALI0F10725g
YALI0A06501g,YALI0F17556g
YALI0B08074g,YALI0C18227g
YALI0B08074g,YALI0C21109g
YALI0B08074g,YALI0D12771g
YALI0B08074g,YALI0D22088g
YALI0B08074g,YALI0E17919g
YALI0B08074g,YALI0E30371g
YALI0B08074g,YALI0F10725g
YALI0B08074g,YALI0F17556g
YALI0C18227g,YALI0C21109g
YALI0C18227g,YALI0D12771g
YALI0C18227g,YALI0D22088g
YALI0C18227g,YALI0D24629g
YALI0C18227g,YALI0E30371g
YALI0C18227g,YALI0F08877g
YALI0C18227g,YALI0F10725g
YALI0C21109g,YALI0C07887g
YALI0C21109g,YALI0D15774g
YALI0C21109g,YALI0D21626g
YALI0C21109g,YALI0D24629g
YALI0C21109g,YALI0E30371g
YALI0C21109g,YALI0F08877g
YALI0C21109g,YALI0F10725g
YALI0D12771g,YALI0D22088g
YALI0D12771g,YALI0D24629g
YALI0D12771g,YALI0E17919g
YALI0D12771g,YALI0E30371g
YALI0D12771g,YALI0F17556g
YALI0D22088g,YALI0D05071g
YALI0D22088g,YALI0D14850g
YALI0D22088g,YALI0E30371g
YALI0D22088g,YALI0F10725g
YALI0D22088g,YALI0F17556g
YALI0D24629g,YALI0D15774g
YALI0D24629g,YALI0E30371g
YALI0D24629g,YALI0E31766g
YALI0D24629g,YALI0F08877g
YALI0D24629g,YALI0F10725g
YALI0E06237g,YALI0E30371g
YALI0E06237g,YALI0F08877g
YALI0E30371g,YALI0F10725g
YALI0E30371g,YALI0F17556g
YALI0F10725g,YALI0C07887g
YALI0F10725g,YALI0D15774g
YALI0A06611g,YALI0B11066g
YALI0A06611g,YALI0C16643g
YALI0A06611g,YALI0E28644g
YALI0A06611g,YALI0F04884g
YALI0A06611g,YALI0F13783g
YALI0A06611g,YALI0F25069g
YALI0B11066g,YALI0C16643g
YALI0B11066g,YALI0E28644g
YALI0B11066g,YALI0F04884g
YALI0B11066g,YALI0F25069g
YALI0C16643g,YALI0E28644g
YALI0E28644g,YALI0E33377g
YALI0E28644g,YALI0F04884g
YALI0E28644g,YALI0F15147g
YALI0E28644g,YALI0F25069g
YALI0F04884g,YALI0B21978g
YALI0F04884g,YALI0C22506g
YALI0F04884g,YALI0D11990g
YALI0F04884g,YALI0F15147g
YALI0F04884g,YALI0F25069g
YALI0F13783g,YALI0C16951g
YALI0F13783g,YALI0E26873g
YALI0F25069g,YALI0A14388g
YALI0F25069g,YALI0B21978g
YALI0F25069g,YALI0D11990g
YALI0F25069g,YALI0E34353g
YALI0F25069g,YALI0E34540g
YALI0F25069g,YALI0F06259g
YALI0F25069g,YALI0F15147g
YALI0F25069g,YALI0F24651g
YALI0F25069g,YALI0F27995g
YALI0F25069g,YALI0F31559g
YALI0A06633g,YALI0B23496g
YALI0A06633g,YALI0F07689g
YALI0A06633g,YALI0F11253g
YALI0A06633g,YALI0F11583g
YALI0B23496g,YALI0A10615g
YALI0B23496g,YALI0A21351g
YALI0B23496g,YALI0B06138g
YALI0B23496g,YALI0C05104g
YALI0B23496g,YALI0C15741g
YALI0B23496g,YALI0C20977g
YALI0B23496g,YALI0E12001g
YALI0F07689g,YALI0A10615g
YALI0F07689g,YALI0B02574g
YALI0F07689g,YALI0B06138g
YALI0F07689g,YALI0C15048g
YALI0F07689g,YALI0C15741g
YALI0F07689g,YALI0D21208g
YALI0F07689g,YALI0D24992g
YALI0F07689g,YALI0E05863g
YALI0F07689g,YALI0E12001g
YALI0F07689g,YALI0E34221g
YALI0F07689g,YALI0F10659g
YALI0F07689g,YALI0F11253g
YALI0F11253g,YALI0A10615g
YALI0F11253g,YALI0B06138g
YALI0F11253g,YALI0B09427g
YALI0F11253g,YALI0C05104g
YALI0F11253g,YALI0C15048g
YALI0F11253g,YALI0E12001g
YALI0F11253g,YALI0F10659g
YALI0F11583g,YALI0B09427g
YALI0A06765g,YALI0C11803g
YALI0A06765g,YALI0C12980g
YALI0A06765g,YALI0D21208g
YALI0A06765g,YALI0E10791g
YALI0C11803g,YALI0D20020g
YALI0C11803g,YALI0D21208g
YALI0C11803g,YALI0E05863g
YALI0C11803g,YALI0F07975g
YALI0D21208g,YALI0D24992g
YALI0D21208g,YALI0E05863g
YALI0D21208g,YALI0F07975g
YALI0E10791g,YALI0B02574g
YALI0A07799g,YALI0F31559g
YALI0F31559g,YALI0C23771g
YALI0F31559g,YALI0D15686g
YALI0F31559g,YALI0F31097g
YALI0C10780g,YALI0C05038g
YALI0C10780g,YALI0C18557g
YALI0C10780g,YALI0D05533g
YALI0C10780g,YALI0E05181g
YALI0C10780g,YALI0E34540g
YALI0C10780g,YALI0F02299g
YALI0C10780g,YALI0F15147g
YALI0C10780g,YALI0F21615g
YALI0C16731g,YALI0D05533g
YALI0C16731g,YALI0E05181g
YALI0C16731g,YALI0E34540g
YALI0C18557g,YALI0D05533g
YALI0C18557g,YALI0E05181g
YALI0C18557g,YALI0E21065g
YALI0C18557g,YALI0F02299g
YALI0D05533g,YALI0A14388g
YALI0D05533g,YALI0C02871g
YALI0D05533g,YALI0D11990g
YALI0D05533g,YALI0E05181g
YALI0D05533g,YALI0E21065g
YALI0D05533g,YALI0E29139g
YALI0D05533g,YALI0E34540g
YALI0D05533g,YALI0F02299g
YALI0D05533g,YALI0F08503g
YALI0D05533g,YALI0F23727g
YALI0E05181g,YALI0E34540g
YALI0E05181g,YALI0F02299g
YALI0E29139g,YALI0E24343g
YALI0E29139g,YALI0F23727g
YALI0F02299g,YALI0C15048g
YALI0F23727g,YALI0D11990g
YALI0B20658g,YALI0E06215g
YALI0D24970g,YALI0B02222g
YALI0D24970g,YALI0C07887g
YALI0D24970g,YALI0E06215g
YALI0D24970g,YALI0F05500g
YALI0E06215g,YALI0B02222g
YALI0E06215g,YALI0B17732g
YALI0E06215g,YALI0C07887g
YALI0E06215g,YALI0F05500g
YALI0E06215g,YALI0F16071g
YALI0A10615g,YALI0A21263g
YALI0A10615g,YALI0B02574g
YALI0A10615g,YALI0B09427g
YALI0A10615g,YALI0C03828g
YALI0A10615g,YALI0C05104g
YALI0A10615g,YALI0C07612g
YALI0A10615g,YALI0C15048g
YALI0A10615g,YALI0D24992g
YALI0A10615g,YALI0E04114g
YALI0A10615g,YALI0E10065g
YALI0A10615g,YALI0E12001g
YALI0A10615g,YALI0E34221g
YALI0A10615g,YALI0E34815g
YALI0A10615g,YALI0F10659g
YALI0C03828g,YALI0C05104g
YALI0C03828g,YALI0D03333g
YALI0C03828g,YALI0D15026g
YALI0C03828g,YALI0E04114g
YALI0C03828g,YALI0F10659g
YALI0C05104g,YALI0B06138g
YALI0C05104g,YALI0C22924g
YALI0C05104g,YALI0D04884g
YALI0C05104g,YALI0E04114g
YALI0C05104g,YALI0F10659g
YALI0D03333g,YALI0C22924g
YALI0D03333g,YALI0E04114g
YALI0E04114g,YALI0C22924g
YALI0E04114g,YALI0E34815g
YALI0E04114g,YALI0F10659g
YALI0E34815g,YALI0B09427g
YALI0E34815g,YALI0B21978g
YALI0E34815g,YALI0C05038g
YALI0E34815g,YALI0C07612g
YALI0E34815g,YALI0C22924g
YALI0E34815g,YALI0F05698g
YALI0E34815g,YALI0F15147g
YALI0E34815g,YALI0F21615g
YALI0F10659g,YALI0E12001g
YALI0F10659g,YALI0E34221g
YALI0E17919g,YALI0A17314g
YALI0E17919g,YALI0B06006g
YALI0E17919g,YALI0D12837g
YALI0E17919g,YALI0F06732g
YALI0E17919g,YALI0F19800g
YALI0E17919g,YALI0F29183g
YALI0D15818g,YALI0E19052g
YALI0E03366g,YALI0E10461g
YALI0E03366g,YALI0F22055g
YALI0E10109g,YALI0A12067g
YALI0A10310g,YALI0C01969g
YALI0A10310g,YALI0F20196g
YALI0C01969g,YALI0F20196g
YALI0F20196g,YALI0A17941g
YALI0F20196g,YALI0F25047g
YALI0A21263g,YALI0C15048g
YALI0A21263g,YALI0E12001g
YALI0B02574g,YALI0C07612g
YALI0B02574g,YALI0D24992g
YALI0B02574g,YALI0E10065g
YALI0B02574g,YALI0E32483g
YALI0B09427g,YALI0C07436g
YALI0B09427g,YALI0C15048g
YALI0B09427g,YALI0F05698g
YALI0B09427g,YALI0F21615g
YALI0C07612g,YALI0D24992g
YALI0C07612g,YALI0E10065g
YALI0C07612g,YALI0E32483g
YALI0C07612g,YALI0F07975g
YALI0C07612g,YALI0F27995g
YALI0C15048g,YALI0B21978g
YALI0C15048g,YALI0D24992g
YALI0C15048g,YALI0E02002g
YALI0C15048g,YALI0E05863g
YALI0C15048g,YALI0F15147g
YALI0D24992g,YALI0C17347g
YALI0D24992g,YALI0E02002g
YALI0D24992g,YALI0E10065g
YALI0D24992g,YALI0E12001g
YALI0D24992g,YALI0F17226g
YALI0D24992g,YALI0F22363g
YALI0E10065g,YALI0C17391g
YALI0E10065g,YALI0E32483g
YALI0E10065g,YALI0F22363g
YALI0E12001g,YALI0B06138g
YALI0E12001g,YALI0C15741g
YALI0E12001g,YALI0E05863g
YALI0E12001g,YALI0F19228g
YALI0F00330g,YALI0B01694g
YALI0F00330g,YALI0C00297g
YALI0F00330g,YALI0D15026g
YALI0C22924g,YALI0B08338g
YALI0A17941g,YALI0D05489g
YALI0A17941g,YALI0F05302g
YALI0A12353g,YALI0C14344g
YALI0B15642g,YALI0E01738g
YALI0D11990g,YALI0B21978g
YALI0D11990g,YALI0C02871g
YALI0D11990g,YALI0E34540g
YALI0D11990g,YALI0F06270g
YALI0D11990g,YALI0F08503g
YALI0D11990g,YALI0F15147g
YALI0D11990g,YALI0F24651g
YALI0D11990g,YALI0F27995g
YALI0C07887g,YALI0B17732g
YALI0C07887g,YALI0E09691g
YALI0C07887g,YALI0F05500g
YALI0C07887g,YALI0F08877g
YALI0A14388g,YALI0B00264g
YALI0A14388g,YALI0B21978g
YALI0A14388g,YALI0B22836g
YALI0A14388g,YALI0E34540g
YALI0A14388g,YALI0F06259g
YALI0A14388g,YALI0F15147g
YALI0A14388g,YALI0F24651g
YALI0A14388g,YALI0F27995g
YALI0B00264g,YALI0F06259g
YALI0B00264g,YALI0F08833g
YALI0B00264g,YALI0F17226g
YALI0B00264g,YALI0F22363g
YALI0B21978g,YALI0E34540g
YALI0B21978g,YALI0F06259g
YALI0B21978g,YALI0F08503g
YALI0B21978g,YALI0F08833g
YALI0B21978g,YALI0F15147g
YALI0B21978g,YALI0F27995g
YALI0B22836g,YALI0B17732g
YALI0B22836g,YALI0C23771g
YALI0E34540g,YALI0C02871g
YALI0E34540g,YALI0F06259g
YALI0E34540g,YALI0F08503g
YALI0E34540g,YALI0F15147g
YALI0E34540g,YALI0F27995g
YALI0F06259g,YALI0D15686g
YALI0F06259g,YALI0E32483g
YALI0F06259g,YALI0F15147g
YALI0F06259g,YALI0F22363g
YALI0F06259g,YALI0F27995g
YALI0F15147g,YALI0C05038g
YALI0F15147g,YALI0F08503g
YALI0F15147g,YALI0F08833g
YALI0F15147g,YALI0F21615g
YALI0F15147g,YALI0F27995g
YALI0F24651g,YALI0E34353g
YALI0F27995g,YALI0E02002g
YALI0F27995g,YALI0E34353g
YALI0F27995g,YALI0F08503g
YALI0F27995g,YALI0F08833g
YALI0F27995g,YALI0F21615g
YALI0A16868g,YALI0F31548g
YALI0A17314g,YALI0C08459g
YALI0A17314g,YALI0F06732g
YALI0A17314g,YALI0F19800g
YALI0C08459g,YALI0F19800g
YALI0F06732g,YALI0D05489g
YALI0F06732g,YALI0D12837g
YALI0F06732g,YALI0E09691g
YALI0F06732g,YALI0F08877g
YALI0F06732g,YALI0F19800g
YALI0F06732g,YALI0F29183g
YALI0F19800g,YALI0F29183g
YALI0D05489g,YALI0F08877g
YALI0F25047g,YALI0D19118g
YALI0A20273g,YALI0B03102g
YALI0F32021g,YALI0D12793g
YALI0F32021g,YALI0E04939g
YALI0F32021g,YALI0E21065g
YALI0F32021g,YALI0F24387g
YALI0B22132g,YALI0B06754g
YALI0B22132g,YALI0D10681g
YALI0B22132g,YALI0E20801g
YALI0B22132g,YALI0E33407g
YALI0D10681g,YALI0B06754g
YALI0D10681g,YALI0E20801g
YALI0D10681g,YALI0E33407g
YALI0E33407g,YALI0C17391g
YALI0E33407g,YALI0E34881g
YALI0A21351g,YALI0C20977g
YALI0F08833g,YALI0D15686g
YALI0F08833g,YALI0E34353g
YALI0F17226g,YALI0C02893g
YALI0F17226g,YALI0C09801g
YALI0F17226g,YALI0F22363g
YALI0F22363g,YALI0B10274g
YALI0F22363g,YALI0C09801g
YALI0B01298g,YALI0B01342g
YALI0B01342g,YALI0B08690g
YALI0B02222g,YALI0E15686g
YALI0B02222g,YALI0F05500g
YALI0B02222g,YALI0F16071g
YALI0B02222g,YALI0F20878g
YALI0B02222g,YALI0F25223g
YALI0E15686g,YALI0F16071g
YALI0F05500g,YALI0D10989g
YALI0F16071g,YALI0D16929g
YALI0F25223g,YALI0F24981g
YALI0C18263g,YALI0F19228g
YALI0E19745g,YALI0E20801g
YALI0C15741g,YALI0B06138g
YALI0C15741g,YALI0D04224g
YALI0E21065g,YALI0C02871g
YALI0E21065g,YALI0D12793g
YALI0E21065g,YALI0E04939g
YALI0E21065g,YALI0F24387g
YALI0B06710g,YALI0C05907g
YALI0B06710g,YALI0C21912g
YALI0C05907g,YALI0D10234g
YALI0C05907g,YALI0D24101g
YALI0C21912g,YALI0D10234g
YALI0C21912g,YALI0D24101g
YALI0C21912g,YALI0F00462g
YALI0B07689g,YALI0C10135g
YALI0B08338g,YALI0D04268g
YALI0F08877g,YALI0E09691g
YALI0F08877g,YALI0F29183g
YALI0F05698g,YALI0C05038g
YALI0F05698g,YALI0E01144g
YALI0F05698g,YALI0F21615g
YALI0F05698g,YALI0F22495g
YALI0F21615g,YALI0C05038g
YALI0C16797g,YALI0E03410g
YALI0C16797g,YALI0F10857g
YALI0C16797g,YALI0F32065g
YALI0C18425g,YALI0D12793g
YALI0D12793g,YALI0C02871g
YALI0D12793g,YALI0F08503g
YALI0B10274g,YALI0C22528g
YALI0B10274g,YALI0E34881g
YALI0C22528g,YALI0E34881g
YALI0E34881g,YALI0E15268g
YALI0B17732g,YALI0D21626g
YALI0D15026g,YALI0C00297g
YALI0E09284g,YALI0F14729g
YALI0F10945g,YALI0C14806g
YALI0F10945g,YALI0D23397g
YALI0F10945g,YALI0F14729g
YALI0F00462g,YALI0D24101g
YALI0E01738g,YALI0E15532g
YALI0E15136g,YALI0C02871g
YALI0E15136g,YALI0D14432g
YALI0B18298g,YALI0F17820g
YALI0F22055g,YALI0E15532g
YALI0D19338g,YALI0D02695g
YALI0D19338g,YALI0D15664g
YALI0F08503g,YALI0C00165g
YALI0F08503g,YALI0C02871g
YALI0F08503g,YALI0C24013g
YALI0F08503g,YALI0E34353g
YALI0C00297g,YALI0F19492g
YALI0D15664g,YALI0D24101g
YALI0D24101g,YALI0D10234g
YALI0D20020g,YALI0C24013g
YALI0C14806g,YALI0D23397g
YALI0D23397g,YALI0D09361g
YALI0D23397g,YALI0D11374g
YALI0D23397g,YALI0D15752g
YALI0E03410g,YALI0C16995g
YALI0E03410g,YALI0F32065g
YALI0F32065g,YALI0C16995g
YALI0F32065g,YALI0F15037g
YALI0F10857g,YALI0E16016g
YALI0C16995g,YALI0F15037g
YALI0F19228g,YALI0F13849g
YALI0F22495g,YALI0E01144g
YALI0C22506g,YALI0D12683g
YALI0C22506g,YALI0E34353g
YALI0F05918g,YALI0E08448g
YALI0D09361g,YALI0D15752g
YALI0D09361g,YALI0E05555g
YALI0D15752g,YALI0D11374g
YALI0E08448g,YALI0E10461g
