YALI0E05819g,YALI0C02981g
YALI0E05819g,YALI0C10311g
YALI0E05819g,YALI0C16929g
YALI0E05819g,YALI0C17237g
YALI0E05819g,YALI0C22836g
YALI0E05819g,YALI0D00495g
YALI0E05819g,YALI0D03245g
YALI0E05819g,YALI0D06149g
YALI0E05819g,YALI0D15664g
YALI0E05819g,YALI0E00308g
YALI0E05819g,YALI0E03476g
YALI0E05819g,YALI0E03938g
YALI0E05819g,YALI0E19294g
YALI0E05819g,YALI0F16918g
YALI0E05819g,YALI0F20174g
YALI0E05819g,YALI0F30437g
YALI0C10901g,YALI0B13882g
YALI0C10901g,YALI0B18348g
YALI0C10901g,YALI0B19624g
YALI0C10901g,YALI0C06460g
YALI0C10901g,YALI0D04158g
YALI0C10901g,YALI0D13112g
YALI0C10901g,YALI0E20449g
YALI0C10901g,YALI0E22220g
YALI0C10901g,YALI0E34852g
YALI0C10901g,YALI0F20570g
YALI0C10901g,YALI0F26499g
YALI0E03190g,YALI0B11440g
YALI0E03190g,YALI0E32307g
YALI0E03190g,YALI0F14795g
YALI0F15631g,YALI0A09900g
YALI0F15631g,YALI0A10274g
YALI0F15631g,YALI0A10549g
YALI0F15631g,YALI0A11143g
YALI0F15631g,YALI0A21010g
YALI0F15631g,YALI0B10516g
YALI0F15631g,YALI0B14399g
YALI0F15631g,YALI0B17380g
YALI0F15631g,YALI0C02937g
YALI0F15631g,YALI0C07414g
YALI0F15631g,YALI0C08305g
YALI0F15631g,YALI0C21043g
YALI0F15631g,YALI0C21087g
YALI0F15631g,YALI0C23188g
YALI0F15631g,YALI0D00583g
YALI0F15631g,YALI0D04378g
YALI0F15631g,YALI0D04488g
YALI0F15631g,YALI0D06545g
YALI0F15631g,YALI0D07480g
YALI0F15631g,YALI0D07568g
YALI0F15631g,YALI0D11066g
YALI0F15631g,YALI0D11814g
YALI0F15631g,YALI0D12400g
YALI0F15631g,YALI0D23331g
YALI0F15631g,YALI0D25454g
YALI0F15631g,YALI0E04224g
YALI0F15631g,YALI0E08617g
YALI0F15631g,YALI0E10857g
YALI0F15631g,YALI0E11355g
YALI0F15631g,YALI0E29579g
YALI0F15631g,YALI0E31288g
YALI0F15631g,YALI0E32813g
YALI0F15631g,YALI0E34687g
YALI0F15631g,YALI0F05214g
YALI0F15631g,YALI0F11671g
YALI0F15631g,YALI0F14267g
YALI0F15631g,YALI0F16489g
YALI0F15631g,YALI0F17314g
YALI0F15631g,YALI0F18502g
YALI0A20570g,YALI0D00154g
YALI0A20570g,YALI0D06149g
YALI0A20570g,YALI0E03476g
YALI0B10516g,YALI0A00891g
YALI0B10516g,YALI0A03025g
YALI0B10516g,YALI0A09900g
YALI0B10516g,YALI0A10549g
YALI0B10516g,YALI0A11143g
YALI0B10516g,YALI0B02728g
YALI0B10516g,YALI0B14399g
YALI0B10516g,YALI0B17380g
YALI0B10516g,YALI0B21406g
YALI0B10516g,YALI0B21662g
YALI0B10516g,YALI0C02937g
YALI0B10516g,YALI0C20625g
YALI0B10516g,YALI0C21043g
YALI0B10516g,YALI0D00385g
YALI0B10516g,YALI0D00583g
YALI0B10516g,YALI0D04378g
YALI0B10516g,YALI0D05291g
YALI0B10516g,YALI0D07084g
YALI0B10516g,YALI0D07634g
YALI0B10516g,YALI0D12400g
YALI0B10516g,YALI0D16423g
YALI0B10516g,YALI0D16753g
YALI0B10516g,YALI0D16797g
YALI0B10516g,YALI0D22110g
YALI0B10516g,YALI0D23331g
YALI0B10516g,YALI0D25454g
YALI0B10516g,YALI0E01870g
YALI0B10516g,YALI0E03014g
YALI0B10516g,YALI0E08617g
YALI0B10516g,YALI0E15125g
YALI0B10516g,YALI0E16170g
YALI0B10516g,YALI0E21604g
YALI0B10516g,YALI0E27346g
YALI0B10516g,YALI0E29579g
YALI0B10516g,YALI0E32813g
YALI0B10516g,YALI0E34687g
YALI0B10516g,YALI0F00836g
YALI0B10516g,YALI0F05720g
YALI0B10516g,YALI0F08195g
YALI0B10516g,YALI0F11671g
YALI0B10516g,YALI0F16181g
YALI0B10516g,YALI0F17314g
YALI0B10516g,YALI0F18502g
YALI0B10516g,YALI0F22209g
YALI0F31119g,YALI0A08536g
YALI0F31119g,YALI0A09900g
YALI0F31119g,YALI0D22110g
YALI0F31119g,YALI0F21681g
YALI0B05346g,YALI0A19426g
YALI0A19470g,YALI0D08272g
YALI0A19470g,YALI0B08118g
YALI0A19470g,YALI0B08272g
YALI0A19470g,YALI0B13948g
YALI0A19470g,YALI0B14102g
YALI0A19470g,YALI0B15125g
YALI0A19470g,YALI0C23903g
YALI0A19470g,YALI0D00385g
YALI0A19470g,YALI0D13442g
YALI0A19470g,YALI0D16423g
YALI0A19470g,YALI0E01870g
YALI0A19470g,YALI0E05599g
YALI0A19470g,YALI0E33649g
YALI0A19470g,YALI0E34170g
YALI0A19470g,YALI0F22209g
YALI0B02838g,YALI0B03762g
YALI0B02838g,YALI0E14575g
YALI0F11891g,YALI0E13706g
YALI0F11891g,YALI0E21912g
YALI0E16555g,YALI0B21406g
YALI0E16555g,YALI0C20625g
YALI0E16555g,YALI0D05291g
YALI0E16555g,YALI0D07634g
YALI0E16555g,YALI0D12400g
YALI0E16555g,YALI0D16423g
YALI0E16555g,YALI0D23331g
YALI0E16555g,YALI0E21604g
YALI0E16555g,YALI0E26004g
YALI0E16555g,YALI0F16181g
YALI0E16555g,YALI0F22209g
YALI0E10307g,YALI0E03014g
YALI0E10307g,YALI0E10857g
YALI0E10307g,YALI0E31288g
YALI0E10307g,YALI0F13541g
YALI0E10307g,YALI0F15389g
YALI0E10307g,YALI0F17314g
YALI0A20592g,YALI0A09284g
YALI0A20592g,YALI0F00264g
YALI0B02332g,YALI0A15257g
YALI0B02332g,YALI0B21406g
YALI0B02332g,YALI0C08305g
YALI0B02332g,YALI0C21043g
YALI0B02332g,YALI0C21087g
YALI0B02332g,YALI0D00583g
YALI0B02332g,YALI0D12400g
YALI0B02332g,YALI0D12584g
YALI0B02332g,YALI0D20680g
YALI0B02332g,YALI0E08617g
YALI0B02332g,YALI0E27346g
YALI0B02332g,YALI0E32813g
YALI0B02332g,YALI0F08195g
YALI0D15664g,YALI0C02981g
YALI0D15664g,YALI0C10311g
YALI0D15664g,YALI0C16929g
YALI0D15664g,YALI0C22836g
YALI0D15664g,YALI0D00495g
YALI0D15664g,YALI0D19338g
YALI0D15664g,YALI0D24101g
YALI0D15664g,YALI0E00308g
YALI0D15664g,YALI0E03476g
YALI0D15664g,YALI0E03938g
YALI0D15664g,YALI0F16918g
YALI0D15664g,YALI0F30437g
YALI0C23364g,YALI0A08536g
YALI0C23364g,YALI0A20922g
YALI0C23364g,YALI0B03960g
YALI0C23364g,YALI0B19668g
YALI0C23364g,YALI0D06545g
YALI0C23364g,YALI0D11066g
YALI0C23364g,YALI0E05929g
YALI0C23364g,YALI0E15081g
YALI0C23364g,YALI0E26983g
YALI0C23364g,YALI0E33473g
YALI0E34199g,YALI0E20449g
YALI0E34199g,YALI0E24211g
YALI0E34199g,YALI0E32241g
YALI0D11264g,YALI0D25190g
YALI0E17765g,YALI0A10549g
YALI0E17765g,YALI0B03960g
YALI0E17765g,YALI0C02937g
YALI0E17765g,YALI0C11583g
YALI0E17765g,YALI0C21087g
YALI0E17765g,YALI0D06281g
YALI0E17765g,YALI0D06545g
YALI0E17765g,YALI0D11066g
YALI0E17765g,YALI0D11814g
YALI0E17765g,YALI0D25454g
YALI0E17765g,YALI0E05929g
YALI0E17765g,YALI0E16170g
YALI0E17765g,YALI0E17655g
YALI0E17765g,YALI0E28721g
YALI0E17765g,YALI0E29579g
YALI0E17765g,YALI0E31288g
YALI0E17765g,YALI0E32542g
YALI0E17765g,YALI0F13541g
YALI0E17765g,YALI0F18898g
YALI0E17765g,YALI0F30701g
YALI0F14949g,YALI0F06754g
YALI0D11814g,YALI0A02497g
YALI0D11814g,YALI0A21010g
YALI0D11814g,YALI0B03960g
YALI0D11814g,YALI0B14399g
YALI0D11814g,YALI0C02937g
YALI0D11814g,YALI0D04378g
YALI0D11814g,YALI0E03014g
YALI0D11814g,YALI0E31288g
YALI0D11814g,YALI0E34687g
YALI0D11814g,YALI0F05214g
YALI0D11814g,YALI0F13541g
YALI0D11814g,YALI0F17314g
YALI0F02189g,YALI0B03960g
YALI0F02189g,YALI0E12441g
YALI0F02189g,YALI0F14795g
YALI0F02189g,YALI0F30701g
YALI0D17930g,YALI0F23221g
YALI0B00814g,YALI0F23353g
YALI0D13442g,YALI0D08272g
YALI0D13442g,YALI0A19206g
YALI0D13442g,YALI0B08118g
YALI0D13442g,YALI0B13156g
YALI0D13442g,YALI0D00385g
YALI0D13442g,YALI0D27192g
YALI0D13442g,YALI0E01870g
YALI0D13442g,YALI0E05599g
YALI0D13442g,YALI0E33253g
YALI0D13442g,YALI0E33649g
YALI0D13442g,YALI0E34170g
YALI0E19965g,YALI0B16126g
YALI0E19965g,YALI0F02046g
YALI0D23331g,YALI0A00891g
YALI0D23331g,YALI0A03025g
YALI0D23331g,YALI0A09900g
YALI0D23331g,YALI0B02728g
YALI0D23331g,YALI0B07007g
YALI0D23331g,YALI0B14399g
YALI0D23331g,YALI0B17380g
YALI0D23331g,YALI0B20416g
YALI0D23331g,YALI0B21406g
YALI0D23331g,YALI0C00561g
YALI0D23331g,YALI0C02937g
YALI0D23331g,YALI0C20625g
YALI0D23331g,YALI0C21043g
YALI0D23331g,YALI0D04378g
YALI0D23331g,YALI0D05291g
YALI0D23331g,YALI0D07084g
YALI0D23331g,YALI0D07568g
YALI0D23331g,YALI0D07634g
YALI0D23331g,YALI0D12400g
YALI0D23331g,YALI0D16423g
YALI0D23331g,YALI0D16797g
YALI0D23331g,YALI0D25256g
YALI0D23331g,YALI0E01870g
YALI0D23331g,YALI0E03014g
YALI0D23331g,YALI0E10857g
YALI0D23331g,YALI0E21604g
YALI0D23331g,YALI0E34170g
YALI0D23331g,YALI0E34687g
YALI0D23331g,YALI0F05214g
YALI0D23331g,YALI0F05720g
YALI0D23331g,YALI0F15389g
YALI0D23331g,YALI0F16181g
YALI0D23331g,YALI0F17314g
YALI0D23331g,YALI0F18502g
YALI0D23331g,YALI0F20592g
YALI0D23331g,YALI0F22209g
YALI0D23331g,YALI0F29689g
YALI0A10549g,YALI0A09900g
YALI0A10549g,YALI0A11143g
YALI0A10549g,YALI0A17600g
YALI0A10549g,YALI0B03564g
YALI0A10549g,YALI0B17380g
YALI0A10549g,YALI0C02937g
YALI0A10549g,YALI0C21043g
YALI0A10549g,YALI0D00583g
YALI0A10549g,YALI0D04378g
YALI0A10549g,YALI0D05291g
YALI0A10549g,YALI0D06545g
YALI0A10549g,YALI0D12400g
YALI0A10549g,YALI0D22110g
YALI0A10549g,YALI0D25454g
YALI0A10549g,YALI0E01870g
YALI0A10549g,YALI0E08617g
YALI0A10549g,YALI0E10857g
YALI0A10549g,YALI0E11355g
YALI0A10549g,YALI0E16170g
YALI0A10549g,YALI0E21604g
YALI0A10549g,YALI0E29579g
YALI0A10549g,YALI0E31288g
YALI0A10549g,YALI0E31471g
YALI0A10549g,YALI0E32542g
YALI0A10549g,YALI0E32813g
YALI0F30701g,YALI0A10274g
YALI0F30701g,YALI0A17600g
YALI0F30701g,YALI0B03960g
YALI0F30701g,YALI0B13156g
YALI0F30701g,YALI0C02937g
YALI0F30701g,YALI0C23947g
YALI0F30701g,YALI0D01606g
YALI0F30701g,YALI0D06545g
YALI0F30701g,YALI0D11066g
YALI0F30701g,YALI0D25454g
YALI0F30701g,YALI0E05929g
YALI0F30701g,YALI0E12441g
YALI0F30701g,YALI0E15125g
YALI0F30701g,YALI0E16995g
YALI0F30701g,YALI0E17655g
YALI0F30701g,YALI0E21912g
YALI0F30701g,YALI0E31288g
YALI0F30701g,YALI0F14795g
YALI0F30701g,YALI0F24475g
YALI0F04213g,YALI0C11341g
YALI0F04213g,YALI0C21186g
YALI0F04213g,YALI0E22781g
YALI0F04213g,YALI0F05016g
YALI0F04213g,YALI0F15169g
YALI0A07403g,YALI0E04378g
YALI0A07403g,YALI0E32307g
YALI0E33473g,YALI0A09086g
YALI0E33473g,YALI0A20922g
YALI0E33473g,YALI0B13882g
YALI0E33473g,YALI0B19052g
YALI0E33473g,YALI0B19668g
YALI0E33473g,YALI0C04774g
YALI0E33473g,YALI0C06490g
YALI0E33473g,YALI0C06864g
YALI0E33473g,YALI0C17941g
YALI0E33473g,YALI0C21087g
YALI0E33473g,YALI0D04158g
YALI0E33473g,YALI0D06281g
YALI0E33473g,YALI0D06545g
YALI0E33473g,YALI0D07480g
YALI0E33473g,YALI0D08844g
YALI0E33473g,YALI0D10835g
YALI0E33473g,YALI0D13112g
YALI0E33473g,YALI0D20680g
YALI0E33473g,YALI0D27148g
YALI0E33473g,YALI0E05929g
YALI0E33473g,YALI0E06347g
YALI0E33473g,YALI0E15081g
YALI0E33473g,YALI0E22220g
YALI0E33473g,YALI0E34852g
YALI0E33473g,YALI0F15169g
YALI0E33473g,YALI0F26499g
YALI0A00847g,YALI0C12595g
YALI0D05797g,YALI0E07073g
YALI0D06545g,YALI0A08536g
YALI0D06545g,YALI0A11143g
YALI0D06545g,YALI0B03960g
YALI0D06545g,YALI0B19668g
YALI0D06545g,YALI0C02937g
YALI0D06545g,YALI0C21087g
YALI0D06545g,YALI0D00583g
YALI0D06545g,YALI0D06281g
YALI0D06545g,YALI0D07480g
YALI0D06545g,YALI0D08844g
YALI0D06545g,YALI0D11066g
YALI0D06545g,YALI0D22110g
YALI0D06545g,YALI0D25454g
YALI0D06545g,YALI0D27148g
YALI0D06545g,YALI0E05929g
YALI0D06545g,YALI0E08617g
YALI0D06545g,YALI0E11355g
YALI0D06545g,YALI0E15081g
YALI0D06545g,YALI0E31471g
YALI0D06545g,YALI0E32542g
YALI0D06545g,YALI0E32813g
YALI0D06545g,YALI0F14795g
YALI0D06545g,YALI0F18898g
YALI0D20680g,YALI0A17919g
YALI0D20680g,YALI0B19052g
YALI0D20680g,YALI0B19668g
YALI0D20680g,YALI0C04774g
YALI0D20680g,YALI0C06490g
YALI0D20680g,YALI0C11341g
YALI0D20680g,YALI0C12661g
YALI0D20680g,YALI0C21087g
YALI0D20680g,YALI0D06281g
YALI0D20680g,YALI0D07480g
YALI0D20680g,YALI0D08844g
YALI0D20680g,YALI0D12584g
YALI0D20680g,YALI0D27302g
YALI0D20680g,YALI0E15081g
YALI0D20680g,YALI0E24673g
YALI0D20680g,YALI0E27346g
YALI0D20680g,YALI0F15169g
YALI0C20911g,YALI0B09229g
YALI0C20911g,YALI0D24321g
YALI0C20911g,YALI0F07711g
YALI0D09427g,YALI0A17281g
YALI0D09427g,YALI0B00924g
YALI0D09427g,YALI0D05863g
YALI0D09427g,YALI0D09889g
YALI0D09427g,YALI0D12386g
YALI0D04158g,YALI0A17919g
YALI0D04158g,YALI0B13882g
YALI0D04158g,YALI0B18348g
YALI0D04158g,YALI0B19052g
YALI0D04158g,YALI0B19668g
YALI0D04158g,YALI0C04774g
YALI0D04158g,YALI0D13112g
YALI0D04158g,YALI0D27148g
YALI0D04158g,YALI0E24673g
YALI0D04158g,YALI0F20570g
YALI0D04158g,YALI0F26499g
YALI0C07414g,YALI0A11143g
YALI0C07414g,YALI0A21010g
YALI0C07414g,YALI0B09229g
YALI0C07414g,YALI0B16126g
YALI0C07414g,YALI0B23100g
YALI0C07414g,YALI0C02937g
YALI0C07414g,YALI0C06369g
YALI0C07414g,YALI0C08305g
YALI0C07414g,YALI0C13926g
YALI0C07414g,YALI0C21087g
YALI0C07414g,YALI0C22088g
YALI0C07414g,YALI0C23188g
YALI0C07414g,YALI0D00583g
YALI0C07414g,YALI0D03597g
YALI0C07414g,YALI0D07480g
YALI0C07414g,YALI0D07568g
YALI0C07414g,YALI0D12400g
YALI0C07414g,YALI0D25256g
YALI0C07414g,YALI0D27148g
YALI0C07414g,YALI0E04224g
YALI0C07414g,YALI0E08617g
YALI0C07414g,YALI0E11355g
YALI0C07414g,YALI0E14190g
YALI0C07414g,YALI0E28787g
YALI0C07414g,YALI0F05214g
YALI0C07414g,YALI0F14267g
YALI0C07414g,YALI0F16489g
YALI0C07414g,YALI0F20592g
YALI0C21043g,YALI0A09900g
YALI0C21043g,YALI0A11143g
YALI0C21043g,YALI0B02728g
YALI0C21043g,YALI0B14399g
YALI0C21043g,YALI0B17380g
YALI0C21043g,YALI0B21406g
YALI0C21043g,YALI0C02937g
YALI0C21043g,YALI0C08305g
YALI0C21043g,YALI0C20625g
YALI0C21043g,YALI0D00583g
YALI0C21043g,YALI0D04378g
YALI0C21043g,YALI0D07084g
YALI0C21043g,YALI0D11330g
YALI0C21043g,YALI0D12400g
YALI0C21043g,YALI0D25454g
YALI0C21043g,YALI0E04224g
YALI0C21043g,YALI0E08617g
YALI0C21043g,YALI0E15125g
YALI0C21043g,YALI0E21604g
YALI0C21043g,YALI0E27346g
YALI0C21043g,YALI0E32813g
YALI0C21043g,YALI0F08195g
YALI0C21043g,YALI0F11671g
YALI0C21043g,YALI0F18502g
YALI0A19888g,YALI0B14102g
YALI0A19888g,YALI0F18590g
YALI0B14509g,YALI0A11143g
YALI0B14509g,YALI0B19052g
YALI0B14509g,YALI0C12661g
YALI0B14509g,YALI0D12584g
YALI0B14509g,YALI0D22110g
YALI0B14509g,YALI0E08617g
YALI0B14509g,YALI0E27346g
YALI0B14509g,YALI0E29579g
YALI0D13596g,YALI0D22847g
YALI0D13596g,YALI0F23221g
YALI0C23188g,YALI0A03597g
YALI0C23188g,YALI0E06633g
YALI0C23188g,YALI0E11355g
YALI0C23188g,YALI0E27511g
YALI0C23188g,YALI0F11935g
YALI0C23188g,YALI0F14267g
YALI0A21153g,YALI0D25256g
YALI0A21153g,YALI0F20592g
YALI0C06490g,YALI0A17919g
YALI0C06490g,YALI0B19052g
YALI0C06490g,YALI0C04774g
YALI0C06490g,YALI0C11341g
YALI0C06490g,YALI0C15400g
YALI0C06490g,YALI0D08514g
YALI0C06490g,YALI0D10835g
YALI0C06490g,YALI0D27302g
YALI0C06490g,YALI0E05489g
YALI0C06490g,YALI0E24673g
YALI0C06490g,YALI0F15169g
YALI0C06490g,YALI0F16665g
YALI0D25168g,YALI0C22088g
YALI0F13541g,YALI0B13156g
YALI0F13541g,YALI0B14399g
YALI0F13541g,YALI0C19624g
YALI0F13541g,YALI0C23947g
YALI0F13541g,YALI0D04378g
YALI0F13541g,YALI0E03014g
YALI0F13541g,YALI0E29579g
YALI0F13541g,YALI0E31288g
YALI0F13541g,YALI0F05214g
YALI0F13541g,YALI0F17314g
YALI0E03784g,YALI0D11330g
YALI0D05291g,YALI0A09900g
YALI0D05291g,YALI0A11143g
YALI0D05291g,YALI0B02728g
YALI0D05291g,YALI0B03564g
YALI0D05291g,YALI0B14102g
YALI0D05291g,YALI0B17380g
YALI0D05291g,YALI0B21406g
YALI0D05291g,YALI0C02937g
YALI0D05291g,YALI0C19195g
YALI0D05291g,YALI0D00385g
YALI0D05291g,YALI0D12400g
YALI0D05291g,YALI0D16753g
YALI0D05291g,YALI0D22110g
YALI0D05291g,YALI0E01870g
YALI0D05291g,YALI0E08617g
YALI0D05291g,YALI0E21604g
YALI0D05291g,YALI0E26004g
YALI0D05291g,YALI0E27346g
YALI0D05291g,YALI0E29579g
YALI0D05291g,YALI0E32813g
YALI0D05291g,YALI0F05720g
YALI0D05291g,YALI0F22209g
YALI0C05258g,YALI0F01452g
YALI0E13057g,YALI0E14949g
YALI0E13057g,YALI0F31075g
YALI0A04873g,YALI0D24816g
YALI0A04873g,YALI0E04598g
YALI0A04873g,YALI0E34441g
YALI0B09229g,YALI0D24321g
YALI0B09229g,YALI0E22781g
YALI0C21186g,YALI0A17919g
YALI0C21186g,YALI0E24673g
YALI0C21186g,YALI0E32241g
YALI0C21186g,YALI0F16665g
YALI0B14399g,YALI0A00891g
YALI0B14399g,YALI0A03025g
YALI0B14399g,YALI0B17380g
YALI0B14399g,YALI0B20416g
YALI0B14399g,YALI0C00561g
YALI0B14399g,YALI0C10230g
YALI0B14399g,YALI0D04378g
YALI0B14399g,YALI0D04488g
YALI0B14399g,YALI0D07084g
YALI0B14399g,YALI0D16797g
YALI0B14399g,YALI0D21582g
YALI0B14399g,YALI0E01870g
YALI0B14399g,YALI0E03014g
YALI0B14399g,YALI0E34687g
YALI0B14399g,YALI0F00836g
YALI0B14399g,YALI0F05214g
YALI0B14399g,YALI0F15389g
YALI0B14399g,YALI0F17314g
YALI0B14399g,YALI0F18502g
YALI0E03014g,YALI0A00891g
YALI0E03014g,YALI0A03025g
YALI0E03014g,YALI0A09900g
YALI0E03014g,YALI0B02728g
YALI0E03014g,YALI0B17380g
YALI0E03014g,YALI0B20416g
YALI0E03014g,YALI0C02937g
YALI0E03014g,YALI0C23947g
YALI0E03014g,YALI0D00385g
YALI0E03014g,YALI0D04378g
YALI0E03014g,YALI0D04488g
YALI0E03014g,YALI0D07084g
YALI0E03014g,YALI0D07634g
YALI0E03014g,YALI0D12400g
YALI0E03014g,YALI0D16423g
YALI0E03014g,YALI0D16797g
YALI0E03014g,YALI0D25256g
YALI0E03014g,YALI0D25454g
YALI0E03014g,YALI0E01870g
YALI0E03014g,YALI0E10857g
YALI0E03014g,YALI0E21604g
YALI0E03014g,YALI0E29579g
YALI0E03014g,YALI0E31288g
YALI0E03014g,YALI0E33253g
YALI0E03014g,YALI0E33649g
YALI0E03014g,YALI0E34170g
YALI0E03014g,YALI0E34687g
YALI0E03014g,YALI0F05214g
YALI0E03014g,YALI0F15389g
YALI0E03014g,YALI0F17314g
YALI0E03014g,YALI0F18502g
YALI0E03014g,YALI0F22209g
YALI0E29579g,YALI0A09900g
YALI0E29579g,YALI0A11143g
YALI0E29579g,YALI0B03960g
YALI0E29579g,YALI0B17380g
YALI0E29579g,YALI0B21662g
YALI0E29579g,YALI0C02937g
YALI0E29579g,YALI0D00385g
YALI0E29579g,YALI0D00583g
YALI0E29579g,YALI0D04378g
YALI0E29579g,YALI0D12400g
YALI0E29579g,YALI0D16797g
YALI0E29579g,YALI0D22110g
YALI0E29579g,YALI0D25454g
YALI0E29579g,YALI0E01870g
YALI0E29579g,YALI0E04224g
YALI0E29579g,YALI0E08617g
YALI0E29579g,YALI0E10857g
YALI0E29579g,YALI0E16170g
YALI0E29579g,YALI0E21604g
YALI0E29579g,YALI0E31288g
YALI0E29579g,YALI0E32542g
YALI0E29579g,YALI0E32813g
YALI0E29579g,YALI0F11671g
YALI0E29579g,YALI0F17314g
YALI0B14201g,YALI0B19052g
YALI0B14201g,YALI0C06460g
YALI0B14201g,YALI0C11583g
YALI0B14201g,YALI0D03597g
YALI0B14201g,YALI0D13112g
YALI0B14201g,YALI0D27148g
YALI0B14201g,YALI0E00792g
YALI0B14201g,YALI0E04092g
YALI0B14201g,YALI0E20449g
YALI0B14201g,YALI0E34067g
YALI0B14201g,YALI0F27027g
YALI0F05720g,YALI0A00891g
YALI0F05720g,YALI0A09900g
YALI0F05720g,YALI0B00924g
YALI0F05720g,YALI0B02728g
YALI0F05720g,YALI0B07007g
YALI0F05720g,YALI0B08118g
YALI0F05720g,YALI0B14102g
YALI0F05720g,YALI0B17380g
YALI0F05720g,YALI0B21406g
YALI0F05720g,YALI0C20625g
YALI0F05720g,YALI0D00385g
YALI0F05720g,YALI0D04378g
YALI0F05720g,YALI0D07084g
YALI0F05720g,YALI0D07634g
YALI0F05720g,YALI0D12400g
YALI0F05720g,YALI0D16423g
YALI0F05720g,YALI0E01870g
YALI0F05720g,YALI0E05599g
YALI0F05720g,YALI0E21604g
YALI0F05720g,YALI0E33649g
YALI0F05720g,YALI0E34170g
YALI0F05720g,YALI0F16181g
YALI0F05720g,YALI0F22209g
YALI0F05720g,YALI0F29689g
YALI0F15169g,YALI0A17919g
YALI0F15169g,YALI0B19052g
YALI0F15169g,YALI0B19668g
YALI0F15169g,YALI0C04774g
YALI0F15169g,YALI0C11341g
YALI0F15169g,YALI0C15400g
YALI0F15169g,YALI0D08514g
YALI0F15169g,YALI0D27302g
YALI0F15169g,YALI0E05489g
YALI0F15169g,YALI0E15081g
YALI0F15169g,YALI0E24673g
YALI0F15169g,YALI0F04532g
YALI0F15169g,YALI0F16665g
YALI0F15169g,YALI0F26499g
YALI0F16896g,YALI0C10311g
YALI0F16896g,YALI0C16929g
YALI0F16896g,YALI0D24101g
YALI0F16896g,YALI0E03938g
YALI0F16896g,YALI0F18964g
YALI0D03245g,YALI0B20328g
YALI0D03245g,YALI0B20526g
YALI0D03245g,YALI0C15939g
YALI0D03245g,YALI0D06149g
YALI0D03245g,YALI0E03476g
YALI0D03245g,YALI0F09185g
YALI0D03245g,YALI0F16918g
YALI0D04488g,YALI0D04983g
YALI0D04488g,YALI0D21582g
YALI0D04488g,YALI0D25190g
YALI0D04488g,YALI0E29205g
YALI0D04488g,YALI0E31288g
YALI0D04488g,YALI0E34687g
YALI0D04488g,YALI0F15389g
YALI0D04488g,YALI0F17314g
YALI0D04488g,YALI0F18502g
YALI0D06039g,YALI0B19756g
YALI0D06039g,YALI0C15939g
YALI0D06039g,YALI0E23430g
YALI0B20526g,YALI0C22836g
YALI0B20526g,YALI0D06149g
YALI0B20526g,YALI0E03476g
YALI0B20526g,YALI0E23430g
YALI0B20526g,YALI0F16918g
YALI0A03597g,YALI0B23100g
YALI0A03597g,YALI0E03960g
YALI0A03597g,YALI0E27005g
YALI0F25685g,YALI0D07304g
YALI0F25685g,YALI0F17820g
YALI0F29689g,YALI0B07007g
YALI0F29689g,YALI0B21406g
YALI0F29689g,YALI0C00561g
YALI0F29689g,YALI0C20625g
YALI0F29689g,YALI0D07084g
YALI0F29689g,YALI0D07634g
YALI0F29689g,YALI0F16181g
YALI0F11671g,YALI0A11143g
YALI0F11671g,YALI0B02728g
YALI0F11671g,YALI0B17380g
YALI0F11671g,YALI0C02937g
YALI0F11671g,YALI0E15125g
YALI0F11671g,YALI0E32813g
YALI0F11671g,YALI0F17314g
YALI0B15598g,YALI0B02728g
YALI0B15598g,YALI0B20240g
YALI0B15598g,YALI0D16423g
YALI0B15598g,YALI0E34170g
YALI0B15598g,YALI0F15389g
YALI0F14839g,YALI0F29843g
YALI0B14685g,YALI0F00462g
YALI0B21662g,YALI0A08536g
YALI0B21662g,YALI0A09900g
YALI0B21662g,YALI0B03960g
YALI0B21662g,YALI0C02937g
YALI0B21662g,YALI0D12400g
YALI0B21662g,YALI0E05929g
YALI0B21662g,YALI0E08617g
YALI0B21662g,YALI0E16995g
YALI0B21662g,YALI0F18502g
YALI0D00154g,YALI0D06149g
YALI0F15389g,YALI0A00891g
YALI0F15389g,YALI0A03025g
YALI0F15389g,YALI0B02728g
YALI0F15389g,YALI0B20240g
YALI0F15389g,YALI0C23947g
YALI0F15389g,YALI0D04378g
YALI0F15389g,YALI0D05995g
YALI0F15389g,YALI0D07084g
YALI0F15389g,YALI0E01870g
YALI0F15389g,YALI0E10857g
YALI0F15389g,YALI0E33253g
YALI0F15389g,YALI0E34170g
YALI0F15389g,YALI0E34687g
YALI0F15389g,YALI0F22605g
YALI0A08536g,YALI0C12661g
YALI0A08536g,YALI0D22110g
YALI0A08536g,YALI0E05929g
YALI0A08536g,YALI0E26983g
YALI0A08536g,YALI0E32813g
YALI0A09086g,YALI0B05962g
YALI0A09086g,YALI0B13882g
YALI0A09086g,YALI0B18744g
YALI0A09086g,YALI0B19668g
YALI0A09086g,YALI0C06864g
YALI0A09086g,YALI0C11583g
YALI0A09086g,YALI0C17941g
YALI0A09086g,YALI0E06347g
YALI0A09086g,YALI0E22220g
YALI0A09086g,YALI0E34852g
YALI0A09086g,YALI0F07128g
YALI0A09086g,YALI0F17578g
YALI0C21087g,YALI0A11143g
YALI0C21087g,YALI0B19668g
YALI0C21087g,YALI0B23100g
YALI0C21087g,YALI0C02937g
YALI0C21087g,YALI0C08305g
YALI0C21087g,YALI0D00583g
YALI0C21087g,YALI0D06281g
YALI0C21087g,YALI0D07480g
YALI0C21087g,YALI0D08844g
YALI0C21087g,YALI0D11066g
YALI0C21087g,YALI0D12400g
YALI0C21087g,YALI0D13112g
YALI0C21087g,YALI0D27148g
YALI0C21087g,YALI0E08617g
YALI0C21087g,YALI0E11355g
YALI0C21087g,YALI0E15081g
YALI0C21087g,YALI0E27346g
YALI0C21087g,YALI0F18898g
YALI0B21406g,YALI0B02728g
YALI0B21406g,YALI0B17380g
YALI0B21406g,YALI0C20625g
YALI0B21406g,YALI0D00583g
YALI0B21406g,YALI0D04378g
YALI0B21406g,YALI0D07634g
YALI0B21406g,YALI0D12400g
YALI0B21406g,YALI0E08617g
YALI0B21406g,YALI0E21604g
YALI0B21406g,YALI0E27346g
YALI0B21406g,YALI0E32813g
YALI0B21406g,YALI0F08195g
YALI0B21406g,YALI0F14069g
YALI0B21406g,YALI0F16181g
YALI0C13926g,YALI0B16126g
YALI0C13926g,YALI0B23100g
YALI0C13926g,YALI0C06460g
YALI0C13926g,YALI0D03597g
YALI0C13926g,YALI0E03586g
YALI0C13926g,YALI0E20449g
YALI0C13926g,YALI0E21472g
YALI0C13926g,YALI0F05016g
YALI0F08195g,YALI0B02728g
YALI0F08195g,YALI0C20625g
YALI0F08195g,YALI0D11330g
YALI0F08195g,YALI0D12400g
YALI0F08195g,YALI0E08617g
YALI0F08195g,YALI0E27346g
YALI0F08195g,YALI0F14069g
YALI0E21472g,YALI0A02310g
YALI0E21472g,YALI0B11440g
YALI0E21472g,YALI0B23100g
YALI0E21472g,YALI0C06460g
YALI0E21472g,YALI0C13750g
YALI0E21472g,YALI0D03597g
YALI0E21472g,YALI0D13112g
YALI0E21472g,YALI0D27148g
YALI0E21472g,YALI0E20449g
YALI0F09625g,YALI0A21010g
YALI0F09625g,YALI0D03597g
YALI0F09625g,YALI0D07568g
YALI0F09625g,YALI0E27511g
YALI0F09625g,YALI0E32175g
YALI0C02607g,YALI0F19470g
YALI0A15972g,YALI0B02178g
YALI0A15972g,YALI0D07634g
YALI0A15972g,YALI0F14069g
YALI0D17446g,YALI0B23100g
YALI0D17446g,YALI0C06369g
YALI0D17446g,YALI0D07480g
YALI0D17446g,YALI0D24321g
YALI0D17446g,YALI0E02244g
YALI0D17446g,YALI0F02937g
YALI0D17446g,YALI0F16489g
YALI0D17446g,YALI0F16819g
YALI0E03960g,YALI0B18744g
YALI0E03960g,YALI0D27148g
YALI0E03960g,YALI0E22220g
YALI0E19899g,YALI0C12595g
YALI0C06460g,YALI0C11583g
YALI0C06460g,YALI0D03597g
YALI0C06460g,YALI0D13112g
YALI0C06460g,YALI0D27148g
YALI0C06460g,YALI0E20449g
YALI0C06460g,YALI0E22220g
YALI0C06460g,YALI0F27027g
YALI0A17831g,YALI0E32967g
YALI0C11055g,YALI0D21318g
YALI0C11055g,YALI0E06633g
YALI0B11440g,YALI0A21010g
YALI0B11440g,YALI0C06369g
YALI0B11440g,YALI0D03597g
YALI0B11440g,YALI0D27148g
YALI0B11440g,YALI0E14190g
YALI0B11440g,YALI0F02937g
YALI0A21010g,YALI0A10274g
YALI0A21010g,YALI0B23100g
YALI0A21010g,YALI0C02937g
YALI0A21010g,YALI0D03597g
YALI0A21010g,YALI0D07568g
YALI0A21010g,YALI0E11355g
YALI0A21010g,YALI0E31288g
YALI0A21010g,YALI0E32307g
YALI0A21010g,YALI0F05214g
YALI0A21010g,YALI0F09405g
YALI0A21010g,YALI0F11935g
YALI0A21010g,YALI0F18898g
YALI0C17567g,YALI0D07304g
YALI0D27302g,YALI0A17919g
YALI0D27302g,YALI0B19052g
YALI0D27302g,YALI0C04774g
YALI0D27302g,YALI0C06864g
YALI0D27302g,YALI0E24673g
YALI0C05687g,YALI0B19756g
YALI0C05687g,YALI0C15939g
YALI0C05687g,YALI0F17754g
YALI0D04983g,YALI0B09845g
YALI0D06281g,YALI0A11143g
YALI0D06281g,YALI0B19052g
YALI0D06281g,YALI0B19668g
YALI0D06281g,YALI0C11583g
YALI0D06281g,YALI0D00583g
YALI0D06281g,YALI0D08844g
YALI0D06281g,YALI0D12584g
YALI0D06281g,YALI0D13112g
YALI0D06281g,YALI0E15081g
YALI0D06281g,YALI0E16170g
YALI0D06281g,YALI0E28721g
YALI0D06281g,YALI0E32542g
YALI0D06281g,YALI0F18898g
YALI0E05489g,YALI0C11341g
YALI0E05489g,YALI0C15400g
YALI0E01870g,YALI0A03025g
YALI0E01870g,YALI0A09900g
YALI0E01870g,YALI0B02728g
YALI0E01870g,YALI0B07007g
YALI0E01870g,YALI0B13156g
YALI0E01870g,YALI0B14102g
YALI0E01870g,YALI0B17380g
YALI0E01870g,YALI0D00385g
YALI0E01870g,YALI0D04378g
YALI0E01870g,YALI0D07084g
YALI0E01870g,YALI0D12400g
YALI0E01870g,YALI0D16423g
YALI0E01870g,YALI0D16797g
YALI0E01870g,YALI0D25454g
YALI0E01870g,YALI0E05599g
YALI0E01870g,YALI0E08617g
YALI0E01870g,YALI0E21604g
YALI0E01870g,YALI0E33253g
YALI0E01870g,YALI0E33649g
YALI0E01870g,YALI0E34170g
YALI0E01870g,YALI0E34687g
YALI0E01870g,YALI0F22209g
YALI0F16511g,YALI0B16214g
YALI0F20702g,YALI0D21582g
YALI0E02244g,YALI0B23100g
YALI0E02244g,YALI0C15554g
YALI0E02244g,YALI0D07568g
YALI0E02244g,YALI0D25256g
YALI0E02244g,YALI0E10857g
YALI0E02244g,YALI0F05214g
YALI0E02244g,YALI0F16489g
YALI0E02244g,YALI0F16819g
YALI0E02244g,YALI0F17314g
YALI0F18656g,YALI0D23617g
YALI0F09185g,YALI0A10362g
YALI0F09185g,YALI0B14014g
YALI0F09185g,YALI0E20977g
YALI0F09185g,YALI0E23430g
YALI0F09185g,YALI0E33935g
YALI0F09185g,YALI0F00264g
YALI0E31108g,YALI0B20306g
YALI0E31108g,YALI0B20328g
YALI0E31108g,YALI0C14388g
YALI0E31108g,YALI0F18282g
YALI0E00792g,YALI0E34067g
YALI0E32813g,YALI0A09900g
YALI0E32813g,YALI0A11143g
YALI0E32813g,YALI0C02937g
YALI0E32813g,YALI0C08305g
YALI0E32813g,YALI0C12661g
YALI0E32813g,YALI0D00583g
YALI0E32813g,YALI0D12400g
YALI0E32813g,YALI0D12584g
YALI0E32813g,YALI0D22110g
YALI0E32813g,YALI0D25454g
YALI0E32813g,YALI0E08617g
YALI0E32813g,YALI0E15125g
YALI0E32813g,YALI0E16170g
YALI0E32813g,YALI0E21604g
YALI0E32813g,YALI0E27346g
YALI0E08162g,YALI0B14014g
YALI0A01045g,YALI0A03025g
YALI0C23947g,YALI0B03960g
YALI0C23947g,YALI0B13156g
YALI0C23947g,YALI0C02937g
YALI0C23947g,YALI0D01606g
YALI0C23947g,YALI0D04378g
YALI0C23947g,YALI0D07084g
YALI0C23947g,YALI0D25454g
YALI0C23947g,YALI0E14575g
YALI0C23947g,YALI0E15125g
YALI0C23947g,YALI0E23155g
YALI0C23947g,YALI0E29205g
YALI0C23947g,YALI0E31288g
YALI0C23947g,YALI0E33253g
YALI0C23947g,YALI0E34687g
YALI0C23947g,YALI0F24475g
YALI0C08965g,YALI0C02981g
YALI0C08965g,YALI0D07304g
YALI0C08965g,YALI0F16918g
YALI0C08965g,YALI0F20174g
YALI0A20922g,YALI0C17941g
YALI0A20922g,YALI0E05929g
YALI0A20922g,YALI0E06347g
YALI0A20922g,YALI0E15081g
YALI0A20922g,YALI0E26983g
YALI0A20922g,YALI0F17578g
YALI0A02981g,YALI0E12441g
YALI0D06149g,YALI0C15939g
YALI0D06149g,YALI0E00308g
YALI0D06149g,YALI0E03476g
YALI0D06149g,YALI0E23430g
YALI0D06149g,YALI0F20174g
YALI0D24816g,YALI0D12386g
YALI0E03938g,YALI0C02981g
YALI0E03938g,YALI0C10311g
YALI0E03938g,YALI0C16929g
YALI0E03938g,YALI0C17237g
YALI0E03938g,YALI0C22836g
YALI0E03938g,YALI0D24101g
YALI0E03938g,YALI0E00308g
YALI0E03938g,YALI0E03476g
YALI0E03938g,YALI0F16918g
YALI0E03938g,YALI0F20174g
YALI0E03938g,YALI0F30437g
YALI0A12177g,YALI0A19426g
YALI0A12177g,YALI0D12386g
YALI0A12177g,YALI0F09097g
YALI0B20306g,YALI0C15939g
YALI0B20306g,YALI0C17237g
YALI0B20306g,YALI0D19338g
YALI0B20306g,YALI0E19294g
YALI0B20306g,YALI0F18282g
YALI0F00836g,YALI0A03025g
YALI0F00836g,YALI0D07084g
YALI0E16995g,YALI0B03960g
YALI0E16995g,YALI0B13156g
YALI0E16995g,YALI0D04554g
YALI0E16995g,YALI0D25454g
YALI0E16995g,YALI0E05929g
YALI0E16995g,YALI0E15125g
YALI0E16995g,YALI0E16170g
YALI0E16995g,YALI0E17655g
YALI0E34852g,YALI0B13882g
YALI0E34852g,YALI0B19668g
YALI0E34852g,YALI0C11583g
YALI0E34852g,YALI0C17941g
YALI0E34852g,YALI0D13112g
YALI0E34852g,YALI0D27148g
YALI0E34852g,YALI0E06347g
YALI0E34852g,YALI0E22220g
YALI0E34852g,YALI0F07128g
YALI0E34852g,YALI0F20570g
YALI0F14267g,YALI0D07568g
YALI0F14267g,YALI0E11355g
YALI0F14267g,YALI0F11935g
YALI0E28237g,YALI0A18986g
YALI0E28237g,YALI0B08118g
YALI0E28237g,YALI0E05599g
YALI0E28237g,YALI0F18590g
YALI0B19668g,YALI0B19052g
YALI0B19668g,YALI0C04774g
YALI0B19668g,YALI0C11583g
YALI0B19668g,YALI0D07480g
YALI0B19668g,YALI0D08844g
YALI0B19668g,YALI0D13112g
YALI0B19668g,YALI0D27148g
YALI0B19668g,YALI0E05929g
YALI0B19668g,YALI0E06347g
YALI0B19668g,YALI0E15081g
YALI0B19668g,YALI0F26499g
YALI0B15125g,YALI0D08272g
YALI0B15125g,YALI0B08118g
YALI0B15125g,YALI0B14102g
YALI0B15125g,YALI0E05599g
YALI0C21516g,YALI0B19756g
YALI0C21516g,YALI0E25652g
YALI0C21516g,YALI0F17754g
YALI0D04554g,YALI0E14575g
YALI0D04554g,YALI0E15125g
YALI0C06369g,YALI0A02310g
YALI0C06369g,YALI0B23100g
YALI0C06369g,YALI0D03597g
YALI0C06369g,YALI0E03586g
YALI0C06369g,YALI0E07073g
YALI0C06369g,YALI0E14190g
YALI0C10230g,YALI0D07084g
YALI0C10230g,YALI0D21582g
YALI0E11385g,YALI0B21472g
YALI0E16170g,YALI0A11143g
YALI0E16170g,YALI0B13156g
YALI0E16170g,YALI0D00583g
YALI0E16170g,YALI0D12584g
YALI0E16170g,YALI0D16797g
YALI0E16170g,YALI0D25454g
YALI0E16170g,YALI0E08617g
YALI0E16170g,YALI0E15125g
YALI0E16170g,YALI0E32542g
YALI0E34687g,YALI0A00891g
YALI0E34687g,YALI0A09900g
YALI0E34687g,YALI0B02728g
YALI0E34687g,YALI0B03960g
YALI0E34687g,YALI0B17380g
YALI0E34687g,YALI0C02937g
YALI0E34687g,YALI0C11946g
YALI0E34687g,YALI0D04378g
YALI0E34687g,YALI0D07084g
YALI0E34687g,YALI0D12400g
YALI0E34687g,YALI0D25454g
YALI0E34687g,YALI0E08617g
YALI0E34687g,YALI0E10857g
YALI0E34687g,YALI0E14575g
YALI0E34687g,YALI0E15125g
YALI0E34687g,YALI0E21604g
YALI0E34687g,YALI0E23155g
YALI0E34687g,YALI0E31288g
YALI0E34687g,YALI0E33253g
YALI0E34687g,YALI0E34170g
YALI0E34687g,YALI0F14795g
YALI0E34687g,YALI0F17314g
YALI0E34687g,YALI0F18502g
YALI0E34687g,YALI0F22209g
YALI0C17237g,YALI0E03476g
YALI0C17237g,YALI0F16918g
YALI0C17237g,YALI0F20174g
YALI0C17237g,YALI0F30437g
YALI0B03564g,YALI0A11143g
YALI0B03564g,YALI0B17380g
YALI0B03564g,YALI0E11355g
YALI0B03564g,YALI0E21604g
YALI0F17578g,YALI0C17941g
YALI0F11935g,YALI0A10274g
YALI0F11935g,YALI0E31288g
YALI0F11935g,YALI0F14795g
YALI0B16148g,YALI0D08228g
YALI0D23617g,YALI0B00924g
YALI0D23617g,YALI0B02178g
YALI0F22605g,YALI0E10857g
YALI0C14190g,YALI0E22781g
YALI0C17941g,YALI0B13882g
YALI0C17941g,YALI0B18744g
YALI0C17941g,YALI0E06347g
YALI0C17941g,YALI0E22220g
YALI0B23122g,YALI0D05995g
YALI0B23122g,YALI0F04972g
YALI0D24321g,YALI0B14795g
YALI0D24321g,YALI0F02937g
YALI0F29161g,YALI0F23837g
YALI0F29161g,YALI0F26323g
YALI0E26983g,YALI0B03960g
YALI0E26983g,YALI0D11066g
YALI0E26983g,YALI0E05929g
YALI0E05643g,YALI0C19668g
YALI0E26829g,YALI0E04092g
YALI0E26829g,YALI0E22781g
YALI0E26829g,YALI0F04532g
YALI0B13156g,YALI0D01606g
YALI0B13156g,YALI0D25454g
YALI0B13156g,YALI0E15125g
YALI0B13156g,YALI0E33253g
YALI0F01210g,YALI0C16929g
YALI0F01210g,YALI0F23353g
YALI0E25652g,YALI0F17754g
YALI0D21318g,YALI0E04378g
YALI0D21318g,YALI0E06633g
YALI0C10311g,YALI0C02981g
YALI0C10311g,YALI0C16929g
YALI0C10311g,YALI0C22836g
YALI0C10311g,YALI0D01243g
YALI0C10311g,YALI0D19338g
YALI0C10311g,YALI0D24101g
YALI0C10311g,YALI0E00308g
YALI0C10311g,YALI0E03476g
YALI0C10311g,YALI0E19294g
YALI0C10311g,YALI0F16918g
YALI0C10311g,YALI0F18964g
YALI0C10311g,YALI0F20174g
YALI0C10311g,YALI0F30437g
YALI0E21043g,YALI0D17864g
YALI0C06864g,YALI0C04774g
YALI0C06864g,YALI0D10835g
YALI0C06864g,YALI0E06347g
YALI0C06864g,YALI0F07128g
YALI0B16126g,YALI0B23100g
YALI0B16126g,YALI0C22088g
YALI0B16126g,YALI0E03586g
YALI0B16126g,YALI0E25674g
YALI0B16126g,YALI0E32175g
YALI0B16126g,YALI0F02046g
YALI0A02497g,YALI0E12441g
YALI0A02497g,YALI0E31288g
YALI0A02497g,YALI0F05214g
YALI0A02497g,YALI0F09405g
YALI0F26499g,YALI0B19052g
YALI0F26499g,YALI0B19624g
YALI0F26499g,YALI0C04774g
YALI0F26499g,YALI0D13112g
YALI0F26499g,YALI0E15081g
YALI0B20240g,YALI0A00891g
YALI0B20240g,YALI0A03025g
YALI0B20240g,YALI0E07832g
YALI0C06193g,YALI0C08118g
YALI0B20328g,YALI0C02981g
YALI0E34170g,YALI0D08272g
YALI0E34170g,YALI0A00891g
YALI0E34170g,YALI0A03025g
YALI0E34170g,YALI0B02728g
YALI0E34170g,YALI0B07007g
YALI0E34170g,YALI0B08118g
YALI0E34170g,YALI0B14102g
YALI0E34170g,YALI0D00385g
YALI0E34170g,YALI0D04378g
YALI0E34170g,YALI0D05599g
YALI0E34170g,YALI0D05995g
YALI0E34170g,YALI0D07084g
YALI0E34170g,YALI0D07634g
YALI0E34170g,YALI0D16423g
YALI0E34170g,YALI0D27192g
YALI0E34170g,YALI0E05599g
YALI0E34170g,YALI0E21604g
YALI0E34170g,YALI0E33253g
YALI0E34170g,YALI0E33649g
YALI0E34170g,YALI0F18590g
YALI0E34170g,YALI0F22209g
YALI0C08987g,YALI0E26004g
YALI0B16214g,YALI0D01243g
YALI0B19052g,YALI0A17919g
YALI0B19052g,YALI0C04774g
YALI0B19052g,YALI0D13112g
YALI0B19052g,YALI0E04092g
YALI0B19052g,YALI0E15081g
YALI0B19052g,YALI0E24673g
YALI0B19756g,YALI0C15939g
YALI0B19756g,YALI0E23430g
YALI0B19756g,YALI0F17754g
YALI0E24673g,YALI0A17919g
YALI0E24673g,YALI0C04774g
YALI0E24673g,YALI0F16665g
YALI0E24673g,YALI0F27027g
YALI0D03597g,YALI0B19624g
YALI0D03597g,YALI0B23100g
YALI0D03597g,YALI0C11583g
YALI0D03597g,YALI0D13112g
YALI0D03597g,YALI0D27148g
YALI0D03597g,YALI0E14190g
YALI0D03597g,YALI0E20449g
YALI0D11066g,YALI0A10274g
YALI0D11066g,YALI0A17600g
YALI0D11066g,YALI0B03960g
YALI0D11066g,YALI0C02937g
YALI0D11066g,YALI0E05929g
YALI0D11066g,YALI0E21912g
YALI0D11066g,YALI0E31288g
YALI0D11066g,YALI0F14795g
YALI0D11066g,YALI0F18898g
YALI0D25454g,YALI0A09900g
YALI0D25454g,YALI0A11143g
YALI0D25454g,YALI0A17600g
YALI0D25454g,YALI0B03960g
YALI0D25454g,YALI0B17380g
YALI0D25454g,YALI0C02937g
YALI0D25454g,YALI0D00583g
YALI0D25454g,YALI0D04378g
YALI0D25454g,YALI0D12400g
YALI0D25454g,YALI0D16797g
YALI0D25454g,YALI0D22110g
YALI0D25454g,YALI0E08617g
YALI0D25454g,YALI0E15125g
YALI0D25454g,YALI0E21604g
YALI0D25454g,YALI0E32542g
YALI0D25454g,YALI0E33253g
YALI0A07018g,YALI0C23903g
YALI0D07480g,YALI0A02310g
YALI0D07480g,YALI0A11143g
YALI0D07480g,YALI0A15257g
YALI0D07480g,YALI0B23100g
YALI0D07480g,YALI0C02937g
YALI0D07480g,YALI0C08305g
YALI0D07480g,YALI0D00583g
YALI0D07480g,YALI0D08844g
YALI0D07480g,YALI0D10835g
YALI0D07480g,YALI0D12400g
YALI0D07480g,YALI0D27148g
YALI0D07480g,YALI0E08617g
YALI0D07480g,YALI0E11355g
YALI0D07480g,YALI0E27346g
YALI0D07480g,YALI0F02937g
YALI0D07480g,YALI0F16489g
YALI0F07216g,YALI0B17996g
YALI0E29205g,YALI0D21582g
YALI0E29205g,YALI0E14575g
YALI0E29205g,YALI0E23155g
YALI0E26455g,YALI0A17919g
YALI0E33253g,YALI0A03025g
YALI0E33253g,YALI0A09900g
YALI0E33253g,YALI0D00385g
YALI0E33253g,YALI0D04378g
YALI0E33253g,YALI0E10857g
YALI0E33253g,YALI0E21604g
YALI0E33253g,YALI0E33649g
YALI0E33253g,YALI0F22209g
YALI0E31288g,YALI0A10274g
YALI0E31288g,YALI0B03960g
YALI0E31288g,YALI0B17380g
YALI0E31288g,YALI0C02937g
YALI0E31288g,YALI0D04378g
YALI0E31288g,YALI0D07568g
YALI0E31288g,YALI0E04378g
YALI0E31288g,YALI0E06633g
YALI0E31288g,YALI0E10857g
YALI0E31288g,YALI0E11355g
YALI0E31288g,YALI0F05214g
YALI0E31288g,YALI0F09405g
YALI0E31288g,YALI0F14795g
YALI0E31288g,YALI0F17314g
YALI0E31288g,YALI0F18898g
YALI0E05599g,YALI0D08272g
YALI0E05599g,YALI0B07007g
YALI0E05599g,YALI0B08118g
YALI0E05599g,YALI0B08272g
YALI0E05599g,YALI0B14102g
YALI0E05599g,YALI0D00385g
YALI0E05599g,YALI0D16423g
YALI0E05599g,YALI0D27192g
YALI0E05599g,YALI0E33649g
YALI0E05599g,YALI0F01694g
YALI0E05599g,YALI0F18590g
YALI0C15554g,YALI0B17380g
YALI0C15554g,YALI0E04224g
YALI0E25091g,YALI0D14608g
YALI0E25091g,YALI0D25256g
YALI0F20592g,YALI0D07568g
YALI0F20592g,YALI0D25256g
YALI0F20592g,YALI0E10857g
YALI0F20592g,YALI0F09405g
YALI0F17820g,YALI0B18298g
YALI0D04378g,YALI0A00891g
YALI0D04378g,YALI0A03025g
YALI0D04378g,YALI0A09900g
YALI0D04378g,YALI0B02728g
YALI0D04378g,YALI0B17380g
YALI0D04378g,YALI0B20416g
YALI0D04378g,YALI0C00561g
YALI0D04378g,YALI0C02937g
YALI0D04378g,YALI0C20625g
YALI0D04378g,YALI0D07084g
YALI0D04378g,YALI0D07568g
YALI0D04378g,YALI0D07634g
YALI0D04378g,YALI0D12400g
YALI0D04378g,YALI0D16797g
YALI0D04378g,YALI0D25256g
YALI0D04378g,YALI0E04224g
YALI0D04378g,YALI0E10857g
YALI0D04378g,YALI0E21604g
YALI0D04378g,YALI0F05214g
YALI0D04378g,YALI0F16181g
YALI0D04378g,YALI0F17314g
YALI0D04378g,YALI0F18502g
YALI0F30437g,YALI0C02981g
YALI0F30437g,YALI0C16929g
YALI0F30437g,YALI0C22836g
YALI0F30437g,YALI0D01243g
YALI0F30437g,YALI0D19338g
YALI0F30437g,YALI0D24101g
YALI0F30437g,YALI0E00308g
YALI0F30437g,YALI0E03476g
YALI0F30437g,YALI0E19294g
YALI0F30437g,YALI0F16918g
YALI0F30437g,YALI0F20174g
YALI0F00462g,YALI0D24101g
YALI0F22231g,YALI0B14795g
YALI0F22231g,YALI0E22781g
YALI0F22231g,YALI0F02343g
YALI0F22231g,YALI0F05016g
YALI0C02981g,YALI0C16929g
YALI0C02981g,YALI0C22836g
YALI0C02981g,YALI0D00495g
YALI0C02981g,YALI0D01243g
YALI0C02981g,YALI0D19338g
YALI0C02981g,YALI0D24101g
YALI0C02981g,YALI0E00308g
YALI0C02981g,YALI0E19294g
YALI0C02981g,YALI0F16918g
YALI0C02981g,YALI0F18964g
YALI0C02981g,YALI0F20174g
YALI0E21604g,YALI0A09900g
YALI0E21604g,YALI0A11143g
YALI0E21604g,YALI0B02728g
YALI0E21604g,YALI0B14102g
YALI0E21604g,YALI0B17380g
YALI0E21604g,YALI0C02937g
YALI0E21604g,YALI0C19195g
YALI0E21604g,YALI0D00385g
YALI0E21604g,YALI0D12400g
YALI0E21604g,YALI0D22110g
YALI0E21604g,YALI0E08617g
YALI0E21604g,YALI0E10857g
YALI0E21604g,YALI0F22209g
YALI0B14102g,YALI0D08272g
YALI0B14102g,YALI0B02728g
YALI0B14102g,YALI0B08118g
YALI0B14102g,YALI0B08272g
YALI0B14102g,YALI0B13948g
YALI0B14102g,YALI0C23903g
YALI0B14102g,YALI0D00385g
YALI0B14102g,YALI0D16423g
YALI0B14102g,YALI0E26004g
YALI0B14102g,YALI0E33649g
YALI0B14102g,YALI0F22209g
YALI0F20174g,YALI0C16929g
YALI0F20174g,YALI0C22836g
YALI0F20174g,YALI0D19338g
YALI0F20174g,YALI0E00308g
YALI0F20174g,YALI0E03476g
YALI0F20174g,YALI0E19294g
YALI0F20174g,YALI0F16918g
YALI0E08206g,YALI0E00330g
YALI0E11355g,YALI0A11143g
YALI0E11355g,YALI0B17380g
YALI0E11355g,YALI0B23100g
YALI0E11355g,YALI0C02937g
YALI0E11355g,YALI0D00583g
YALI0E11355g,YALI0D07568g
YALI0E11355g,YALI0D12400g
YALI0E11355g,YALI0E08617g
YALI0E11355g,YALI0E10857g
YALI0E11355g,YALI0F05214g
YALI0E27346g,YALI0A11143g
YALI0E27346g,YALI0C08305g
YALI0E27346g,YALI0C11341g
YALI0E27346g,YALI0C12661g
YALI0E27346g,YALI0D00583g
YALI0E27346g,YALI0D12400g
YALI0E27346g,YALI0D12584g
YALI0E27346g,YALI0D16753g
YALI0E27346g,YALI0D22110g
YALI0E27346g,YALI0E08617g
YALI0F24475g,YALI0D01606g
YALI0F24475g,YALI0E14575g
YALI0D16423g,YALI0D08272g
YALI0D16423g,YALI0A09900g
YALI0D16423g,YALI0B02728g
YALI0D16423g,YALI0B08118g
YALI0D16423g,YALI0D00385g
YALI0D16423g,YALI0D07634g
YALI0D16423g,YALI0E26004g
YALI0D16423g,YALI0E33649g
YALI0D16423g,YALI0F16181g
YALI0D16423g,YALI0F22209g
YALI0D21582g,YALI0D07084g
YALI0E12441g,YALI0B03960g
YALI0C20625g,YALI0B02728g
YALI0C20625g,YALI0C00561g
YALI0C20625g,YALI0D07634g
YALI0C20625g,YALI0D12400g
YALI0C20625g,YALI0D14608g
YALI0C20625g,YALI0F16181g
YALI0C20625g,YALI0F16489g
YALI0A18986g,YALI0D27192g
YALI0A18986g,YALI0F01694g
YALI0F22693g,YALI0D20262g
YALI0D24431g,YALI0B10736g
YALI0F05016g,YALI0A17919g
YALI0F05016g,YALI0B14795g
YALI0F23551g,YALI0F16489g
YALI0E04092g,YALI0D13112g
YALI0E04092g,YALI0E34067g
YALI0E04092g,YALI0F27027g
YALI0F23353g,YALI0C16929g
YALI0F23353g,YALI0F18964g
YALI0A15257g,YALI0C15400g
YALI0D22616g,YALI0F18590g
YALI0C11341g,YALI0C12661g
YALI0C11341g,YALI0E31196g
YALI0F16489g,YALI0B02728g
YALI0F16489g,YALI0B23100g
YALI0F16489g,YALI0C02937g
YALI0F16489g,YALI0C08305g
YALI0F16489g,YALI0D12400g
YALI0F16489g,YALI0E08617g
YALI0F04972g,YALI0A00891g
YALI0F18744g,YALI0A19932g
YALI0B04312g,YALI0B09273g
YALI0E20757g,YALI0A19448g
YALI0E32241g,YALI0C13750g
YALI0D17864g,YALI0D20966g
YALI0B00924g,YALI0B02178g
YALI0B00924g,YALI0F14069g
YALI0C22088g,YALI0E28787g
YALI0D14608g,YALI0D07634g
YALI0D14608g,YALI0D14344g
YALI0C04774g,YALI0A17919g
YALI0C04774g,YALI0E15081g
YALI0F15939g,YALI0B05566g
YALI0F15939g,YALI0F14509g
YALI0A17919g,YALI0B18348g
YALI0A17919g,YALI0E20449g
YALI0A17919g,YALI0F27027g
YALI0F09537g,YALI0F09405g
YALI0C19195g,YALI0C23903g
YALI0C19195g,YALI0D00385g
YALI0C19195g,YALI0E00990g
YALI0C19195g,YALI0F22209g
YALI0E32542g,YALI0A11143g
YALI0E32542g,YALI0D00583g
YALI0E32542g,YALI0D04312g
YALI0E32542g,YALI0D08844g
YALI0E32542g,YALI0D12584g
YALI0E32542g,YALI0E28721g
YALI0E20449g,YALI0B05962g
YALI0E20449g,YALI0B18348g
YALI0E20449g,YALI0D13112g
YALI0E20449g,YALI0D27148g
YALI0E20449g,YALI0E24211g
YALI0E20449g,YALI0F27027g
YALI0B02178g,YALI0D16753g
YALI0B02178g,YALI0F14069g
YALI0E06347g,YALI0B13882g
YALI0E06347g,YALI0D27148g
YALI0E06347g,YALI0E22220g
YALI0E06347g,YALI0F20570g
YALI0E13706g,YALI0E21912g
YALI0E30943g,YALI0E34045g
YALI0E07051g,YALI0F08415g
YALI0F07711g,YALI0C04411g
YALI0F07711g,YALI0F08415g
YALI0F07711g,YALI0F16819g
YALI0E05929g,YALI0B03960g
YALI0E05929g,YALI0E15081g
YALI0E05929g,YALI0E17655g
YALI0E05929g,YALI0F14795g
YALI0B23100g,YALI0A02310g
YALI0B23100g,YALI0A11143g
YALI0B23100g,YALI0D07568g
YALI0B23100g,YALI0D27148g
YALI0B23100g,YALI0E14190g
YALI0B23100g,YALI0E28787g
YALI0B23100g,YALI0F05214g
YALI0A17600g,YALI0D01606g
YALI0A17600g,YALI0F14795g
YALI0F16181g,YALI0A09900g
YALI0F16181g,YALI0B02728g
YALI0F16181g,YALI0D07634g
YALI0F16181g,YALI0E08617g
YALI0F16181g,YALI0F22209g
YALI0E33649g,YALI0D08272g
YALI0E33649g,YALI0B08118g
YALI0E33649g,YALI0B08272g
YALI0E33649g,YALI0D00385g
YALI0E33649g,YALI0D07084g
YALI0E33649g,YALI0F22209g
YALI0B21472g,YALI0A21439g
YALI0F18964g,YALI0C16929g
YALI0F18964g,YALI0D24101g
YALI0D11330g,YALI0D12584g
YALI0E15125g,YALI0A09900g
YALI0E15125g,YALI0B03960g
YALI0E15125g,YALI0C02937g
YALI0E15125g,YALI0D07084g
YALI0E15125g,YALI0E14575g
YALI0F27027g,YALI0B05962g
YALI0F27027g,YALI0D13112g
YALI0F27027g,YALI0E34067g
YALI0F27027g,YALI0F07128g
YALI0D16797g,YALI0B20416g
YALI0D16797g,YALI0D12400g
YALI0D16797g,YALI0D25256g
YALI0E19294g,YALI0C16929g
YALI0E19294g,YALI0D00495g
YALI0E19294g,YALI0D19338g
YALI0E19294g,YALI0E00308g
YALI0E19294g,YALI0F16918g
YALI0B21428g,YALI0C02409g
YALI0E22220g,YALI0B05962g
YALI0E22220g,YALI0B13882g
YALI0E22220g,YALI0B18744g
YALI0E22220g,YALI0C11583g
YALI0E22220g,YALI0D13112g
YALI0E22220g,YALI0D27148g
YALI0E22220g,YALI0F18898g
YALI0E22220g,YALI0F20570g
YALI0F17754g,YALI0C15939g
YALI0E06633g,YALI0A10274g
YALI0E06633g,YALI0E04378g
YALI0D02695g,YALI0D19338g
YALI0C11583g,YALI0B19624g
YALI0C11583g,YALI0D13112g
YALI0C11583g,YALI0D27148g
YALI0C11583g,YALI0F18898g
YALI0E14190g,YALI0A02310g
YALI0E14190g,YALI0F05214g
YALI0D16269g,YALI0A11143g
YALI0D16269g,YALI0C08305g
YALI0D16269g,YALI0D12400g
YALI0D16269g,YALI0E10857g
YALI0F22209g,YALI0D08272g
YALI0F22209g,YALI0A09900g
YALI0F22209g,YALI0B02728g
YALI0F22209g,YALI0C23903g
YALI0F22209g,YALI0D00385g
YALI0F22209g,YALI0D07634g
YALI0F22209g,YALI0D12400g
YALI0F22209g,YALI0D22110g
YALI0F22209g,YALI0E08617g
YALI0F22209g,YALI0E26004g
YALI0B20416g,YALI0C00561g
YALI0B20416g,YALI0D07568g
YALI0B20416g,YALI0D25256g
YALI0B20416g,YALI0F05214g
YALI0B20416g,YALI0F17314g
YALI0B20416g,YALI0F18502g
YALI0D27148g,YALI0A02310g
YALI0D27148g,YALI0B13882g
YALI0D27148g,YALI0B18744g
YALI0D27148g,YALI0B19624g
YALI0D27148g,YALI0D08844g
YALI0D27148g,YALI0D13112g
YALI0D27148g,YALI0F02937g
YALI0A00891g,YALI0A03025g
YALI0A00891g,YALI0B02728g
YALI0A00891g,YALI0B17380g
YALI0A00891g,YALI0C11946g
YALI0A00891g,YALI0D05599g
YALI0A00891g,YALI0D05995g
YALI0A00891g,YALI0D07084g
YALI0E08617g,YALI0A09900g
YALI0E08617g,YALI0A11143g
YALI0E08617g,YALI0B02728g
YALI0E08617g,YALI0B03960g
YALI0E08617g,YALI0B17380g
YALI0E08617g,YALI0C02937g
YALI0E08617g,YALI0C08305g
YALI0E08617g,YALI0C12661g
YALI0E08617g,YALI0D00583g
YALI0E08617g,YALI0D12400g
YALI0E08617g,YALI0D22110g
YALI0E08617g,YALI0F18502g
YALI0C12661g,YALI0D22110g
YALI0C12661g,YALI0E15081g
YALI0C12661g,YALI0E31196g
YALI0D22110g,YALI0A09900g
YALI0D22110g,YALI0A11143g
YALI0D22110g,YALI0C02937g
YALI0D22110g,YALI0D12400g
YALI0F15587g,YALI0C08118g
YALI0A09900g,YALI0B02728g
YALI0A09900g,YALI0B03960g
YALI0A09900g,YALI0C02937g
YALI0A09900g,YALI0C11946g
YALI0A09900g,YALI0D00385g
YALI0A09900g,YALI0D12400g
YALI0A09900g,YALI0E14575g
YALI0D12584g,YALI0D00583g
YALI0E32307g,YALI0A10274g
YALI0E32307g,YALI0E04378g
YALI0E32307g,YALI0F18898g
YALI0E07073g,YALI0A02310g
YALI0D07568g,YALI0D14344g
YALI0D07568g,YALI0D25256g
YALI0D07568g,YALI0E10857g
YALI0D07568g,YALI0E28787g
YALI0D07568g,YALI0F05214g
YALI0D07568g,YALI0F17314g
YALI0F04620g,YALI0F08415g
YALI0D05599g,YALI0A03025g
YALI0D05599g,YALI0D07084g
YALI0D05599g,YALI0E23155g
YALI0D05599g,YALI0E33451g
YALI0B05962g,YALI0B13882g
YALI0B05962g,YALI0B18348g
YALI0B05962g,YALI0B18744g
YALI0B05962g,YALI0F07128g
YALI0B05962g,YALI0F20570g
YALI0C13750g,YALI0A02310g
YALI0F18590g,YALI0A19448g
YALI0F18590g,YALI0B07007g
YALI0F18590g,YALI0B08118g
YALI0F18590g,YALI0D07634g
YALI0B14014g,YALI0B10736g
YALI0B14014g,YALI0E33935g
YALI0B14014g,YALI0F00264g
YALI0E21912g,YALI0F14795g
YALI0B05566g,YALI0B02002g
YALI0B05566g,YALI0E31196g
YALI0B05566g,YALI0F14509g
YALI0F00264g,YALI0E20977g
YALI0F00264g,YALI0E33935g
YALI0E02200g,YALI0B05038g
YALI0E04224g,YALI0A11143g
YALI0E04224g,YALI0B17380g
YALI0E04224g,YALI0D25256g
YALI0E04224g,YALI0E28787g
YALI0E00308g,YALI0C16929g
YALI0E00308g,YALI0C22836g
YALI0E00308g,YALI0D01243g
YALI0E00308g,YALI0D19338g
YALI0E00308g,YALI0E03476g
YALI0E00308g,YALI0F16918g
YALI0F02937g,YALI0A02310g
YALI0E33935g,YALI0A10362g
YALI0E33935g,YALI0B10736g
YALI0B17380g,YALI0A03025g
YALI0B17380g,YALI0A11143g
YALI0B17380g,YALI0B02728g
YALI0B17380g,YALI0C02937g
YALI0B17380g,YALI0D00583g
YALI0B17380g,YALI0D12400g
YALI0B17380g,YALI0D25256g
YALI0B17380g,YALI0E10857g
YALI0B17380g,YALI0F17314g
YALI0F18502g,YALI0C02937g
YALI0F18502g,YALI0D07084g
YALI0F18502g,YALI0D12400g
YALI0F18502g,YALI0F05214g
YALI0F18502g,YALI0F17314g
YALI0E23155g,YALI0E14575g
YALI0D08844g,YALI0A11143g
YALI0D08844g,YALI0B18744g
YALI0D08844g,YALI0D00583g
YALI0D08844g,YALI0D13112g
YALI0D08844g,YALI0E28721g
YALI0C08305g,YALI0A11143g
YALI0C08305g,YALI0C02937g
YALI0C08305g,YALI0D00583g
YALI0C08305g,YALI0D12400g
YALI0B03960g,YALI0C02937g
YALI0B03960g,YALI0F14795g
YALI0B03960g,YALI0F17314g
YALI0F23661g,YALI0C13508g
YALI0D00495g,YALI0B13090g
YALI0B18348g,YALI0B13882g
YALI0B18348g,YALI0F20570g
YALI0E03476g,YALI0C15939g
YALI0E03476g,YALI0C22836g
YALI0E03476g,YALI0E23430g
YALI0E03476g,YALI0F16918g
YALI0E03476g,YALI0F18282g
YALI0A19448g,YALI0B07007g
YALI0B08118g,YALI0D08272g
YALI0B08118g,YALI0B08272g
YALI0F02343g,YALI0E22781g
YALI0F02343g,YALI0E30657g
YALI0D05995g,YALI0D07084g
YALI0B14795g,YALI0B15752g
YALI0C14388g,YALI0D19338g
YALI0C11946g,YALI0B02728g
YALI0C11946g,YALI0E14575g
YALI0E22781g,YALI0F04532g
YALI0D00385g,YALI0D08272g
YALI0D00385g,YALI0B02728g
YALI0D00385g,YALI0B07007g
YALI0D16753g,YALI0D12400g
YALI0D19338g,YALI0C16929g
YALI0D19338g,YALI0F16918g
YALI0D12400g,YALI0A11143g
YALI0D12400g,YALI0B02728g
YALI0D12400g,YALI0C02937g
YALI0D12400g,YALI0D00583g
YALI0D12400g,YALI0E26004g
YALI0D12400g,YALI0F17314g
YALI0C23903g,YALI0D08272g
YALI0C23903g,YALI0B08272g
YALI0C23903g,YALI0B13948g
YALI0C23903g,YALI0E26004g
YALI0B07007g,YALI0A03025g
YALI0B07007g,YALI0C00561g
YALI0B07007g,YALI0D07634g
YALI0D00583g,YALI0A11143g
YALI0D00583g,YALI0C02937g
YALI0D08272g,YALI0B08272g
YALI0D08272g,YALI0D08272g
YALI0C00561g,YALI0A03025g
YALI0C00561g,YALI0D07084g
YALI0C00561g,YALI0D07634g
YALI0C00561g,YALI0D25256g
YALI0D13112g,YALI0B13882g
YALI0D13112g,YALI0B19624g
YALI0F18898g,YALI0A10274g
YALI0E14575g,YALI0D07084g
YALI0C06798g,YALI0D04741g
YALI0B18744g,YALI0B13882g
YALI0F09405g,YALI0C02937g
YALI0F09405g,YALI0E10857g
YALI0F09405g,YALI0F05214g
YALI0E23430g,YALI0C15939g
YALI0E23430g,YALI0F18282g
YALI0D01243g,YALI0C16929g
YALI0D01243g,YALI0D24101g
YALI0C15939g,YALI0F18282g
YALI0B02728g,YALI0D07634g
YALI0B02728g,YALI0E26004g
YALI0B02728g,YALI0F17314g
YALI0D07634g,YALI0D25256g
YALI0D07634g,YALI0E26004g
YALI0E33451g,YALI0D07084g
YALI0B13882g,YALI0F20570g
YALI0F17314g,YALI0C02937g
YALI0F17314g,YALI0D25256g
YALI0F17314g,YALI0E10857g
YALI0F17314g,YALI0F05214g
YALI0C16929g,YALI0D24101g
YALI0C16929g,YALI0F16918g
YALI0F01694g,YALI0D27192g
YALI0A10274g,YALI0E04378g
YALI0A10274g,YALI0F14795g
YALI0F05214g,YALI0C02937g
YALI0F05214g,YALI0D25256g
YALI0F05214g,YALI0E10857g
YALI0A11143g,YALI0C02937g
YALI0A11143g,YALI0E28787g
YALI0F14795g,YALI0C02937g
YALI0A03025g,YALI0D07084g
YALI0A03025g,YALI0E10857g
YALI0C22836g,YALI0D24101g
YALI0C22836g,YALI0F16918g
YALI0D24101g,YALI0F16918g
YALI0F18282g,YALI0C23540g
YALI0D25256g,YALI0E10857g
YALI0C02937g,YALI0E10857g
