YALI0C13904g,YALI0D05357g
YALI0C13904g,YALI0F23815g
YALI0C09350g,YALI0A05137g
YALI0C09350g,YALI0B09471g
YALI0C09350g,YALI0B14839g
YALI0C09350g,YALI0C09548g
YALI0C09350g,YALI0C18513g
YALI0C09350g,YALI0D24519g
YALI0C09350g,YALI0D25894g
YALI0E01914g,YALI0E11033g
YALI0E01914g,YALI0E15312g
YALI0E01914g,YALI0E32747g
YALI0C03201g,YALI0A01419g
YALI0C03201g,YALI0A09438g
YALI0C03201g,YALI0A17946g
YALI0C03201g,YALI0B00792g
YALI0C03201g,YALI0B01540g
YALI0C03201g,YALI0B14861g
YALI0C03201g,YALI0B20658g
YALI0C03201g,YALI0C04565g
YALI0C03201g,YALI0D00737g
YALI0C03201g,YALI0D07216g
YALI0C03201g,YALI0E06215g
YALI0C03201g,YALI0E23089g
YALI0C03201g,YALI0E23749g
YALI0C03201g,YALI0E34037g
YALI0C03201g,YALI0F06050g
YALI0E25201g,YALI0C10472g
YALI0E25201g,YALI0F06622g
YALI0E25201g,YALI0F07975g
YALI0E05401g,YALI0B03718g
YALI0E05401g,YALI0B12188g
YALI0E05401g,YALI0C03828g
YALI0E05401g,YALI0D22520g
YALI0E05401g,YALI0E01958g
YALI0E05401g,YALI0E14993g
YALI0E05401g,YALI0E22330g
YALI0E05401g,YALI0F10659g
YALI0E05401g,YALI0F11979g
YALI0E05401g,YALI0F23683g
YALI0E01276g,YALI0E12375g
YALI0E05555g,YALI0D09361g
YALI0E05555g,YALI0D20306g
YALI0E05555g,YALI0E31581g
YALI0F06050g,YALI0A01419g
YALI0F06050g,YALI0A02651g
YALI0F06050g,YALI0A02915g
YALI0F06050g,YALI0A09438g
YALI0F06050g,YALI0A17946g
YALI0F06050g,YALI0B00792g
YALI0F06050g,YALI0B14861g
YALI0F06050g,YALI0B20372g
YALI0F06050g,YALI0D00737g
YALI0F06050g,YALI0D07216g
YALI0F06050g,YALI0D24585g
YALI0F06050g,YALI0E23089g
YALI0F06050g,YALI0E23749g
YALI0F06050g,YALI0E29667g
YALI0F06050g,YALI0E34037g
YALI0F06050g,YALI0F02123g
YALI0F06050g,YALI0F17248g
YALI0D12837g,YALI0E17919g
YALI0D12837g,YALI0F06732g
YALI0C18403g,YALI0B08074g
YALI0C18403g,YALI0C13706g
YALI0C18403g,YALI0C18755g
YALI0C18403g,YALI0C24277g
YALI0C18403g,YALI0D22088g
YALI0C18403g,YALI0E14102g
YALI0C18403g,YALI0E23760g
YALI0C18403g,YALI0E24805g
YALI0C18403g,YALI0F10725g
YALI0E31793g,YALI0B02574g
YALI0E31793g,YALI0B09471g
YALI0E31793g,YALI0B14839g
YALI0E31793g,YALI0B21692g
YALI0E31793g,YALI0C09548g
YALI0E31793g,YALI0D05676g
YALI0E31793g,YALI0D21208g
YALI0E31793g,YALI0D24519g
YALI0E31793g,YALI0D25894g
YALI0E31793g,YALI0F02871g
YALI0E31793g,YALI0F07645g
YALI0E31793g,YALI0F07975g
YALI0E31793g,YALI0F21087g
YALI0E31793g,YALI0F26169g
YALI0E31793g,YALI0F26411g
YALI0D04224g,YALI0C15741g
YALI0D04224g,YALI0F11487g
YALI0D04224g,YALI0F16599g
YALI0E23199g,YALI0A02849g
YALI0E23199g,YALI0A03003g
YALI0E23199g,YALI0A06501g
YALI0E23199g,YALI0A13541g
YALI0E23199g,YALI0B06116g
YALI0E23199g,YALI0B08074g
YALI0E23199g,YALI0B09812g
YALI0E23199g,YALI0B11000g
YALI0E23199g,YALI0B16742g
YALI0E23199g,YALI0B20086g
YALI0E23199g,YALI0B22594g
YALI0E23199g,YALI0C07887g
YALI0E23199g,YALI0C10802g
YALI0E23199g,YALI0C13706g
YALI0E23199g,YALI0C14036g
YALI0E23199g,YALI0C16478g
YALI0E23199g,YALI0C21109g
YALI0E23199g,YALI0C24277g
YALI0E23199g,YALI0D01804g
YALI0E23199g,YALI0D07326g
YALI0E23199g,YALI0D08448g
YALI0E23199g,YALI0D08470g
YALI0E23199g,YALI0D12606g
YALI0E23199g,YALI0D14850g
YALI0E23199g,YALI0D18150g
YALI0E23199g,YALI0D21142g
YALI0E23199g,YALI0D21934g
YALI0E23199g,YALI0D22088g
YALI0E23199g,YALI0D23155g
YALI0E23199g,YALI0E08602g
YALI0E23199g,YALI0E14124g
YALI0E23199g,YALI0E15312g
YALI0E23199g,YALI0E17369g
YALI0E23199g,YALI0E20493g
YALI0E23199g,YALI0E23760g
YALI0E23199g,YALI0E24805g
YALI0E23199g,YALI0E31317g
YALI0E23199g,YALI0E32153g
YALI0E23199g,YALI0F10725g
YALI0E23199g,YALI0F12991g
YALI0E23199g,YALI0F16984g
YALI0E23199g,YALI0F17600g
YALI0E23199g,YALI0F18150g
YALI0E23199g,YALI0F22935g
YALI0E23199g,YALI0F24365g
YALI0E23199g,YALI0F30195g
YALI0D03333g,YALI0A09537g
YALI0D03333g,YALI0A12001g
YALI0D03333g,YALI0A18271g
YALI0D03333g,YALI0C03828g
YALI0D03333g,YALI0C22924g
YALI0D03333g,YALI0D20240g
YALI0D03333g,YALI0E04114g
YALI0D03333g,YALI0F25091g
YALI0E04466g,YALI0D05533g
YALI0E04466g,YALI0D07920g
YALI0E04466g,YALI0E20009g
YALI0E04466g,YALI0E22759g
YALI0E04466g,YALI0E29139g
YALI0E04466g,YALI0F23727g
YALI0F27929g,YALI0A13541g
YALI0F27929g,YALI0B18590g
YALI0F27929g,YALI0B22594g
YALI0F27929g,YALI0C03718g
YALI0F27929g,YALI0D05533g
YALI0F27929g,YALI0D06908g
YALI0F27929g,YALI0D21934g
YALI0F27929g,YALI0D23155g
YALI0F27929g,YALI0E11033g
YALI0F27929g,YALI0E14124g
YALI0F27929g,YALI0E14641g
YALI0F27929g,YALI0E20009g
YALI0F27929g,YALI0E21065g
YALI0F27929g,YALI0E29139g
YALI0F27929g,YALI0F22367g
YALI0E33407g,YALI0A20658g
YALI0E33407g,YALI0B22132g
YALI0E33407g,YALI0C17391g
YALI0E33407g,YALI0D05676g
YALI0E33407g,YALI0E34881g
YALI0E33407g,YALI0F26411g
YALI0A13497g,YALI0B06160g
YALI0B21692g,YALI0B02574g
YALI0B21692g,YALI0B03718g
YALI0B21692g,YALI0B17072g
YALI0B21692g,YALI0C05533g
YALI0B21692g,YALI0C22275g
YALI0B21692g,YALI0D05676g
YALI0B21692g,YALI0D21208g
YALI0B21692g,YALI0E01958g
YALI0B21692g,YALI0E10791g
YALI0B21692g,YALI0E12617g
YALI0B21692g,YALI0E14993g
YALI0B21692g,YALI0F02871g
YALI0B21692g,YALI0F07645g
YALI0B21692g,YALI0F11979g
YALI0B21692g,YALI0F26169g
YALI0A21263g,YALI0A10615g
YALI0A21263g,YALI0C15048g
YALI0A21263g,YALI0E12001g
YALI0B11000g,YALI0A03003g
YALI0B11000g,YALI0A13541g
YALI0B11000g,YALI0B16742g
YALI0B11000g,YALI0B17732g
YALI0B11000g,YALI0B20086g
YALI0B11000g,YALI0B22594g
YALI0B11000g,YALI0C07887g
YALI0B11000g,YALI0C10802g
YALI0B11000g,YALI0C14036g
YALI0B11000g,YALI0C16478g
YALI0B11000g,YALI0C21109g
YALI0B11000g,YALI0C24277g
YALI0B11000g,YALI0D01804g
YALI0B11000g,YALI0D07326g
YALI0B11000g,YALI0D08448g
YALI0B11000g,YALI0D18150g
YALI0B11000g,YALI0D21626g
YALI0B11000g,YALI0D21934g
YALI0B11000g,YALI0D24970g
YALI0B11000g,YALI0E08602g
YALI0B11000g,YALI0E12353g
YALI0B11000g,YALI0E20493g
YALI0B11000g,YALI0E23760g
YALI0B11000g,YALI0E24717g
YALI0B11000g,YALI0E31317g
YALI0B11000g,YALI0E32153g
YALI0B11000g,YALI0F05500g
YALI0B11000g,YALI0F08877g
YALI0B11000g,YALI0F10725g
YALI0B11000g,YALI0F16984g
YALI0B11000g,YALI0F17248g
YALI0B11000g,YALI0F17512g
YALI0B11000g,YALI0F17600g
YALI0B11000g,YALI0F18150g
YALI0B11000g,YALI0F20878g
YALI0B11000g,YALI0F22935g
YALI0B11000g,YALI0F24365g
YALI0E10153g,YALI0E10813g
YALI0E10153g,YALI0E18744g
YALI0E10153g,YALI0E27390g
YALI0F21615g,YALI0B09427g
YALI0F21615g,YALI0B18810g
YALI0F21615g,YALI0C05038g
YALI0F21615g,YALI0C10780g
YALI0F21615g,YALI0E34815g
YALI0F21615g,YALI0F05698g
YALI0F21615g,YALI0F15147g
YALI0F21615g,YALI0F27995g
YALI0B07117g,YALI0A15906g
YALI0B07117g,YALI0B10109g
YALI0B07117g,YALI0B21142g
YALI0B07117g,YALI0C08327g
YALI0B07117g,YALI0D01111g
YALI0B07117g,YALI0D06501g
YALI0B07117g,YALI0D19140g
YALI0B07117g,YALI0F01628g
YALI0B07117g,YALI0F01650g
YALI0D01111g,YALI0A21373g
YALI0D01111g,YALI0B05676g
YALI0D01111g,YALI0B18986g
YALI0D01111g,YALI0B21142g
YALI0D01111g,YALI0C08327g
YALI0D01111g,YALI0C20053g
YALI0D01111g,YALI0D06688g
YALI0D01111g,YALI0D19140g
YALI0D01111g,YALI0E00748g
YALI0D01111g,YALI0E05423g
YALI0D01111g,YALI0E19338g
YALI0D01111g,YALI0E22286g
YALI0D01111g,YALI0E23023g
YALI0D01111g,YALI0E25179g
YALI0D01111g,YALI0F01606g
YALI0D01111g,YALI0F01628g
YALI0D01111g,YALI0F01650g
YALI0F31559g,YALI0A07799g
YALI0F31559g,YALI0B08748g
YALI0F31559g,YALI0C23771g
YALI0F31559g,YALI0D11572g
YALI0F31559g,YALI0D15686g
YALI0F31559g,YALI0F25069g
YALI0F31559g,YALI0F31097g
YALI0D11990g,YALI0A13057g
YALI0D11990g,YALI0B21978g
YALI0D11990g,YALI0B22594g
YALI0D11990g,YALI0C02871g
YALI0D11990g,YALI0D05533g
YALI0D11990g,YALI0E01760g
YALI0D11990g,YALI0E06941g
YALI0D11990g,YALI0E34540g
YALI0D11990g,YALI0F04884g
YALI0D11990g,YALI0F06270g
YALI0D11990g,YALI0F08503g
YALI0D11990g,YALI0F15147g
YALI0D11990g,YALI0F22935g
YALI0D11990g,YALI0F23727g
YALI0D11990g,YALI0F24651g
YALI0D11990g,YALI0F25069g
YALI0D11990g,YALI0F27995g
YALI0B22836g,YALI0A14388g
YALI0B22836g,YALI0B17732g
YALI0B22836g,YALI0C23771g
YALI0B22836g,YALI0D11572g
YALI0D12881g,YALI0B06754g
YALI0D12881g,YALI0D05676g
YALI0D12881g,YALI0E26191g
YALI0D12881g,YALI0F26411g
YALI0F31383g,YALI0E30019g
YALI0F16599g,YALI0C04180g
YALI0F16599g,YALI0F11487g
YALI0F25619g,YALI0C04389g
YALI0B14619g,YALI0B05456g
YALI0B14619g,YALI0B21824g
YALI0B14619g,YALI0B22550g
YALI0B14619g,YALI0E05313g
YALI0B14619g,YALI0E12595g
YALI0B14619g,YALI0F22121g
YALI0F08877g,YALI0B09075g
YALI0F08877g,YALI0B16742g
YALI0F08877g,YALI0B20086g
YALI0F08877g,YALI0C07887g
YALI0F08877g,YALI0C14036g
YALI0F08877g,YALI0C16478g
YALI0F08877g,YALI0C21109g
YALI0F08877g,YALI0C24277g
YALI0F08877g,YALI0D01804g
YALI0F08877g,YALI0D24629g
YALI0F08877g,YALI0E06237g
YALI0F08877g,YALI0E08602g
YALI0F08877g,YALI0E09691g
YALI0F08877g,YALI0E12353g
YALI0F08877g,YALI0E23760g
YALI0F08877g,YALI0E24717g
YALI0F08877g,YALI0E31317g
YALI0F08877g,YALI0E32153g
YALI0F08877g,YALI0E32747g
YALI0F08877g,YALI0F06732g
YALI0F08877g,YALI0F17600g
YALI0F08877g,YALI0F18150g
YALI0F08877g,YALI0F24365g
YALI0F08877g,YALI0F29183g
YALI0F24783g,YALI0A20504g
YALI0F24783g,YALI0C08960g
YALI0E10065g,YALI0A10615g
YALI0E10065g,YALI0B02574g
YALI0E10065g,YALI0C07612g
YALI0E10065g,YALI0C17391g
YALI0E10065g,YALI0D24992g
YALI0E10065g,YALI0E32483g
YALI0E10065g,YALI0F22363g
YALI0F08833g,YALI0B00264g
YALI0F08833g,YALI0B21978g
YALI0F08833g,YALI0D15686g
YALI0F08833g,YALI0E34353g
YALI0F08833g,YALI0F15147g
YALI0F08833g,YALI0F27995g
YALI0E18612g,YALI0D23221g
YALI0E18612g,YALI0F11319g
YALI0E08602g,YALI0A02849g
YALI0E08602g,YALI0A03003g
YALI0E08602g,YALI0A06501g
YALI0E08602g,YALI0A13541g
YALI0E08602g,YALI0B08074g
YALI0E08602g,YALI0B09075g
YALI0E08602g,YALI0B16742g
YALI0E08602g,YALI0B20086g
YALI0E08602g,YALI0C07887g
YALI0E08602g,YALI0C14036g
YALI0E08602g,YALI0C16478g
YALI0E08602g,YALI0C21109g
YALI0E08602g,YALI0C24277g
YALI0E08602g,YALI0D01804g
YALI0E08602g,YALI0D08448g
YALI0E08602g,YALI0D10065g
YALI0E08602g,YALI0D12771g
YALI0E08602g,YALI0D21934g
YALI0E08602g,YALI0D23155g
YALI0E08602g,YALI0E06237g
YALI0E08602g,YALI0E09691g
YALI0E08602g,YALI0E12353g
YALI0E08602g,YALI0E14124g
YALI0E08602g,YALI0E14641g
YALI0E08602g,YALI0E17919g
YALI0E08602g,YALI0E20493g
YALI0E08602g,YALI0E23760g
YALI0E08602g,YALI0E24717g
YALI0E08602g,YALI0E24805g
YALI0E08602g,YALI0E31317g
YALI0E08602g,YALI0E32153g
YALI0E08602g,YALI0E32747g
YALI0E08602g,YALI0F06732g
YALI0E08602g,YALI0F17600g
YALI0E08602g,YALI0F18150g
YALI0E08602g,YALI0F24365g
YALI0E08602g,YALI0F29183g
YALI0E08602g,YALI0F30195g
YALI0B13376g,YALI0D20240g
YALI0F21087g,YALI0A05137g
YALI0F21087g,YALI0B09471g
YALI0F21087g,YALI0C18513g
YALI0F21087g,YALI0E03344g
YALI0F21087g,YALI0E11011g
YALI0B09559g,YALI0C19063g
YALI0B09559g,YALI0E17149g
YALI0B09559g,YALI0F02079g
YALI0D04961g,YALI0B12584g
YALI0D04961g,YALI0C10648g
YALI0D04961g,YALI0C16390g
YALI0D04961g,YALI0F13739g
YALI0D04961g,YALI0F20724g
YALI0D04961g,YALI0F30921g
YALI0D12606g,YALI0A13541g
YALI0D12606g,YALI0B06116g
YALI0D12606g,YALI0B09812g
YALI0D12606g,YALI0C13706g
YALI0D12606g,YALI0D08448g
YALI0D12606g,YALI0D08470g
YALI0D12606g,YALI0D12793g
YALI0D12606g,YALI0D18150g
YALI0D12606g,YALI0D22088g
YALI0D12606g,YALI0D23155g
YALI0D12606g,YALI0D24343g
YALI0D12606g,YALI0E14124g
YALI0D12606g,YALI0E20493g
YALI0D12606g,YALI0E21065g
YALI0D12606g,YALI0E24805g
YALI0D12606g,YALI0E32153g
YALI0D12606g,YALI0F12991g
YALI0D12606g,YALI0F16984g
YALI0D12606g,YALI0F22935g
YALI0D12606g,YALI0F32021g
YALI0E20691g,YALI0B22814g
YALI0E20691g,YALI0D21230g
YALI0E20691g,YALI0F01606g
YALI0E20691g,YALI0F01628g
YALI0E20691g,YALI0F01650g
YALI0E20691g,YALI0F28457g
YALI0D11506g,YALI0A14707g
YALI0D11506g,YALI0D03663g
YALI0D11506g,YALI0D09086g
YALI0C15741g,YALI0B04598g
YALI0C15741g,YALI0B06138g
YALI0C15741g,YALI0B23496g
YALI0C15741g,YALI0E01958g
YALI0C15741g,YALI0E12001g
YALI0C15741g,YALI0F07689g
YALI0C15741g,YALI0F11979g
YALI0F20658g,YALI0A04939g
YALI0F20658g,YALI0A20328g
YALI0F20658g,YALI0B11968g
YALI0F20658g,YALI0B13442g
YALI0F20658g,YALI0C02365g
YALI0F20658g,YALI0D18700g
YALI0F20658g,YALI0D20086g
YALI0F20658g,YALI0E04444g
YALI0F20658g,YALI0E06655g
YALI0F20658g,YALI0E11363g
YALI0F20658g,YALI0E26785g
YALI0F20658g,YALI0E33979g
YALI0F20658g,YALI0F20350g
YALI0C10135g,YALI0B07689g
YALI0C10135g,YALI0C02365g
YALI0C10135g,YALI0D11242g
YALI0C10135g,YALI0F07755g
YALI0F10769g,YALI0B09812g
YALI0F10769g,YALI0E03344g
YALI0F10769g,YALI0E17369g
YALI0F10769g,YALI0F31548g
YALI0D16401g,YALI0D02871g
YALI0B15037g,YALI0B15642g
YALI0E01760g,YALI0A03817g
YALI0E01760g,YALI0A14388g
YALI0E01760g,YALI0B21978g
YALI0E01760g,YALI0C02871g
YALI0E01760g,YALI0D05533g
YALI0E01760g,YALI0D15686g
YALI0E01760g,YALI0E34353g
YALI0E01760g,YALI0E34540g
YALI0E01760g,YALI0F06259g
YALI0E01760g,YALI0F08503g
YALI0E01760g,YALI0F15147g
YALI0E01760g,YALI0F24651g
YALI0E01760g,YALI0F25069g
YALI0E01760g,YALI0F27995g
YALI0B22572g,YALI0B13442g
YALI0B22572g,YALI0B21032g
YALI0B22572g,YALI0D14080g
YALI0B22572g,YALI0E11363g
YALI0B22572g,YALI0F30011g
YALI0E15312g,YALI0A06501g
YALI0E15312g,YALI0C16478g
YALI0E15312g,YALI0C21109g
YALI0E15312g,YALI0D07326g
YALI0E15312g,YALI0D21934g
YALI0E15312g,YALI0E11033g
YALI0E15312g,YALI0E15136g
YALI0E15312g,YALI0E23760g
YALI0E15312g,YALI0E32153g
YALI0E15312g,YALI0E32747g
YALI0E15312g,YALI0F17600g
YALI0E15312g,YALI0F24365g
YALI0F18480g,YALI0A09988g
YALI0F18480g,YALI0C22506g
YALI0F18480g,YALI0D25124g
YALI0F18480g,YALI0F31603g
YALI0F20878g,YALI0B02222g
YALI0F20878g,YALI0E06413g
YALI0F20878g,YALI0F17248g
YALI0F08503g,YALI0B21978g
YALI0F08503g,YALI0C00165g
YALI0F08503g,YALI0C02871g
YALI0F08503g,YALI0C24013g
YALI0F08503g,YALI0D05533g
YALI0F08503g,YALI0D12793g
YALI0F08503g,YALI0E34353g
YALI0F08503g,YALI0E34540g
YALI0F08503g,YALI0F15147g
YALI0F08503g,YALI0F22935g
YALI0F08503g,YALI0F27995g
YALI0B19448g,YALI0F28831g
YALI0C14542g,YALI0B14597g
YALI0C14542g,YALI0F07491g
YALI0F08855g,YALI0D09086g
YALI0F08855g,YALI0E12155g
YALI0E24717g,YALI0A06501g
YALI0E24717g,YALI0B08074g
YALI0E24717g,YALI0B16742g
YALI0E24717g,YALI0B20086g
YALI0E24717g,YALI0C14036g
YALI0E24717g,YALI0C16478g
YALI0E24717g,YALI0C21109g
YALI0E24717g,YALI0C24277g
YALI0E24717g,YALI0D01804g
YALI0E24717g,YALI0D12771g
YALI0E24717g,YALI0E20493g
YALI0E24717g,YALI0E23760g
YALI0E24717g,YALI0E31317g
YALI0E24717g,YALI0E32153g
YALI0E24717g,YALI0E32747g
YALI0E24717g,YALI0F10725g
YALI0E24717g,YALI0F17600g
YALI0E24717g,YALI0F18150g
YALI0E24717g,YALI0F24365g
YALI0E24717g,YALI0F30195g
YALI0D19140g,YALI0A21373g
YALI0D19140g,YALI0B10109g
YALI0D19140g,YALI0B21142g
YALI0D19140g,YALI0C08327g
YALI0D19140g,YALI0E19338g
YALI0D19140g,YALI0E22286g
YALI0D19140g,YALI0E25179g
YALI0D19140g,YALI0F01628g
YALI0B16742g,YALI0A03003g
YALI0B16742g,YALI0A13541g
YALI0B16742g,YALI0B06116g
YALI0B16742g,YALI0B08074g
YALI0B16742g,YALI0B17732g
YALI0B16742g,YALI0B20086g
YALI0B16742g,YALI0B22594g
YALI0B16742g,YALI0B22946g
YALI0B16742g,YALI0C07887g
YALI0B16742g,YALI0C10802g
YALI0B16742g,YALI0C14036g
YALI0B16742g,YALI0C16478g
YALI0B16742g,YALI0C21109g
YALI0B16742g,YALI0C24277g
YALI0B16742g,YALI0D01804g
YALI0B16742g,YALI0D07326g
YALI0B16742g,YALI0D08448g
YALI0B16742g,YALI0D11572g
YALI0B16742g,YALI0D18150g
YALI0B16742g,YALI0D21626g
YALI0B16742g,YALI0D21934g
YALI0B16742g,YALI0D23155g
YALI0B16742g,YALI0E14124g
YALI0B16742g,YALI0E15136g
YALI0B16742g,YALI0E17369g
YALI0B16742g,YALI0E20493g
YALI0B16742g,YALI0E23760g
YALI0B16742g,YALI0E24805g
YALI0B16742g,YALI0E29139g
YALI0B16742g,YALI0E31317g
YALI0B16742g,YALI0E32153g
YALI0B16742g,YALI0F10725g
YALI0B16742g,YALI0F16984g
YALI0B16742g,YALI0F17512g
YALI0B16742g,YALI0F17600g
YALI0B16742g,YALI0F18150g
YALI0B16742g,YALI0F22935g
YALI0B16742g,YALI0F24365g
YALI0B16742g,YALI0F30195g
YALI0E14641g,YALI0A03003g
YALI0E14641g,YALI0A13541g
YALI0E14641g,YALI0B09075g
YALI0E14641g,YALI0B20086g
YALI0E14641g,YALI0C16478g
YALI0E14641g,YALI0D00715g
YALI0E14641g,YALI0D10065g
YALI0E14641g,YALI0D23155g
YALI0E14641g,YALI0E12353g
YALI0E14641g,YALI0E14124g
YALI0E14641g,YALI0E24805g
YALI0E14641g,YALI0F17600g
YALI0E14641g,YALI0F18150g
YALI0E14641g,YALI0F29183g
YALI0F09053g,YALI0D06974g
YALI0D07216g,YALI0A02651g
YALI0D07216g,YALI0A02915g
YALI0D07216g,YALI0A09438g
YALI0D07216g,YALI0A17946g
YALI0D07216g,YALI0B00792g
YALI0D07216g,YALI0B01540g
YALI0D07216g,YALI0B14861g
YALI0D07216g,YALI0B20658g
YALI0D07216g,YALI0C04565g
YALI0D07216g,YALI0D00737g
YALI0D07216g,YALI0D19030g
YALI0D07216g,YALI0E11891g
YALI0D07216g,YALI0E23089g
YALI0D07216g,YALI0E23749g
YALI0D07216g,YALI0F02123g
YALI0D07216g,YALI0F17248g
YALI0B11066g,YALI0A06611g
YALI0B11066g,YALI0B13222g
YALI0B11066g,YALI0C16643g
YALI0B11066g,YALI0D25124g
YALI0B11066g,YALI0E06941g
YALI0B11066g,YALI0E28644g
YALI0B11066g,YALI0F04884g
YALI0B11066g,YALI0F25069g
YALI0C24277g,YALI0A02849g
YALI0C24277g,YALI0A06501g
YALI0C24277g,YALI0A13541g
YALI0C24277g,YALI0B08074g
YALI0C24277g,YALI0B09075g
YALI0C24277g,YALI0B20086g
YALI0C24277g,YALI0C10802g
YALI0C24277g,YALI0C13706g
YALI0C24277g,YALI0C14036g
YALI0C24277g,YALI0C16478g
YALI0C24277g,YALI0C18755g
YALI0C24277g,YALI0C21109g
YALI0C24277g,YALI0D01804g
YALI0C24277g,YALI0D07326g
YALI0C24277g,YALI0D08448g
YALI0C24277g,YALI0D08470g
YALI0C24277g,YALI0D12771g
YALI0C24277g,YALI0D18150g
YALI0C24277g,YALI0D21934g
YALI0C24277g,YALI0D22088g
YALI0C24277g,YALI0D23155g
YALI0C24277g,YALI0E12353g
YALI0C24277g,YALI0E14102g
YALI0C24277g,YALI0E14124g
YALI0C24277g,YALI0E17919g
YALI0C24277g,YALI0E20493g
YALI0C24277g,YALI0E23760g
YALI0C24277g,YALI0E24805g
YALI0C24277g,YALI0E31317g
YALI0C24277g,YALI0E32153g
YALI0C24277g,YALI0F10725g
YALI0C24277g,YALI0F12991g
YALI0C24277g,YALI0F16984g
YALI0C24277g,YALI0F17600g
YALI0C24277g,YALI0F18150g
YALI0C24277g,YALI0F24365g
YALI0C24277g,YALI0F29183g
YALI0C24277g,YALI0F30195g
YALI0E14124g,YALI0A03003g
YALI0E14124g,YALI0A13541g
YALI0E14124g,YALI0B08074g
YALI0E14124g,YALI0B09075g
YALI0E14124g,YALI0B16016g
YALI0E14124g,YALI0B20086g
YALI0E14124g,YALI0B22594g
YALI0E14124g,YALI0C13706g
YALI0E14124g,YALI0C14036g
YALI0E14124g,YALI0C16478g
YALI0E14124g,YALI0C18381g
YALI0E14124g,YALI0C18755g
YALI0E14124g,YALI0D01804g
YALI0E14124g,YALI0D08470g
YALI0E14124g,YALI0D10065g
YALI0E14124g,YALI0D12771g
YALI0E14124g,YALI0D21934g
YALI0E14124g,YALI0D22088g
YALI0E14124g,YALI0D23155g
YALI0E14124g,YALI0E12353g
YALI0E14124g,YALI0E17919g
YALI0E14124g,YALI0E20493g
YALI0E14124g,YALI0E23760g
YALI0E14124g,YALI0E24805g
YALI0E14124g,YALI0E31317g
YALI0E14124g,YALI0E32153g
YALI0E14124g,YALI0F09768g
YALI0E14124g,YALI0F12991g
YALI0E14124g,YALI0F16984g
YALI0E14124g,YALI0F17600g
YALI0E14124g,YALI0F18150g
YALI0E14124g,YALI0F22935g
YALI0E14124g,YALI0F24365g
YALI0E14124g,YALI0F29183g
YALI0F17600g,YALI0A03003g
YALI0F17600g,YALI0A06501g
YALI0F17600g,YALI0A13541g
YALI0F17600g,YALI0B08074g
YALI0F17600g,YALI0B09075g
YALI0F17600g,YALI0B20086g
YALI0F17600g,YALI0B22594g
YALI0F17600g,YALI0C07887g
YALI0F17600g,YALI0C10802g
YALI0F17600g,YALI0C13706g
YALI0F17600g,YALI0C14036g
YALI0F17600g,YALI0C16478g
YALI0F17600g,YALI0C18381g
YALI0F17600g,YALI0C21109g
YALI0F17600g,YALI0D01804g
YALI0F17600g,YALI0D07326g
YALI0F17600g,YALI0D08448g
YALI0F17600g,YALI0D10065g
YALI0F17600g,YALI0D12771g
YALI0F17600g,YALI0D15774g
YALI0F17600g,YALI0D21934g
YALI0F17600g,YALI0D22088g
YALI0F17600g,YALI0D23155g
YALI0F17600g,YALI0E09691g
YALI0F17600g,YALI0E11033g
YALI0F17600g,YALI0E12353g
YALI0F17600g,YALI0E14102g
YALI0F17600g,YALI0E17919g
YALI0F17600g,YALI0E20493g
YALI0F17600g,YALI0E22759g
YALI0F17600g,YALI0E23760g
YALI0F17600g,YALI0E24805g
YALI0F17600g,YALI0E29139g
YALI0F17600g,YALI0E32153g
YALI0F17600g,YALI0E32747g
YALI0F17600g,YALI0F06732g
YALI0F17600g,YALI0F10725g
YALI0F17600g,YALI0F12991g
YALI0F17600g,YALI0F16984g
YALI0F17600g,YALI0F18150g
YALI0F17600g,YALI0F24365g
YALI0F17600g,YALI0F29183g
YALI0F17600g,YALI0F30195g
YALI0C07887g,YALI0A13541g
YALI0C07887g,YALI0B17732g
YALI0C07887g,YALI0B20086g
YALI0C07887g,YALI0C10802g
YALI0C07887g,YALI0C16478g
YALI0C07887g,YALI0C21109g
YALI0C07887g,YALI0D01804g
YALI0C07887g,YALI0D07326g
YALI0C07887g,YALI0D08448g
YALI0C07887g,YALI0D10065g
YALI0C07887g,YALI0D21934g
YALI0C07887g,YALI0D24970g
YALI0C07887g,YALI0E06215g
YALI0C07887g,YALI0E09691g
YALI0C07887g,YALI0E20493g
YALI0C07887g,YALI0E23760g
YALI0C07887g,YALI0E32153g
YALI0C07887g,YALI0F05500g
YALI0C07887g,YALI0F10725g
YALI0C07887g,YALI0F17512g
YALI0C07887g,YALI0F18150g
YALI0C07887g,YALI0F24365g
YALI0C10802g,YALI0A03003g
YALI0C10802g,YALI0A13541g
YALI0C10802g,YALI0B06116g
YALI0C10802g,YALI0B17732g
YALI0C10802g,YALI0B20086g
YALI0C10802g,YALI0B22594g
YALI0C10802g,YALI0B22946g
YALI0C10802g,YALI0C11011g
YALI0C10802g,YALI0C14036g
YALI0C10802g,YALI0C16478g
YALI0C10802g,YALI0C21109g
YALI0C10802g,YALI0D01804g
YALI0C10802g,YALI0D07326g
YALI0C10802g,YALI0D08448g
YALI0C10802g,YALI0D11572g
YALI0C10802g,YALI0D18150g
YALI0C10802g,YALI0D21934g
YALI0C10802g,YALI0D23155g
YALI0C10802g,YALI0E05115g
YALI0C10802g,YALI0E15136g
YALI0C10802g,YALI0E17369g
YALI0C10802g,YALI0E20493g
YALI0C10802g,YALI0E23760g
YALI0C10802g,YALI0E32153g
YALI0C10802g,YALI0F10725g
YALI0C10802g,YALI0F16984g
YALI0C10802g,YALI0F17512g
YALI0C10802g,YALI0F18150g
YALI0C10802g,YALI0F22935g
YALI0C10802g,YALI0F24365g
YALI0C10802g,YALI0F30195g
YALI0F13739g,YALI0F30921g
YALI0C08327g,YALI0A21373g
YALI0C08327g,YALI0B05676g
YALI0C08327g,YALI0B18986g
YALI0C08327g,YALI0B22814g
YALI0C08327g,YALI0C10923g
YALI0C08327g,YALI0C14740g
YALI0C08327g,YALI0C20053g
YALI0C08327g,YALI0D02475g
YALI0C08327g,YALI0D06688g
YALI0C08327g,YALI0E00748g
YALI0C08327g,YALI0E05423g
YALI0C08327g,YALI0E25179g
YALI0C08327g,YALI0E34243g
YALI0C08327g,YALI0F01606g
YALI0C08327g,YALI0F01628g
YALI0C08327g,YALI0F01650g
YALI0C16995g,YALI0E03410g
YALI0C16995g,YALI0F32065g
YALI0F06732g,YALI0A17314g
YALI0F06732g,YALI0B09075g
YALI0F06732g,YALI0B20086g
YALI0F06732g,YALI0E09691g
YALI0F06732g,YALI0E17919g
YALI0F06732g,YALI0F18150g
YALI0F06732g,YALI0F18854g
YALI0F06732g,YALI0F19800g
YALI0F06732g,YALI0F29183g
YALI0C05533g,YALI0B17072g
YALI0C05533g,YALI0B22418g
YALI0C05533g,YALI0C09548g
YALI0C05533g,YALI0D21208g
YALI0C05533g,YALI0E10791g
YALI0C05533g,YALI0E12617g
YALI0C05533g,YALI0F03971g
YALI0C05533g,YALI0F07645g
YALI0C05533g,YALI0F11979g
YALI0C05533g,YALI0F26169g
YALI0A17314g,YALI0C08459g
YALI0A17314g,YALI0E17919g
YALI0A17314g,YALI0F18854g
YALI0A17314g,YALI0F19800g
YALI0A13541g,YALI0A03003g
YALI0A13541g,YALI0B06116g
YALI0A13541g,YALI0B08074g
YALI0A13541g,YALI0B09075g
YALI0A13541g,YALI0B09812g
YALI0A13541g,YALI0B16016g
YALI0A13541g,YALI0B20086g
YALI0A13541g,YALI0B22594g
YALI0A13541g,YALI0B22946g
YALI0A13541g,YALI0C13706g
YALI0A13541g,YALI0C14036g
YALI0A13541g,YALI0C16478g
YALI0A13541g,YALI0C18755g
YALI0A13541g,YALI0D01804g
YALI0A13541g,YALI0D07326g
YALI0A13541g,YALI0D08448g
YALI0A13541g,YALI0D08470g
YALI0A13541g,YALI0D11572g
YALI0A13541g,YALI0D18150g
YALI0A13541g,YALI0D21934g
YALI0A13541g,YALI0D22088g
YALI0A13541g,YALI0D23155g
YALI0A13541g,YALI0E12353g
YALI0A13541g,YALI0E17369g
YALI0A13541g,YALI0E20493g
YALI0A13541g,YALI0E23760g
YALI0A13541g,YALI0E24805g
YALI0A13541g,YALI0E29139g
YALI0A13541g,YALI0E31317g
YALI0A13541g,YALI0E32153g
YALI0A13541g,YALI0F10725g
YALI0A13541g,YALI0F12991g
YALI0A13541g,YALI0F16984g
YALI0A13541g,YALI0F18150g
YALI0A13541g,YALI0F22935g
YALI0A13541g,YALI0F24365g
YALI0F01650g,YALI0A21373g
YALI0F01650g,YALI0B18986g
YALI0F01650g,YALI0B22814g
YALI0F01650g,YALI0C20053g
YALI0F01650g,YALI0D21230g
YALI0F01650g,YALI0E23023g
YALI0F01650g,YALI0F01606g
YALI0F01650g,YALI0F01628g
YALI0E01738g,YALI0B15642g
YALI0E01738g,YALI0E15532g
YALI0D01067g,YALI0D16885g
YALI0D01067g,YALI0F06028g
YALI0F26411g,YALI0A20658g
YALI0F26411g,YALI0B02574g
YALI0F26411g,YALI0B06754g
YALI0F26411g,YALI0B22132g
YALI0F26411g,YALI0C09548g
YALI0F26411g,YALI0C22275g
YALI0F26411g,YALI0D05676g
YALI0F26411g,YALI0D21208g
YALI0F26411g,YALI0F02871g
YALI0F26411g,YALI0F07645g
YALI0F26411g,YALI0F07975g
YALI0F32065g,YALI0C15026g
YALI0F32065g,YALI0C16797g
YALI0F32065g,YALI0E03410g
YALI0E15862g,YALI0A15906g
YALI0E15862g,YALI0D06501g
YALI0E15862g,YALI0F11605g
YALI0A05137g,YALI0B05918g
YALI0A05137g,YALI0B09471g
YALI0A05137g,YALI0C18513g
YALI0A05137g,YALI0D24519g
YALI0A05137g,YALI0E03344g
YALI0A05137g,YALI0E11011g
YALI0A05137g,YALI0E16148g
YALI0A05137g,YALI0F10054g
YALI0A05137g,YALI0F21241g
YALI0F07491g,YALI0A18271g
YALI0F07491g,YALI0B11726g
YALI0F07491g,YALI0B14597g
YALI0F07491g,YALI0D20240g
YALI0F07491g,YALI0E17149g
YALI0F07491g,YALI0E22715g
YALI0E23760g,YALI0A03003g
YALI0E23760g,YALI0A06501g
YALI0E23760g,YALI0B08074g
YALI0E23760g,YALI0B09075g
YALI0E23760g,YALI0B20086g
YALI0E23760g,YALI0B22946g
YALI0E23760g,YALI0C14036g
YALI0E23760g,YALI0C16478g
YALI0E23760g,YALI0C21109g
YALI0E23760g,YALI0D01804g
YALI0E23760g,YALI0D07326g
YALI0E23760g,YALI0D08448g
YALI0E23760g,YALI0D12771g
YALI0E23760g,YALI0D15774g
YALI0E23760g,YALI0D21934g
YALI0E23760g,YALI0D22088g
YALI0E23760g,YALI0D23155g
YALI0E23760g,YALI0D24629g
YALI0E23760g,YALI0E14102g
YALI0E23760g,YALI0E20493g
YALI0E23760g,YALI0E24805g
YALI0E23760g,YALI0E29139g
YALI0E23760g,YALI0E31317g
YALI0E23760g,YALI0E32153g
YALI0E23760g,YALI0F10725g
YALI0E23760g,YALI0F16984g
YALI0E23760g,YALI0F18150g
YALI0E23760g,YALI0F24365g
YALI0E23760g,YALI0F30195g
YALI0B17204g,YALI0B18194g
YALI0B17204g,YALI0E11517g
YALI0B17204g,YALI0E22286g
YALI0B17204g,YALI0F01584g
YALI0D18403g,YALI0C04180g
YALI0D18403g,YALI0C15026g
YALI0D18403g,YALI0C16797g
YALI0D18403g,YALI0F11627g
YALI0D18403g,YALI0F27753g
YALI0E21846g,YALI0B16016g
YALI0E21846g,YALI0D11792g
YALI0F01628g,YALI0A21373g
YALI0F01628g,YALI0B18986g
YALI0F01628g,YALI0B21142g
YALI0F01628g,YALI0B22814g
YALI0F01628g,YALI0C20265g
YALI0F01628g,YALI0D06688g
YALI0F01628g,YALI0E00748g
YALI0F01628g,YALI0E05423g
YALI0F01628g,YALI0E19338g
YALI0F01628g,YALI0E23023g
YALI0F01628g,YALI0E25179g
YALI0F01628g,YALI0E34243g
YALI0F01628g,YALI0F01606g
YALI0F12991g,YALI0B06116g
YALI0F12991g,YALI0B08074g
YALI0F12991g,YALI0B20086g
YALI0F12991g,YALI0C13706g
YALI0F12991g,YALI0C16478g
YALI0F12991g,YALI0C18755g
YALI0F12991g,YALI0D01804g
YALI0F12991g,YALI0D08448g
YALI0F12991g,YALI0D08470g
YALI0F12991g,YALI0D11792g
YALI0F12991g,YALI0D12771g
YALI0F12991g,YALI0D18150g
YALI0F12991g,YALI0D22088g
YALI0F12991g,YALI0D23155g
YALI0F12991g,YALI0D24343g
YALI0F12991g,YALI0E14102g
YALI0F12991g,YALI0E20493g
YALI0F12991g,YALI0E24805g
YALI0F12991g,YALI0E32153g
YALI0F12991g,YALI0F16984g
YALI0F12991g,YALI0F32021g
YALI0F11627g,YALI0B15722g
YALI0F11627g,YALI0B20262g
YALI0F11627g,YALI0C04136g
YALI0F11627g,YALI0C15026g
YALI0F11627g,YALI0D18678g
YALI0F11627g,YALI0F17886g
YALI0F11627g,YALI0F27753g
YALI0D09933g,YALI0A02783g
YALI0D09933g,YALI0A20273g
YALI0D09933g,YALI0F27753g
YALI0A20273g,YALI0B03102g
YALI0D24343g,YALI0B08074g
YALI0D24343g,YALI0B09812g
YALI0D24343g,YALI0B16016g
YALI0D24343g,YALI0C13706g
YALI0D24343g,YALI0C18755g
YALI0D24343g,YALI0D08470g
YALI0D24343g,YALI0D22088g
YALI0D24343g,YALI0D23155g
YALI0D24343g,YALI0E04939g
YALI0D24343g,YALI0E21065g
YALI0D24343g,YALI0E24805g
YALI0D24343g,YALI0F16984g
YALI0D24343g,YALI0F32021g
YALI0F29975g,YALI0B10846g
YALI0F29975g,YALI0E06721g
YALI0B14949g,YALI0E26257g
YALI0B21846g,YALI0B21868g
YALI0E28985g,YALI0C20265g
YALI0E28985g,YALI0D22520g
YALI0E28985g,YALI0E26653g
YALI0E28985g,YALI0E27786g
YALI0E28985g,YALI0F07623g
YALI0A01419g,YALI0A09438g
YALI0A01419g,YALI0B01540g
YALI0A01419g,YALI0B20372g
YALI0A01419g,YALI0D00737g
YALI0A01419g,YALI0D05467g
YALI0A01419g,YALI0D24585g
YALI0A01419g,YALI0E29667g
YALI0A01419g,YALI0E34037g
YALI0A01419g,YALI0F21219g
YALI0B07667g,YALI0F07623g
YALI0D14916g,YALI0B01980g
YALI0D14916g,YALI0D07920g
YALI0D14916g,YALI0F31603g
YALI0C21890g,YALI0E06193g
YALI0F19800g,YALI0B09075g
YALI0F19800g,YALI0C08459g
YALI0F19800g,YALI0C18381g
YALI0F19800g,YALI0E17919g
YALI0F19800g,YALI0F29183g
YALI0C22550g,YALI0C16951g
YALI0C22550g,YALI0E29506g
YALI0C22550g,YALI0E30217g
YALI0C22550g,YALI0F13783g
YALI0B16962g,YALI0E21065g
YALI0E30547g,YALI0A09537g
YALI0E30547g,YALI0A10637g
YALI0E30547g,YALI0A18271g
YALI0E30547g,YALI0B01848g
YALI0E30547g,YALI0D20240g
YALI0F02079g,YALI0C22990g
YALI0F02079g,YALI0D08756g
YALI0F02079g,YALI0F29073g
YALI0D19030g,YALI0A02651g
YALI0D19030g,YALI0A17946g
YALI0D19030g,YALI0B00792g
YALI0D19030g,YALI0B14861g
YALI0D19030g,YALI0E11891g
YALI0D19030g,YALI0E23089g
YALI0D19030g,YALI0E23749g
YALI0D19030g,YALI0E28424g
YALI0C07634g,YALI0A15906g
YALI0C07634g,YALI0B10109g
YALI0C07634g,YALI0B21142g
YALI0C07634g,YALI0E19338g
YALI0E05313g,YALI0B05456g
YALI0E05313g,YALI0B21824g
YALI0E05313g,YALI0B22550g
YALI0E05313g,YALI0E12595g
YALI0F28149g,YALI0C05555g
YALI0F13849g,YALI0F19228g
YALI0F03883g,YALI0E20273g
YALI0D11374g,YALI0D15752g
YALI0D11374g,YALI0D23397g
YALI0B09812g,YALI0B06116g
YALI0B09812g,YALI0C13706g
YALI0B09812g,YALI0C18425g
YALI0B09812g,YALI0D06908g
YALI0B09812g,YALI0D07326g
YALI0B09812g,YALI0D08470g
YALI0B09812g,YALI0D12793g
YALI0B09812g,YALI0D14850g
YALI0B09812g,YALI0D18150g
YALI0B09812g,YALI0D21142g
YALI0B09812g,YALI0D22088g
YALI0B09812g,YALI0D23155g
YALI0B09812g,YALI0E21065g
YALI0B09812g,YALI0E24805g
YALI0B09812g,YALI0F16984g
YALI0B09812g,YALI0F32021g
YALI0E03410g,YALI0C15026g
YALI0E03410g,YALI0C16797g
YALI0A02915g,YALI0A02651g
YALI0A02915g,YALI0A14784g
YALI0A02915g,YALI0A14806g
YALI0A02915g,YALI0B00792g
YALI0A02915g,YALI0B14861g
YALI0A02915g,YALI0B20372g
YALI0A02915g,YALI0D00737g
YALI0A02915g,YALI0D24585g
YALI0A02915g,YALI0E23089g
YALI0A02915g,YALI0E23749g
YALI0A02915g,YALI0E29667g
YALI0A02915g,YALI0F02123g
YALI0A02915g,YALI0F17248g
YALI0B09251g,YALI0A06633g
YALI0C16643g,YALI0A06611g
YALI0C16643g,YALI0D05841g
YALI0C16643g,YALI0D22440g
YALI0C16643g,YALI0E28644g
YALI0F07689g,YALI0A06633g
YALI0F07689g,YALI0A10615g
YALI0F07689g,YALI0B02574g
YALI0F07689g,YALI0B03718g
YALI0F07689g,YALI0B06138g
YALI0F07689g,YALI0C15048g
YALI0F07689g,YALI0D21208g
YALI0F07689g,YALI0D24992g
YALI0F07689g,YALI0E01958g
YALI0F07689g,YALI0E05863g
YALI0F07689g,YALI0E12001g
YALI0F07689g,YALI0E34221g
YALI0F07689g,YALI0F10659g
YALI0F07689g,YALI0F11253g
YALI0F07689g,YALI0F11979g
YALI0F07689g,YALI0F14905g
YALI0F18392g,YALI0A20328g
YALI0F18392g,YALI0B11198g
YALI0F18392g,YALI0B18018g
YALI0F18392g,YALI0D09955g
YALI0F18392g,YALI0D20086g
YALI0C18381g,YALI0B09075g
YALI0C18381g,YALI0D11792g
YALI0C18381g,YALI0E17919g
YALI0C18381g,YALI0E24805g
YALI0C18381g,YALI0F29183g
YALI0D05511g,YALI0E01936g
YALI0D05511g,YALI0E09691g
YALI0E22715g,YALI0D17050g
YALI0E22715g,YALI0D20240g
YALI0E22715g,YALI0E17149g
YALI0F03047g,YALI0D22088g
YALI0E23496g,YALI0E32417g
YALI0C22990g,YALI0A16588g
YALI0C22990g,YALI0D05357g
YALI0F11253g,YALI0A06633g
YALI0F11253g,YALI0A10615g
YALI0F11253g,YALI0A18271g
YALI0F11253g,YALI0B06138g
YALI0F11253g,YALI0B09427g
YALI0F11253g,YALI0B22814g
YALI0F11253g,YALI0C05104g
YALI0F11253g,YALI0C15048g
YALI0F11253g,YALI0D12166g
YALI0F11253g,YALI0D20240g
YALI0F11253g,YALI0E01958g
YALI0F11253g,YALI0E12001g
YALI0F11253g,YALI0F06622g
YALI0F11253g,YALI0F07623g
YALI0F11253g,YALI0F10659g
YALI0F11253g,YALI0F14905g
YALI0F11253g,YALI0F25091g
YALI0B18986g,YALI0B22814g
YALI0B18986g,YALI0D06688g
YALI0B18986g,YALI0E00748g
YALI0B18986g,YALI0E05423g
YALI0B18986g,YALI0E34243g
YALI0B18986g,YALI0F01606g
YALI0D17050g,YALI0E25608g
YALI0F08811g,YALI0E29307g
YALI0D12683g,YALI0C22506g
YALI0D12683g,YALI0D10065g
YALI0B01540g,YALI0A09438g
YALI0B01540g,YALI0B20372g
YALI0B01540g,YALI0B20658g
YALI0B01540g,YALI0D00737g
YALI0B01540g,YALI0E23089g
YALI0B01540g,YALI0E23749g
YALI0B01540g,YALI0E29667g
YALI0B01540g,YALI0E34037g
YALI0F28831g,YALI0A16489g
YALI0F28831g,YALI0C02365g
YALI0C20977g,YALI0A21351g
YALI0C20977g,YALI0B23496g
YALI0D24629g,YALI0A06501g
YALI0D24629g,YALI0C16478g
YALI0D24629g,YALI0C21109g
YALI0D24629g,YALI0D12771g
YALI0D24629g,YALI0D15774g
YALI0D24629g,YALI0E11891g
YALI0D24629g,YALI0E31317g
YALI0D24629g,YALI0E31766g
YALI0D24629g,YALI0F10725g
YALI0D24629g,YALI0F18150g
YALI0A10637g,YALI0C11858g
YALI0A10637g,YALI0C20265g
YALI0A10637g,YALI0D12166g
YALI0A10637g,YALI0D22520g
YALI0A10637g,YALI0E26653g
YALI0A10637g,YALI0E34243g
YALI0A10637g,YALI0F01606g
YALI0B11968g,YALI0C07865g
YALI0B11968g,YALI0D23001g
YALI0C16951g,YALI0D16313g
YALI0C16951g,YALI0D22440g
YALI0C16951g,YALI0E29506g
YALI0C16951g,YALI0E30217g
YALI0C16951g,YALI0F13783g
YALI0F10725g,YALI0A06501g
YALI0F10725g,YALI0B06116g
YALI0F10725g,YALI0B08074g
YALI0F10725g,YALI0B20086g
YALI0F10725g,YALI0C13706g
YALI0F10725g,YALI0C14036g
YALI0F10725g,YALI0C16478g
YALI0F10725g,YALI0C21109g
YALI0F10725g,YALI0D07326g
YALI0F10725g,YALI0D08448g
YALI0F10725g,YALI0D15774g
YALI0F10725g,YALI0D18150g
YALI0F10725g,YALI0D21142g
YALI0F10725g,YALI0D21934g
YALI0F10725g,YALI0D22088g
YALI0F10725g,YALI0D23155g
YALI0F10725g,YALI0E20493g
YALI0F10725g,YALI0E24805g
YALI0F10725g,YALI0E31317g
YALI0F10725g,YALI0E32153g
YALI0F10725g,YALI0F16984g
YALI0F10725g,YALI0F24365g
YALI0F10725g,YALI0F30195g
YALI0A02849g,YALI0E31317g
YALI0A02849g,YALI0E32153g
YALI0A02849g,YALI0E32747g
YALI0A02849g,YALI0F18150g
YALI0E32483g,YALI0B02574g
YALI0E32483g,YALI0C07612g
YALI0E32483g,YALI0D06974g
YALI0E32483g,YALI0F06259g
YALI0D15752g,YALI0D09361g
YALI0D15752g,YALI0D23397g
YALI0F05698g,YALI0B09427g
YALI0F05698g,YALI0C05038g
YALI0F05698g,YALI0C20933g
YALI0F05698g,YALI0D08756g
YALI0F05698g,YALI0E01144g
YALI0F05698g,YALI0E27269g
YALI0F05698g,YALI0E34815g
YALI0F05698g,YALI0F22495g
YALI0D18590g,YALI0B15708g
YALI0D25124g,YALI0A06611g
YALI0D25124g,YALI0B13222g
YALI0D25124g,YALI0C22506g
YALI0D25124g,YALI0D16313g
YALI0D25124g,YALI0E06941g
YALI0D25124g,YALI0E28644g
YALI0D25124g,YALI0F04884g
YALI0C01045g,YALI0D09086g
YALI0C01045g,YALI0F01056g
YALI0C19426g,YALI0C22858g
YALI0C19426g,YALI0D07194g
YALI0C19426g,YALI0E18260g
YALI0A05577g,YALI0C19151g
YALI0A05577g,YALI0D18678g
YALI0A05577g,YALI0E20537g
YALI0A05577g,YALI0E32417g
YALI0E04114g,YALI0A09537g
YALI0E04114g,YALI0A10615g
YALI0E04114g,YALI0A12001g
YALI0E04114g,YALI0A18271g
YALI0E04114g,YALI0B03718g
YALI0E04114g,YALI0B05940g
YALI0E04114g,YALI0C03828g
YALI0E04114g,YALI0C05104g
YALI0E04114g,YALI0C22924g
YALI0E04114g,YALI0D20240g
YALI0E04114g,YALI0E01958g
YALI0E04114g,YALI0E34815g
YALI0E04114g,YALI0F10659g
YALI0E04114g,YALI0F25091g
YALI0B10109g,YALI0B21142g
YALI0B10109g,YALI0E19338g
YALI0B10109g,YALI0E25179g
YALI0B10109g,YALI0E27786g
YALI0B10109g,YALI0F01584g
YALI0E12595g,YALI0B05456g
YALI0E12595g,YALI0B22550g
YALI0E12595g,YALI0F22121g
YALI0C23771g,YALI0D11572g
YALI0C23771g,YALI0E05115g
YALI0F09768g,YALI0A03003g
YALI0F09768g,YALI0B09075g
YALI0F09768g,YALI0D01804g
YALI0F09768g,YALI0D10065g
YALI0F09768g,YALI0E12353g
YALI0F09768g,YALI0F18150g
YALI0F26169g,YALI0B01320g
YALI0F26169g,YALI0B02574g
YALI0F26169g,YALI0B14839g
YALI0F26169g,YALI0B17072g
YALI0F26169g,YALI0B22418g
YALI0F26169g,YALI0D05676g
YALI0F26169g,YALI0D24992g
YALI0F26169g,YALI0D25894g
YALI0F26169g,YALI0E14993g
YALI0F26169g,YALI0F02871g
YALI0F26169g,YALI0F07645g
YALI0B08074g,YALI0A06501g
YALI0B08074g,YALI0B09075g
YALI0B08074g,YALI0B20086g
YALI0B08074g,YALI0C13706g
YALI0B08074g,YALI0C14036g
YALI0B08074g,YALI0C16478g
YALI0B08074g,YALI0C18755g
YALI0B08074g,YALI0C21109g
YALI0B08074g,YALI0D01804g
YALI0B08074g,YALI0D07326g
YALI0B08074g,YALI0D08470g
YALI0B08074g,YALI0D12771g
YALI0B08074g,YALI0D18150g
YALI0B08074g,YALI0D21142g
YALI0B08074g,YALI0D22088g
YALI0B08074g,YALI0D23155g
YALI0B08074g,YALI0E14102g
YALI0B08074g,YALI0E17919g
YALI0B08074g,YALI0E20493g
YALI0B08074g,YALI0E24805g
YALI0B08074g,YALI0E31317g
YALI0B08074g,YALI0E32153g
YALI0B08074g,YALI0F16984g
YALI0B08074g,YALI0F18150g
YALI0B08074g,YALI0F24365g
YALI0B08074g,YALI0F30195g
YALI0A16588g,YALI0D05357g
YALI0A16588g,YALI0E21395g
YALI0A16588g,YALI0F20526g
YALI0F06622g,YALI0A10615g
YALI0F06622g,YALI0C00165g
YALI0F06622g,YALI0C15048g
YALI0F06622g,YALI0D21208g
YALI0F06622g,YALI0F07975g
YALI0F11319g,YALI0B20262g
YALI0F11319g,YALI0C04136g
YALI0F11319g,YALI0D18634g
YALI0F11319g,YALI0D18678g
YALI0F11319g,YALI0D21230g
YALI0F11319g,YALI0F11341g
YALI0F11319g,YALI0F12727g
YALI0F11319g,YALI0F27753g
YALI0C16841g,YALI0D09086g
YALI0C16841g,YALI0F12793g
YALI0D12166g,YALI0A09537g
YALI0D12166g,YALI0B03718g
YALI0D12166g,YALI0C07612g
YALI0D12166g,YALI0C20265g
YALI0D12166g,YALI0D20240g
YALI0D12166g,YALI0E26653g
YALI0D12166g,YALI0E27786g
YALI0D12166g,YALI0F07623g
YALI0D12166g,YALI0F10659g
YALI0D12166g,YALI0F14905g
YALI0D12166g,YALI0F25091g
YALI0D05697g,YALI0B08748g
YALI0D05697g,YALI0E01452g
YALI0D05697g,YALI0F08437g
YALI0F26675g,YALI0E11011g
YALI0E03344g,YALI0E11011g
YALI0F17248g,YALI0A02651g
YALI0F17248g,YALI0A09438g
YALI0F17248g,YALI0A14784g
YALI0F17248g,YALI0A14806g
YALI0F17248g,YALI0B14861g
YALI0F17248g,YALI0B20372g
YALI0F17248g,YALI0D00737g
YALI0F17248g,YALI0D24585g
YALI0F17248g,YALI0D24970g
YALI0F17248g,YALI0E06413g
YALI0F17248g,YALI0E23089g
YALI0F17248g,YALI0E23749g
YALI0F17248g,YALI0E29667g
YALI0F17248g,YALI0F02123g
YALI0E16687g,YALI0F20900g
YALI0F03641g,YALI0E06413g
YALI0E04697g,YALI0B13706g
YALI0B10274g,YALI0C22528g
YALI0B10274g,YALI0E34881g
YALI0B10274g,YALI0F22363g
YALI0F03949g,YALI0C18513g
YALI0F03949g,YALI0D12859g
YALI0B14839g,YALI0B02574g
YALI0B14839g,YALI0B09471g
YALI0B14839g,YALI0C18513g
YALI0B14839g,YALI0D05676g
YALI0B14839g,YALI0D24519g
YALI0B14839g,YALI0D25894g
YALI0B14839g,YALI0E27786g
YALI0B14839g,YALI0F02871g
YALI0B14839g,YALI0F07645g
YALI0D22286g,YALI0E09012g
YALI0D22286g,YALI0F03542g
YALI0E15268g,YALI0E34881g
YALI0F24651g,YALI0A14388g
YALI0F24651g,YALI0E34353g
YALI0F24651g,YALI0F25069g
YALI0D22440g,YALI0D16313g
YALI0D22440g,YALI0F13783g
YALI0A06633g,YALI0B23496g
YALI0A06633g,YALI0D20240g
YALI0A06633g,YALI0D22913g
YALI0A06633g,YALI0E31515g
YALI0A06633g,YALI0F11583g
YALI0A06633g,YALI0F14905g
YALI0B09295g,YALI0E11363g
YALI0D21626g,YALI0B17732g
YALI0D21626g,YALI0C21109g
YALI0D21626g,YALI0E05115g
YALI0D21626g,YALI0F17512g
YALI0E11011g,YALI0A03817g
YALI0E11011g,YALI0C02893g
YALI0E11011g,YALI0C16731g
YALI0E11011g,YALI0D23881g
YALI0E11011g,YALI0D24519g
YALI0E11011g,YALI0E34540g
YALI0E11011g,YALI0F17226g
YALI0D22520g,YALI0A09537g
YALI0D22520g,YALI0B03718g
YALI0D22520g,YALI0B14597g
YALI0D22520g,YALI0C20265g
YALI0D22520g,YALI0E14993g
YALI0D12474g,YALI0B22594g
YALI0F20724g,YALI0B12584g
YALI0F20724g,YALI0C10648g
YALI0F20724g,YALI0C16390g
YALI0F20724g,YALI0D05357g
YALI0F20724g,YALI0F30921g
YALI0E10813g,YALI0E18744g
YALI0E10813g,YALI0E27390g
YALI0F02871g,YALI0B02574g
YALI0F02871g,YALI0B22418g
YALI0F02871g,YALI0C00275g
YALI0F02871g,YALI0C22275g
YALI0F02871g,YALI0D05676g
YALI0F02871g,YALI0D21208g
YALI0F02871g,YALI0E10791g
YALI0F02871g,YALI0F07645g
YALI0A21351g,YALI0B23496g
YALI0B09427g,YALI0A10615g
YALI0B09427g,YALI0A18271g
YALI0B09427g,YALI0B01980g
YALI0B09427g,YALI0B18810g
YALI0B09427g,YALI0C07436g
YALI0B09427g,YALI0C15048g
YALI0B09427g,YALI0D22913g
YALI0B09427g,YALI0E27269g
YALI0B09427g,YALI0E34815g
YALI0B09427g,YALI0F11583g
YALI0C00297g,YALI0C00275g
YALI0C00297g,YALI0D15026g
YALI0C00297g,YALI0F00330g
YALI0C00297g,YALI0F19492g
YALI0B09471g,YALI0B02574g
YALI0B09471g,YALI0C09548g
YALI0B09471g,YALI0C11803g
YALI0B09471g,YALI0C18513g
YALI0B09471g,YALI0D21208g
YALI0B09471g,YALI0D24519g
YALI0B09471g,YALI0E16148g
YALI0B09471g,YALI0F10054g
YALI0B09075g,YALI0A03003g
YALI0B09075g,YALI0B16016g
YALI0B09075g,YALI0B20086g
YALI0B09075g,YALI0C14036g
YALI0B09075g,YALI0C16478g
YALI0B09075g,YALI0D01804g
YALI0B09075g,YALI0D10065g
YALI0B09075g,YALI0D21934g
YALI0B09075g,YALI0D23155g
YALI0B09075g,YALI0E12353g
YALI0B09075g,YALI0E17919g
YALI0B09075g,YALI0E20493g
YALI0B09075g,YALI0E24805g
YALI0B09075g,YALI0E32153g
YALI0B09075g,YALI0F18150g
YALI0B09075g,YALI0F22935g
YALI0B09075g,YALI0F24365g
YALI0B09075g,YALI0F29183g
YALI0F27753g,YALI0B12188g
YALI0F27753g,YALI0C04136g
YALI0F27753g,YALI0C04180g
YALI0F27753g,YALI0C15026g
YALI0F27753g,YALI0C16797g
YALI0F27753g,YALI0D18436g
YALI0F27753g,YALI0F11341g
YALI0C04136g,YALI0B15722g
YALI0C04136g,YALI0B20262g
YALI0C04136g,YALI0D08646g
YALI0C04136g,YALI0E09867g
YALI0C04136g,YALI0E24277g
YALI0C04136g,YALI0F11341g
YALI0C04136g,YALI0F23045g
YALI0D18634g,YALI0C19151g
YALI0D18634g,YALI0D08646g
YALI0D18634g,YALI0D18678g
YALI0D18634g,YALI0E32417g
YALI0D18634g,YALI0F11341g
YALI0D03619g,YALI0A09427g
YALI0D03619g,YALI0C10780g
YALI0D03619g,YALI0C18557g
YALI0D05533g,YALI0A09427g
YALI0D05533g,YALI0A14388g
YALI0D05533g,YALI0B01980g
YALI0D05533g,YALI0B06116g
YALI0D05533g,YALI0B22594g
YALI0D05533g,YALI0C02871g
YALI0D05533g,YALI0C10780g
YALI0D05533g,YALI0C11011g
YALI0D05533g,YALI0C16731g
YALI0D05533g,YALI0C18557g
YALI0D05533g,YALI0D11572g
YALI0D05533g,YALI0D21934g
YALI0D05533g,YALI0E05181g
YALI0D05533g,YALI0E20009g
YALI0D05533g,YALI0E21065g
YALI0D05533g,YALI0E29139g
YALI0D05533g,YALI0E34540g
YALI0D05533g,YALI0F02299g
YALI0D05533g,YALI0F22935g
YALI0D05533g,YALI0F23727g
YALI0F23683g,YALI0B12188g
YALI0F23683g,YALI0D18436g
YALI0F23683g,YALI0E14993g
YALI0D12793g,YALI0B22594g
YALI0D12793g,YALI0C02871g
YALI0D12793g,YALI0C18425g
YALI0D12793g,YALI0E00220g
YALI0D12793g,YALI0E20009g
YALI0D12793g,YALI0E21065g
YALI0D12793g,YALI0F10054g
YALI0D12793g,YALI0F22935g
YALI0D12793g,YALI0F32021g
YALI0D20020g,YALI0C11803g
YALI0D20020g,YALI0C24013g
YALI0C16500g,YALI0F01738g
YALI0B00264g,YALI0A14388g
YALI0B00264g,YALI0F06259g
YALI0B00264g,YALI0F17226g
YALI0B00264g,YALI0F22363g
YALI0D05676g,YALI0A20658g
YALI0D05676g,YALI0B02574g
YALI0D05676g,YALI0B03718g
YALI0D05676g,YALI0B22132g
YALI0D05676g,YALI0C22275g
YALI0D05676g,YALI0D24519g
YALI0D05676g,YALI0D24992g
YALI0D05676g,YALI0E14993g
YALI0D05676g,YALI0F07645g
YALI0D05676g,YALI0F07975g
YALI0D05676g,YALI0F17226g
YALI0D05676g,YALI0F22363g
YALI0E09012g,YALI0E04169g
YALI0A02651g,YALI0A17946g
YALI0A02651g,YALI0B00792g
YALI0A02651g,YALI0B14861g
YALI0A02651g,YALI0D00737g
YALI0A02651g,YALI0D24585g
YALI0A02651g,YALI0E11891g
YALI0A02651g,YALI0E23089g
YALI0A02651g,YALI0E23749g
YALI0A02651g,YALI0E28424g
YALI0A02651g,YALI0E29667g
YALI0A02651g,YALI0F02123g
YALI0B11198g,YALI0B18018g
YALI0B11198g,YALI0D09955g
YALI0B11198g,YALI0D16313g
YALI0D16313g,YALI0B13222g
YALI0D16313g,YALI0D09955g
YALI0D16313g,YALI0E30217g
YALI0E09691g,YALI0B20086g
YALI0E09691g,YALI0C08723g
YALI0E09691g,YALI0C16478g
YALI0E09691g,YALI0C18161g
YALI0E09691g,YALI0D01804g
YALI0E09691g,YALI0D10065g
YALI0E09691g,YALI0E12353g
YALI0E09691g,YALI0E32747g
YALI0E09691g,YALI0F18150g
YALI0D14850g,YALI0B06116g
YALI0D14850g,YALI0C13706g
YALI0D14850g,YALI0D06908g
YALI0D14850g,YALI0D08470g
YALI0D14850g,YALI0D18150g
YALI0D14850g,YALI0D21142g
YALI0D14850g,YALI0D22088g
YALI0D14850g,YALI0D23155g
YALI0D14850g,YALI0F16984g
YALI0F13783g,YALI0A06611g
YALI0F13783g,YALI0E26873g
YALI0F13783g,YALI0E29506g
YALI0F13783g,YALI0E30217g
YALI0F25817g,YALI0C02365g
YALI0E12155g,YALI0B15722g
YALI0E12155g,YALI0D09086g
YALI0D13046g,YALI0B17072g
YALI0D13046g,YALI0F05148g
YALI0F18854g,YALI0E17919g
YALI0E29307g,YALI0C10648g
YALI0E30855g,YALI0D25828g
YALI0E30855g,YALI0E14729g
YALI0E33377g,YALI0E28644g
YALI0B05456g,YALI0B21824g
YALI0B05456g,YALI0B22550g
YALI0D22088g,YALI0A06501g
YALI0D22088g,YALI0B20086g
YALI0D22088g,YALI0C03718g
YALI0D22088g,YALI0C13706g
YALI0D22088g,YALI0C16478g
YALI0D22088g,YALI0C18755g
YALI0D22088g,YALI0D07326g
YALI0D22088g,YALI0D08470g
YALI0D22088g,YALI0D12771g
YALI0D22088g,YALI0D18150g
YALI0D22088g,YALI0D21142g
YALI0D22088g,YALI0D23155g
YALI0D22088g,YALI0E20493g
YALI0D22088g,YALI0E24805g
YALI0D22088g,YALI0E31317g
YALI0D22088g,YALI0E32153g
YALI0D22088g,YALI0F16984g
YALI0D22088g,YALI0F18150g
YALI0D22088g,YALI0F24365g
YALI0D22088g,YALI0F30195g
YALI0F20900g,YALI0C18161g
YALI0C15004g,YALI0B18194g
YALI0F22495g,YALI0C20933g
YALI0F22495g,YALI0E01144g
YALI0F22495g,YALI0E27269g
YALI0C13706g,YALI0B06116g
YALI0C13706g,YALI0B16016g
YALI0C13706g,YALI0B20086g
YALI0C13706g,YALI0C03718g
YALI0C13706g,YALI0C16478g
YALI0C13706g,YALI0C18755g
YALI0C13706g,YALI0D01804g
YALI0C13706g,YALI0D07326g
YALI0C13706g,YALI0D08448g
YALI0C13706g,YALI0D08470g
YALI0C13706g,YALI0D12771g
YALI0C13706g,YALI0D18150g
YALI0C13706g,YALI0D21142g
YALI0C13706g,YALI0D21934g
YALI0C13706g,YALI0D23155g
YALI0C13706g,YALI0E20493g
YALI0C13706g,YALI0E21065g
YALI0C13706g,YALI0E24805g
YALI0C13706g,YALI0E32153g
YALI0C13706g,YALI0F16984g
YALI0C13706g,YALI0F22935g
YALI0C13706g,YALI0F30195g
YALI0C13706g,YALI0F32021g
YALI0B22814g,YALI0A21373g
YALI0B22814g,YALI0B14597g
YALI0B22814g,YALI0C10923g
YALI0B22814g,YALI0D06688g
YALI0B22814g,YALI0D22913g
YALI0B22814g,YALI0E17149g
YALI0B22814g,YALI0E34243g
YALI0B22814g,YALI0F01606g
YALI0F16984g,YALI0B06116g
YALI0F16984g,YALI0B20086g
YALI0F16984g,YALI0B22594g
YALI0F16984g,YALI0C14036g
YALI0F16984g,YALI0C16478g
YALI0F16984g,YALI0C18755g
YALI0F16984g,YALI0D07326g
YALI0F16984g,YALI0D08448g
YALI0F16984g,YALI0D08470g
YALI0F16984g,YALI0D12771g
YALI0F16984g,YALI0D18150g
YALI0F16984g,YALI0D21142g
YALI0F16984g,YALI0D21934g
YALI0F16984g,YALI0D23155g
YALI0F16984g,YALI0E04939g
YALI0F16984g,YALI0E20493g
YALI0F16984g,YALI0E24805g
YALI0F16984g,YALI0E31317g
YALI0F16984g,YALI0E32153g
YALI0F16984g,YALI0F24365g
YALI0F16984g,YALI0F30195g
YALI0F16984g,YALI0F32021g
YALI0D18766g,YALI0D10065g
YALI0E23826g,YALI0E21527g
YALI0F29931g,YALI0E12353g
YALI0E01936g,YALI0C07865g
YALI0E01936g,YALI0F22055g
YALI0C18513g,YALI0D12859g
YALI0C18513g,YALI0E16148g
YALI0B16016g,YALI0C18755g
YALI0B16016g,YALI0E24805g
YALI0F01606g,YALI0C20265g
YALI0F01606g,YALI0D06688g
YALI0F01606g,YALI0E00748g
YALI0F01606g,YALI0E23023g
YALI0F01606g,YALI0E34243g
YALI0F03817g,YALI0A02332g
YALI0F03817g,YALI0F00286g
YALI0E11363g,YALI0B13442g
YALI0E11363g,YALI0C07865g
YALI0E11363g,YALI0C08437g
YALI0E11363g,YALI0E04444g
YALI0E11363g,YALI0E06655g
YALI0E11363g,YALI0E33979g
YALI0E11363g,YALI0F07755g
YALI0C22275g,YALI0A20658g
YALI0D07920g,YALI0B01980g
YALI0D07920g,YALI0C06061g
YALI0D07920g,YALI0E06941g
YALI0D07920g,YALI0F04884g
YALI0D07920g,YALI0F31603g
YALI0F07623g,YALI0C10923g
YALI0F07623g,YALI0C14740g
YALI0E23749g,YALI0A09438g
YALI0E23749g,YALI0A17946g
YALI0E23749g,YALI0B00792g
YALI0E23749g,YALI0B14861g
YALI0E23749g,YALI0B20372g
YALI0E23749g,YALI0D00737g
YALI0E23749g,YALI0D24585g
YALI0E23749g,YALI0E11891g
YALI0E23749g,YALI0E23089g
YALI0E23749g,YALI0E28424g
YALI0E23749g,YALI0E29667g
YALI0E23749g,YALI0F01771g
YALI0E23749g,YALI0F02123g
YALI0C07612g,YALI0A10615g
YALI0C07612g,YALI0B01320g
YALI0C07612g,YALI0B02574g
YALI0C07612g,YALI0D24992g
YALI0C07612g,YALI0E34815g
YALI0C07612g,YALI0F07975g
YALI0C07612g,YALI0F27995g
YALI0F20636g,YALI0D05357g
YALI0F20636g,YALI0E14729g
YALI0F26609g,YALI0E20009g
YALI0C21978g,YALI0C06732g
YALI0C08723g,YALI0D24970g
YALI0D01001g,YALI0C22121g
YALI0D01001g,YALI0E18502g
YALI0D03663g,YALI0F23045g
YALI0E07942g,YALI0D13156g
YALI0E07942g,YALI0D21230g
YALI0E07942g,YALI0F11487g
YALI0E09867g,YALI0B05940g
YALI0E09867g,YALI0B15722g
YALI0E09867g,YALI0B20262g
YALI0E09867g,YALI0D08646g
YALI0E09867g,YALI0D18436g
YALI0C09548g,YALI0B06754g
YALI0C09548g,YALI0D21208g
YALI0C09548g,YALI0D24519g
YALI0C09548g,YALI0D24992g
YALI0C09548g,YALI0E02002g
YALI0C04180g,YALI0B12188g
YALI0F11979g,YALI0A20658g
YALI0F11979g,YALI0B03718g
YALI0F11979g,YALI0D21208g
YALI0F11979g,YALI0E01958g
YALI0F11979g,YALI0E12617g
YALI0F11979g,YALI0E34221g
YALI0F11979g,YALI0F08943g
YALI0F11979g,YALI0F10659g
YALI0B14861g,YALI0A09438g
YALI0B14861g,YALI0A17946g
YALI0B14861g,YALI0B00792g
YALI0B14861g,YALI0D00737g
YALI0B14861g,YALI0D24585g
YALI0B14861g,YALI0E11891g
YALI0B14861g,YALI0E23089g
YALI0B14861g,YALI0E29667g
YALI0B14861g,YALI0F02123g
YALI0B07689g,YALI0C02365g
YALI0B07689g,YALI0E26785g
YALI0D15048g,YALI0B22242g
YALI0A09636g,YALI0D12771g
YALI0A09636g,YALI0E17919g
YALI0D24830g,YALI0A02332g
YALI0E26785g,YALI0A20328g
YALI0E26785g,YALI0B13442g
YALI0E26785g,YALI0C02365g
YALI0E26785g,YALI0D20086g
YALI0E26785g,YALI0E06655g
YALI0E26785g,YALI0F01188g
YALI0E26785g,YALI0F21835g
YALI0D06908g,YALI0D23155g
YALI0D06908g,YALI0F22367g
YALI0F29073g,YALI0F31625g
YALI0F19228g,YALI0C18263g
YALI0F19228g,YALI0E12001g
YALI0F22363g,YALI0C09801g
YALI0F22363g,YALI0D24519g
YALI0F22363g,YALI0D24992g
YALI0F22363g,YALI0F06259g
YALI0F22363g,YALI0F17226g
YALI0F06259g,YALI0A14388g
YALI0F06259g,YALI0B21978g
YALI0F06259g,YALI0D15686g
YALI0F06259g,YALI0E34540g
YALI0F06259g,YALI0F15147g
YALI0F06259g,YALI0F25069g
YALI0F06259g,YALI0F27995g
YALI0C22924g,YALI0A12001g
YALI0C22924g,YALI0A18271g
YALI0C22924g,YALI0B08338g
YALI0C22924g,YALI0C05104g
YALI0C22924g,YALI0E34815g
YALI0D11572g,YALI0A03003g
YALI0D11572g,YALI0A14388g
YALI0D11572g,YALI0B17732g
YALI0D11572g,YALI0B22946g
YALI0D11572g,YALI0C11011g
YALI0D11572g,YALI0D21934g
YALI0D11572g,YALI0E00220g
YALI0D11572g,YALI0E05115g
YALI0D11572g,YALI0E17369g
YALI0D11572g,YALI0F17512g
YALI0D11572g,YALI0F22935g
YALI0D08756g,YALI0B12892g
YALI0D08756g,YALI0C19063g
YALI0D08756g,YALI0E01144g
YALI0D08756g,YALI0E27269g
YALI0C06556g,YALI0A08165g
YALI0D05467g,YALI0A09438g
YALI0D05467g,YALI0A14784g
YALI0D05467g,YALI0B20372g
YALI0D05467g,YALI0D00737g
YALI0D05467g,YALI0D23397g
YALI0D05467g,YALI0E29667g
YALI0D05467g,YALI0E34037g
YALI0D05467g,YALI0F02123g
YALI0A21373g,YALI0B21142g
YALI0A21373g,YALI0C10923g
YALI0A21373g,YALI0E19338g
YALI0A21373g,YALI0E25179g
YALI0F01540g,YALI0E15334g
YALI0F01188g,YALI0D20086g
YALI0F01188g,YALI0E18744g
YALI0F01188g,YALI0E21527g
YALI0F01188g,YALI0E27390g
YALI0F01188g,YALI0F21835g
YALI0B21142g,YALI0E18788g
YALI0B21142g,YALI0E19338g
YALI0B21142g,YALI0E22286g
YALI0B21142g,YALI0E25179g
YALI0B21142g,YALI0F01584g
YALI0E02002g,YALI0C15048g
YALI0E02002g,YALI0D24519g
YALI0E02002g,YALI0D24992g
YALI0E02002g,YALI0E29315g
YALI0E02002g,YALI0F27995g
YALI0D08646g,YALI0E24277g
YALI0D08646g,YALI0F11341g
YALI0D22506g,YALI0E30349g
YALI0C14344g,YALI0A12353g
YALI0A09537g,YALI0A10615g
YALI0A09537g,YALI0A18271g
YALI0A09537g,YALI0B03718g
YALI0A09537g,YALI0B05940g
YALI0A09537g,YALI0C03828g
YALI0A09537g,YALI0C05104g
YALI0A09537g,YALI0C11858g
YALI0A09537g,YALI0D20240g
YALI0A09537g,YALI0E34815g
YALI0A09537g,YALI0F10659g
YALI0A09537g,YALI0F25091g
YALI0A01023g,YALI0A08165g
YALI0A01023g,YALI0C20647g
YALI0A01023g,YALI0D25872g
YALI0E12628g,YALI0F04114g
YALI0D24970g,YALI0A09438g
YALI0D24970g,YALI0B02222g
YALI0D24970g,YALI0D24585g
YALI0D24970g,YALI0E06215g
YALI0D24970g,YALI0E06413g
YALI0D24970g,YALI0F05500g
YALI0C18161g,YALI0C19682g
YALI0C18161g,YALI0D10065g
YALI0C18161g,YALI0F05500g
YALI0F32021g,YALI0B05918g
YALI0F32021g,YALI0B06116g
YALI0F32021g,YALI0D08470g
YALI0F32021g,YALI0D18150g
YALI0F32021g,YALI0D23155g
YALI0F32021g,YALI0E04939g
YALI0F32021g,YALI0E21065g
YALI0E29506g,YALI0A04939g
YALI0E29506g,YALI0B02970g
YALI0E29506g,YALI0B13442g
YALI0E29506g,YALI0E04444g
YALI0E29506g,YALI0E06655g
YALI0E29506g,YALI0E26873g
YALI0E29506g,YALI0E30217g
YALI0E29506g,YALI0F22055g
YALI0A03003g,YALI0B20086g
YALI0A03003g,YALI0B22594g
YALI0A03003g,YALI0B22946g
YALI0A03003g,YALI0C14036g
YALI0A03003g,YALI0C16478g
YALI0A03003g,YALI0D01804g
YALI0A03003g,YALI0D08448g
YALI0A03003g,YALI0D10065g
YALI0A03003g,YALI0D21934g
YALI0A03003g,YALI0D23155g
YALI0A03003g,YALI0E12353g
YALI0A03003g,YALI0E20493g
YALI0A03003g,YALI0E24805g
YALI0A03003g,YALI0E31317g
YALI0A03003g,YALI0E32153g
YALI0A03003g,YALI0F18150g
YALI0A03003g,YALI0F22935g
YALI0A03003g,YALI0F24365g
YALI0C07865g,YALI0A16489g
YALI0C07865g,YALI0E25630g
YALI0B06578g,YALI0F17512g
YALI0E34881g,YALI0C22528g
YALI0B09889g,YALI0B18018g
YALI0E17919g,YALI0B06006g
YALI0E17919g,YALI0B20086g
YALI0E17919g,YALI0D12771g
YALI0E17919g,YALI0E14102g
YALI0E17919g,YALI0E24805g
YALI0E17919g,YALI0F29183g
YALI0D23155g,YALI0A06501g
YALI0D23155g,YALI0B06116g
YALI0D23155g,YALI0B20086g
YALI0D23155g,YALI0C03718g
YALI0D23155g,YALI0C16478g
YALI0D23155g,YALI0C18755g
YALI0D23155g,YALI0D01804g
YALI0D23155g,YALI0D07326g
YALI0D23155g,YALI0D08448g
YALI0D23155g,YALI0D08470g
YALI0D23155g,YALI0D12771g
YALI0D23155g,YALI0D18150g
YALI0D23155g,YALI0D21142g
YALI0D23155g,YALI0D21934g
YALI0D23155g,YALI0E20493g
YALI0D23155g,YALI0E24805g
YALI0D23155g,YALI0E31317g
YALI0D23155g,YALI0E32153g
YALI0D23155g,YALI0F18150g
YALI0D23155g,YALI0F22935g
YALI0D23155g,YALI0F24365g
YALI0D23155g,YALI0F30195g
YALI0E15686g,YALI0B02222g
YALI0E15686g,YALI0F16071g
YALI0B05918g,YALI0C18557g
YALI0B05918g,YALI0E16148g
YALI0B05918g,YALI0E21065g
YALI0D06501g,YALI0A15906g
YALI0F01738g,YALI0B05676g
YALI0F01738g,YALI0C20053g
YALI0F01738g,YALI0D02475g
YALI0E33979g,YALI0B13442g
YALI0E33979g,YALI0F07755g
YALI0E16148g,YALI0C11803g
YALI0E16148g,YALI0F10054g
YALI0E20801g,YALI0B22132g
YALI0B17072g,YALI0F07645g
YALI0E06237g,YALI0A06501g
YALI0E06237g,YALI0C16478g
YALI0E06237g,YALI0E12353g
YALI0E06237g,YALI0E31317g
YALI0E06237g,YALI0E32153g
YALI0E06237g,YALI0E32747g
YALI0E06237g,YALI0F18150g
YALI0E06237g,YALI0F24365g
YALI0E24805g,YALI0A06501g
YALI0E24805g,YALI0B20086g
YALI0E24805g,YALI0B22594g
YALI0E24805g,YALI0C03718g
YALI0E24805g,YALI0C14036g
YALI0E24805g,YALI0C16478g
YALI0E24805g,YALI0C18755g
YALI0E24805g,YALI0D01804g
YALI0E24805g,YALI0D07326g
YALI0E24805g,YALI0D08470g
YALI0E24805g,YALI0D12771g
YALI0E24805g,YALI0D18150g
YALI0E24805g,YALI0D21934g
YALI0E24805g,YALI0E12353g
YALI0E24805g,YALI0E14102g
YALI0E24805g,YALI0E20493g
YALI0E24805g,YALI0E31317g
YALI0E24805g,YALI0E32153g
YALI0E24805g,YALI0F18150g
YALI0E24805g,YALI0F24365g
YALI0E24805g,YALI0F29183g
YALI0E24805g,YALI0F30195g
YALI0E06215g,YALI0A09438g
YALI0E06215g,YALI0B02222g
YALI0E06215g,YALI0B17732g
YALI0E06215g,YALI0B20658g
YALI0E06215g,YALI0F05500g
YALI0E06215g,YALI0F16071g
YALI0E06215g,YALI0F17512g
YALI0E18788g,YALI0A15906g
YALI0E18788g,YALI0E11517g
YALI0E18788g,YALI0F01584g
YALI0E18788g,YALI0F11605g
YALI0E20537g,YALI0D18678g
YALI0D02475g,YALI0B05676g
YALI0D02475g,YALI0C10923g
YALI0D02475g,YALI0C14740g
YALI0D02475g,YALI0C20053g
YALI0D02475g,YALI0F14905g
YALI0D02475g,YALI0F22957g
YALI0D21230g,YALI0C20053g
YALI0D21230g,YALI0E23023g
YALI0F06182g,YALI0D18700g
YALI0F06182g,YALI0E04444g
YALI0F06182g,YALI0F07755g
YALI0F06182g,YALI0F22055g
YALI0D15026g,YALI0C03828g
YALI0D15026g,YALI0F00330g
YALI0A17946g,YALI0B00792g
YALI0A17946g,YALI0E11891g
YALI0A17946g,YALI0E23089g
YALI0D23397g,YALI0C14806g
YALI0D23397g,YALI0D09361g
YALI0D23397g,YALI0F10945g
YALI0B01320g,YALI0B02574g
YALI0B01320g,YALI0D23881g
YALI0D18436g,YALI0B05940g
YALI0D18436g,YALI0B12188g
YALI0D18436g,YALI0F11341g
YALI0D21208g,YALI0C11803g
YALI0D21208g,YALI0D24992g
YALI0D21208g,YALI0E05863g
YALI0D21208g,YALI0E12617g
YALI0D21208g,YALI0F07645g
YALI0D21208g,YALI0F07975g
YALI0D06974g,YALI0F17226g
YALI0E12617g,YALI0B10890g
YALI0E12617g,YALI0D17204g
YALI0E12617g,YALI0F07645g
YALI0E12617g,YALI0F08943g
YALI0C09119g,YALI0C06732g
YALI0E18502g,YALI0C22121g
YALI0E18744g,YALI0C22044g
YALI0E18744g,YALI0E21527g
YALI0E18744g,YALI0E27390g
YALI0A07997g,YALI0B20262g
YALI0A07997g,YALI0D04873g
YALI0F15147g,YALI0A14388g
YALI0F15147g,YALI0B01980g
YALI0F15147g,YALI0B21978g
YALI0F15147g,YALI0C05038g
YALI0F15147g,YALI0C10780g
YALI0F15147g,YALI0C15048g
YALI0F15147g,YALI0E28644g
YALI0F15147g,YALI0E34540g
YALI0F15147g,YALI0E34815g
YALI0F15147g,YALI0F04884g
YALI0F15147g,YALI0F25069g
YALI0F15147g,YALI0F27995g
YALI0E23089g,YALI0A09438g
YALI0E23089g,YALI0B00792g
YALI0E23089g,YALI0C04565g
YALI0E23089g,YALI0D00737g
YALI0E23089g,YALI0D24585g
YALI0E23089g,YALI0E11891g
YALI0E23089g,YALI0E29667g
YALI0E23089g,YALI0F01771g
YALI0E23089g,YALI0F02123g
YALI0C11011g,YALI0A11121g
YALI0C11011g,YALI0B06116g
YALI0C11011g,YALI0B17732g
YALI0C11011g,YALI0C16731g
YALI0C11011g,YALI0D08448g
YALI0C11011g,YALI0E00220g
YALI0C11011g,YALI0E17369g
YALI0C11011g,YALI0F22935g
YALI0B06138g,YALI0B23496g
YALI0B06138g,YALI0C05104g
YALI0B06138g,YALI0C10923g
YALI0B06138g,YALI0E01958g
YALI0B06138g,YALI0E12001g
YALI0D21934g,YALI0B06116g
YALI0D21934g,YALI0B17732g
YALI0D21934g,YALI0B20086g
YALI0D21934g,YALI0B22594g
YALI0D21934g,YALI0B22946g
YALI0D21934g,YALI0C02871g
YALI0D21934g,YALI0C14036g
YALI0D21934g,YALI0C16478g
YALI0D21934g,YALI0C21109g
YALI0D21934g,YALI0D01804g
YALI0D21934g,YALI0D07326g
YALI0D21934g,YALI0D08448g
YALI0D21934g,YALI0D10065g
YALI0D21934g,YALI0D18150g
YALI0D21934g,YALI0E12353g
YALI0D21934g,YALI0E15136g
YALI0D21934g,YALI0E20493g
YALI0D21934g,YALI0E22759g
YALI0D21934g,YALI0E29139g
YALI0D21934g,YALI0E32153g
YALI0D21934g,YALI0E32747g
YALI0D21934g,YALI0F05500g
YALI0D21934g,YALI0F17512g
YALI0D21934g,YALI0F18150g
YALI0D21934g,YALI0F22367g
YALI0D21934g,YALI0F22935g
YALI0D21934g,YALI0F23727g
YALI0D21934g,YALI0F24365g
YALI0F23727g,YALI0A09427g
YALI0F23727g,YALI0A13057g
YALI0F23727g,YALI0B22594g
YALI0F23727g,YALI0D02937g
YALI0F23727g,YALI0E20493g
YALI0F23727g,YALI0E22759g
YALI0F23727g,YALI0E29139g
YALI0F23727g,YALI0F22935g
YALI0C14036g,YALI0B20086g
YALI0C14036g,YALI0B22594g
YALI0C14036g,YALI0B22946g
YALI0C14036g,YALI0C16478g
YALI0C14036g,YALI0C21109g
YALI0C14036g,YALI0D01804g
YALI0C14036g,YALI0D07326g
YALI0C14036g,YALI0D08448g
YALI0C14036g,YALI0D15774g
YALI0C14036g,YALI0E12353g
YALI0C14036g,YALI0E20493g
YALI0C14036g,YALI0E29139g
YALI0C14036g,YALI0E32153g
YALI0C14036g,YALI0F05500g
YALI0C14036g,YALI0F18150g
YALI0C14036g,YALI0F22935g
YALI0C14036g,YALI0F24365g
YALI0F02299g,YALI0A09427g
YALI0F02299g,YALI0C10780g
YALI0F02299g,YALI0C15048g
YALI0F02299g,YALI0C18557g
YALI0F02299g,YALI0D24519g
YALI0F02299g,YALI0E05181g
YALI0E10791g,YALI0B02574g
YALI0E10791g,YALI0B22418g
YALI0E10791g,YALI0F07645g
YALI0E14102g,YALI0A06501g
YALI0E14102g,YALI0B20086g
YALI0E14102g,YALI0C18755g
YALI0E14102g,YALI0D12771g
YALI0F31603g,YALI0B00198g
YALI0F31603g,YALI0E17149g
YALI0E15532g,YALI0F22055g
YALI0E27269g,YALI0C20933g
YALI0E27269g,YALI0E01144g
YALI0E34243g,YALI0C20265g
YALI0E34243g,YALI0D06688g
YALI0E34243g,YALI0D22913g
YALI0A10615g,YALI0A18271g
YALI0A10615g,YALI0B02574g
YALI0A10615g,YALI0B03718g
YALI0A10615g,YALI0B23496g
YALI0A10615g,YALI0C03828g
YALI0A10615g,YALI0C05104g
YALI0A10615g,YALI0C15048g
YALI0A10615g,YALI0D20240g
YALI0A10615g,YALI0D24992g
YALI0A10615g,YALI0E01958g
YALI0A10615g,YALI0E12001g
YALI0A10615g,YALI0E34221g
YALI0A10615g,YALI0E34815g
YALI0A10615g,YALI0F10659g
YALI0A10615g,YALI0F25091g
YALI0E34221g,YALI0B03718g
YALI0E34221g,YALI0E01958g
YALI0E34221g,YALI0F10659g
YALI0B05676g,YALI0C14740g
YALI0B05676g,YALI0C20053g
YALI0B05676g,YALI0E25179g
YALI0E28424g,YALI0B00792g
YALI0E28424g,YALI0E11891g
YALI0A09438g,YALI0A14784g
YALI0A09438g,YALI0B20372g
YALI0A09438g,YALI0B20658g
YALI0A09438g,YALI0D00737g
YALI0A09438g,YALI0D24585g
YALI0A09438g,YALI0E06413g
YALI0A09438g,YALI0E29667g
YALI0A09438g,YALI0E34037g
YALI0A09438g,YALI0F02123g
YALI0A09438g,YALI0F21219g
YALI0F22367g,YALI0B06116g
YALI0F22367g,YALI0D07326g
YALI0F22367g,YALI0E04939g
YALI0F22367g,YALI0E11033g
YALI0F22367g,YALI0E15136g
YALI0F29623g,YALI0C16456g
YALI0C15026g,YALI0C16797g
YALI0E04444g,YALI0A04939g
YALI0E04444g,YALI0B13442g
YALI0E04444g,YALI0D00297g
YALI0E04444g,YALI0D18700g
YALI0E04444g,YALI0E06655g
YALI0E04444g,YALI0E30217g
YALI0E04444g,YALI0F07755g
YALI0E04444g,YALI0F18238g
YALI0E04444g,YALI0F22055g
YALI0F26873g,YALI0A14476g
YALI0F26873g,YALI0C20053g
YALI0D16929g,YALI0F16071g
YALI0B17798g,YALI0A20504g
YALI0E06655g,YALI0A04939g
YALI0E06655g,YALI0A20328g
YALI0E06655g,YALI0B02970g
YALI0E06655g,YALI0B13442g
YALI0E06655g,YALI0C02365g
YALI0E06655g,YALI0D11242g
YALI0E06655g,YALI0D18700g
YALI0E06655g,YALI0D20086g
YALI0E06655g,YALI0E30217g
YALI0E06655g,YALI0F07755g
YALI0C20265g,YALI0A19624g
YALI0C20265g,YALI0E25179g
YALI0C20265g,YALI0E26653g
YALI0C20265g,YALI0E27786g
YALI0C20265g,YALI0F29227g
YALI0F14905g,YALI0B03718g
YALI0F14905g,YALI0D20240g
YALI0F14905g,YALI0E01958g
YALI0F14905g,YALI0E26653g
YALI0C18645g,YALI0B21824g
YALI0E20009g,YALI0A09427g
YALI0E20009g,YALI0C02871g
YALI0E20009g,YALI0C10780g
YALI0E20009g,YALI0C16731g
YALI0E20009g,YALI0C18557g
YALI0E20009g,YALI0E21065g
YALI0C10516g,YALI0C19063g
YALI0B00792g,YALI0B20372g
YALI0B00792g,YALI0D00737g
YALI0B00792g,YALI0E11891g
YALI0B00792g,YALI0E29667g
YALI0B00792g,YALI0F01771g
YALI0C03828g,YALI0A18271g
YALI0C03828g,YALI0B03718g
YALI0C03828g,YALI0C05104g
YALI0C03828g,YALI0E01958g
YALI0C03828g,YALI0E14993g
YALI0C03828g,YALI0F10659g
YALI0C16797g,YALI0B09537g
YALI0C16797g,YALI0F10857g
YALI0B20372g,YALI0A14784g
YALI0B20372g,YALI0D00737g
YALI0B20372g,YALI0D24585g
YALI0B20372g,YALI0E29667g
YALI0B20372g,YALI0E34037g
YALI0B20372g,YALI0F02123g
YALI0B20372g,YALI0F21219g
YALI0E29667g,YALI0A14784g
YALI0E29667g,YALI0D00737g
YALI0E29667g,YALI0D24585g
YALI0E29667g,YALI0E34037g
YALI0E29667g,YALI0F02123g
YALI0E29667g,YALI0F21219g
YALI0B06116g,YALI0A03817g
YALI0B06116g,YALI0A09427g
YALI0B06116g,YALI0D07326g
YALI0B06116g,YALI0D08448g
YALI0B06116g,YALI0D08470g
YALI0B06116g,YALI0D18150g
YALI0B06116g,YALI0D21142g
YALI0B06116g,YALI0E17369g
YALI0B06116g,YALI0E20493g
YALI0B06116g,YALI0E32153g
YALI0D05005g,YALI0F30921g
YALI0E04158g,YALI0E24277g
YALI0B18018g,YALI0E27390g
YALI0C05038g,YALI0C10780g
YALI0C05038g,YALI0E34815g
YALI0E04939g,YALI0E21065g
YALI0E23023g,YALI0B20262g
YALI0E23023g,YALI0C20053g
YALI0E23023g,YALI0E00748g
YALI0B02574g,YALI0D24519g
YALI0B02574g,YALI0D24992g
YALI0B02574g,YALI0F07645g
YALI0C10923g,YALI0E25179g
YALI0C15048g,YALI0B01980g
YALI0C15048g,YALI0B21978g
YALI0C15048g,YALI0D24519g
YALI0C15048g,YALI0D24992g
YALI0C15048g,YALI0E05863g
YALI0C18557g,YALI0A09427g
YALI0C18557g,YALI0C10780g
YALI0C18557g,YALI0E05181g
YALI0C18557g,YALI0E21065g
YALI0E12353g,YALI0B20086g
YALI0E12353g,YALI0C16478g
YALI0E12353g,YALI0D01804g
YALI0E12353g,YALI0D10065g
YALI0E12353g,YALI0E20493g
YALI0E12353g,YALI0E31317g
YALI0E12353g,YALI0E32153g
YALI0E12353g,YALI0F18150g
YALI0E12353g,YALI0F22935g
YALI0E12353g,YALI0F24365g
YALI0E12353g,YALI0F29183g
YALI0E25608g,YALI0A00330g
YALI0E25608g,YALI0E17149g
YALI0E11033g,YALI0C16478g
YALI0D15774g,YALI0C21109g
YALI0D15774g,YALI0D07326g
YALI0E15136g,YALI0B22594g
YALI0E15136g,YALI0C02871g
YALI0E15136g,YALI0D07326g
YALI0E15136g,YALI0D14432g
YALI0E15136g,YALI0F17512g
YALI0C22506g,YALI0E34353g
YALI0C22506g,YALI0F04884g
YALI0E32153g,YALI0A06501g
YALI0E32153g,YALI0B20086g
YALI0E32153g,YALI0B22594g
YALI0E32153g,YALI0C16478g
YALI0E32153g,YALI0C18755g
YALI0E32153g,YALI0C21109g
YALI0E32153g,YALI0D01804g
YALI0E32153g,YALI0D07326g
YALI0E32153g,YALI0D08448g
YALI0E32153g,YALI0D08470g
YALI0E32153g,YALI0D12771g
YALI0E32153g,YALI0D18150g
YALI0E32153g,YALI0D21142g
YALI0E32153g,YALI0E20493g
YALI0E32153g,YALI0E31317g
YALI0E32153g,YALI0E32747g
YALI0E32153g,YALI0F18150g
YALI0E32153g,YALI0F22935g
YALI0E32153g,YALI0F24365g
YALI0E32153g,YALI0F30195g
YALI0C16390g,YALI0B12584g
YALI0C16390g,YALI0D05357g
YALI0C16390g,YALI0F30921g
YALI0D23221g,YALI0B04598g
YALI0E25179g,YALI0C14740g
YALI0E25179g,YALI0E19338g
YALI0E25179g,YALI0E27786g
YALI0E25179g,YALI0F01584g
YALI0A07799g,YALI0B08748g
YALI0B06754g,YALI0B22132g
YALI0C13860g,YALI0F05852g
YALI0A14784g,YALI0D00737g
YALI0A14784g,YALI0D24585g
YALI0A14784g,YALI0E06413g
YALI0A14784g,YALI0F02123g
YALI0A14784g,YALI0F21219g
YALI0B15722g,YALI0B20262g
YALI0B15722g,YALI0F17886g
YALI0B15722g,YALI0F23045g
YALI0B22594g,YALI0B22946g
YALI0B22594g,YALI0C02871g
YALI0B22594g,YALI0C16478g
YALI0B22594g,YALI0D01804g
YALI0B22594g,YALI0D07326g
YALI0B22594g,YALI0E20493g
YALI0B22594g,YALI0E21065g
YALI0B22594g,YALI0E29139g
YALI0B22594g,YALI0F18150g
YALI0B22594g,YALI0F22935g
YALI0B22594g,YALI0F24365g
YALI0C07040g,YALI0A16082g
YALI0B15642g,YALI0A13057g
YALI0B15642g,YALI0B13222g
YALI0B15642g,YALI0E30217g
YALI0F17226g,YALI0C02893g
YALI0F17226g,YALI0C09801g
YALI0F17226g,YALI0D24519g
YALI0F17226g,YALI0D24992g
YALI0E22759g,YALI0D02937g
YALI0E22759g,YALI0E20493g
YALI0E22759g,YALI0E29139g
YALI0F25069g,YALI0A06611g
YALI0F25069g,YALI0A14388g
YALI0F25069g,YALI0B13222g
YALI0F25069g,YALI0B21978g
YALI0F25069g,YALI0E06941g
YALI0F25069g,YALI0E28644g
YALI0F25069g,YALI0E34353g
YALI0F25069g,YALI0E34540g
YALI0F25069g,YALI0F04884g
YALI0F25069g,YALI0F27995g
YALI0F06270g,YALI0B22946g
YALI0F05500g,YALI0B02222g
YALI0F05500g,YALI0B02970g
YALI0F05500g,YALI0B13222g
YALI0F05500g,YALI0D01804g
YALI0F05500g,YALI0D10065g
YALI0F05500g,YALI0F17512g
YALI0F29183g,YALI0B20086g
YALI0F29183g,YALI0D01804g
YALI0F29183g,YALI0D10065g
YALI0F29183g,YALI0F18150g
YALI0F29183g,YALI0F24365g
YALI0D11242g,YALI0B13442g
YALI0D11242g,YALI0D18700g
YALI0D11242g,YALI0F07755g
YALI0D11242g,YALI0F20350g
YALI0B12584g,YALI0D18678g
YALI0B12584g,YALI0F23045g
YALI0B12584g,YALI0F30921g
YALI0B08748g,YALI0F08437g
YALI0E20493g,YALI0B20086g
YALI0E20493g,YALI0B22946g
YALI0E20493g,YALI0C02871g
YALI0E20493g,YALI0C16478g
YALI0E20493g,YALI0C18755g
YALI0E20493g,YALI0C21109g
YALI0E20493g,YALI0D01804g
YALI0E20493g,YALI0D07326g
YALI0E20493g,YALI0D08448g
YALI0E20493g,YALI0D08470g
YALI0E20493g,YALI0D18150g
YALI0E20493g,YALI0E29139g
YALI0E20493g,YALI0F18150g
YALI0E20493g,YALI0F22935g
YALI0E20493g,YALI0F24365g
YALI0E20493g,YALI0F30195g
YALI0B03718g,YALI0A18271g
YALI0B03718g,YALI0A20658g
YALI0B03718g,YALI0B12188g
YALI0B03718g,YALI0C00275g
YALI0B03718g,YALI0E01958g
YALI0B03718g,YALI0E14993g
YALI0B03718g,YALI0E22330g
YALI0B03718g,YALI0F10659g
YALI0E01452g,YALI0F08437g
YALI0A14476g,YALI0B13904g
YALI0D18700g,YALI0A04939g
YALI0D18700g,YALI0B13442g
YALI0D18700g,YALI0F07755g
YALI0D18700g,YALI0F20350g
YALI0E24277g,YALI0F00968g
YALI0C16478g,YALI0A06501g
YALI0C16478g,YALI0B20086g
YALI0C16478g,YALI0C21109g
YALI0C16478g,YALI0D01804g
YALI0C16478g,YALI0D07326g
YALI0C16478g,YALI0D08448g
YALI0C16478g,YALI0D12771g
YALI0C16478g,YALI0D18150g
YALI0C16478g,YALI0E31317g
YALI0C16478g,YALI0E32747g
YALI0C16478g,YALI0F18150g
YALI0C16478g,YALI0F24365g
YALI0C16478g,YALI0F30195g
YALI0C05104g,YALI0A18271g
YALI0C05104g,YALI0B23496g
YALI0C05104g,YALI0D04884g
YALI0C05104g,YALI0D20240g
YALI0C05104g,YALI0F10659g
YALI0C05104g,YALI0F25091g
YALI0D18150g,YALI0B20086g
YALI0D18150g,YALI0D01804g
YALI0D18150g,YALI0D07326g
YALI0D18150g,YALI0D08448g
YALI0D18150g,YALI0D08470g
YALI0D18150g,YALI0D21142g
YALI0D18150g,YALI0F30195g
YALI0B03102g,YALI0C19151g
YALI0A08165g,YALI0D25872g
YALI0A08165g,YALI0F23815g
YALI0B08338g,YALI0D04268g
YALI0F30011g,YALI0A10310g
YALI0F30011g,YALI0D14080g
YALI0C17347g,YALI0D24992g
YALI0E31317g,YALI0A06501g
YALI0E31317g,YALI0B20086g
YALI0E31317g,YALI0C21109g
YALI0E31317g,YALI0E32747g
YALI0E31317g,YALI0F18150g
YALI0E31317g,YALI0F24365g
YALI0C02365g,YALI0A16489g
YALI0C02365g,YALI0F06248g
YALI0C00363g,YALI0F19426g
YALI0B22132g,YALI0A20658g
YALI0E21527g,YALI0E27390g
YALI0E21527g,YALI0F21835g
YALI0E06721g,YALI0B03190g
YALI0E06721g,YALI0D22066g
YALI0D08448g,YALI0B17732g
YALI0D08448g,YALI0B20086g
YALI0D08448g,YALI0D01804g
YALI0D08448g,YALI0D07326g
YALI0D08448g,YALI0D08470g
YALI0D08448g,YALI0F17512g
YALI0D08448g,YALI0F22935g
YALI0D08448g,YALI0F24365g
YALI0D24519g,YALI0C09801g
YALI0D24519g,YALI0C16731g
YALI0D24519g,YALI0D24992g
YALI0D24519g,YALI0E29315g
YALI0D02585g,YALI0C18051g
YALI0D02585g,YALI0C19063g
YALI0D02585g,YALI0E17149g
YALI0E05423g,YALI0D06688g
YALI0A19624g,YALI0E27786g
YALI0F06028g,YALI0D16885g
YALI0F06028g,YALI0F17006g
YALI0D01980g,YALI0E11517g
YALI0B01980g,YALI0D06061g
YALI0B01980g,YALI0E34540g
YALI0C16731g,YALI0A09427g
YALI0C16731g,YALI0E05181g
YALI0C16731g,YALI0E34540g
YALI0F17512g,YALI0B02222g
YALI0F17512g,YALI0B17732g
YALI0F17512g,YALI0E17369g
YALI0F17512g,YALI0F16071g
YALI0F17512g,YALI0F22935g
YALI0E09020g,YALI0C12947g
YALI0E17369g,YALI0A11121g
YALI0E17369g,YALI0B17732g
YALI0E17369g,YALI0E00220g
YALI0E17369g,YALI0F22935g
YALI0B03300g,YALI0A09680g
YALI0B03300g,YALI0E28644g
YALI0E09284g,YALI0F14729g
YALI0E28644g,YALI0A06611g
YALI0E28644g,YALI0B13222g
YALI0E28644g,YALI0E06941g
YALI0E28644g,YALI0F04884g
YALI0A04939g,YALI0A20328g
YALI0A04939g,YALI0B13442g
YALI0A04939g,YALI0E30217g
YALI0E22330g,YALI0E01958g
YALI0E22330g,YALI0E14993g
YALI0F07975g,YALI0C11803g
YALI0B20658g,YALI0C04565g
YALI0B06160g,YALI0C21252g
YALI0F30195g,YALI0A06501g
YALI0F30195g,YALI0B20086g
YALI0F30195g,YALI0C18755g
YALI0F30195g,YALI0D01804g
YALI0F30195g,YALI0D07326g
YALI0F30195g,YALI0D08470g
YALI0F30195g,YALI0D12771g
YALI0F30195g,YALI0F24365g
YALI0F29227g,YALI0E15576g
YALI0F29227g,YALI0E26653g
YALI0F11605g,YALI0A15906g
YALI0F20526g,YALI0D05357g
YALI0A14212g,YALI0C08437g
YALI0F30921g,YALI0A12001g
YALI0F30921g,YALI0C07150g
YALI0F30921g,YALI0C19063g
YALI0B17732g,YALI0E05115g
YALI0B12188g,YALI0E14993g
YALI0D24585g,YALI0D00737g
YALI0D24585g,YALI0E06413g
YALI0D24585g,YALI0F02123g
YALI0D24585g,YALI0F21219g
YALI0E32747g,YALI0C21109g
YALI0E32747g,YALI0F18150g
YALI0E32747g,YALI0F24365g
YALI0E17149g,YALI0C19063g
YALI0C14806g,YALI0F10945g
YALI0E29139g,YALI0A09427g
YALI0E29139g,YALI0B20086g
YALI0E29139g,YALI0B22946g
YALI0E29139g,YALI0D01804g
YALI0E29139g,YALI0D02937g
YALI0E29139g,YALI0E24343g
YALI0E29139g,YALI0F22935g
YALI0C06600g,YALI0D12859g
YALI0F06358g,YALI0E32417g
YALI0F06358g,YALI0F17886g
YALI0F26433g,YALI0C10780g
YALI0F26433g,YALI0E05181g
YALI0F26433g,YALI0E34540g
YALI0E12001g,YALI0A18271g
YALI0E12001g,YALI0B23496g
YALI0E12001g,YALI0D20240g
YALI0E12001g,YALI0D24992g
YALI0E12001g,YALI0E01958g
YALI0E12001g,YALI0E05863g
YALI0E12001g,YALI0F10659g
YALI0B22946g,YALI0F22935g
YALI0B22946g,YALI0F24365g
YALI0A18271g,YALI0A12001g
YALI0A18271g,YALI0B23496g
YALI0A18271g,YALI0D20240g
YALI0A18271g,YALI0E01958g
YALI0A18271g,YALI0E34815g
YALI0A18271g,YALI0F10659g
YALI0A18271g,YALI0F11583g
YALI0A18271g,YALI0F25091g
YALI0D01804g,YALI0B20086g
YALI0D01804g,YALI0D07326g
YALI0D01804g,YALI0D10065g
YALI0D01804g,YALI0F18150g
YALI0D01804g,YALI0F22935g
YALI0D01804g,YALI0F24365g
YALI0F01584g,YALI0E11517g
YALI0F01584g,YALI0E19338g
YALI0F01584g,YALI0E22286g
YALI0F08943g,YALI0B10890g
YALI0E06941g,YALI0A05379g
YALI0E06941g,YALI0A06611g
YALI0E06941g,YALI0A13057g
YALI0E06941g,YALI0B13222g
YALI0E06941g,YALI0F04884g
YALI0D02937g,YALI0A13057g
YALI0D02937g,YALI0B13222g
YALI0D02937g,YALI0F04884g
YALI0E30217g,YALI0B18238g
YALI0F18150g,YALI0B20086g
YALI0F18150g,YALI0C21109g
YALI0F18150g,YALI0D10065g
YALI0F18150g,YALI0F24365g
YALI0C19151g,YALI0D18678g
YALI0C21406g,YALI0C21472g
YALI0D14080g,YALI0B13442g
YALI0F07645g,YALI0B22418g
YALI0B02970g,YALI0B18238g
YALI0B02970g,YALI0F07755g
YALI0E27390g,YALI0D03938g
YALI0F04884g,YALI0A06611g
YALI0F04884g,YALI0A09680g
YALI0F04884g,YALI0A13057g
YALI0F04884g,YALI0B13222g
YALI0F04884g,YALI0B21978g
YALI0E34540g,YALI0A14388g
YALI0E34540g,YALI0B21978g
YALI0E34540g,YALI0C02871g
YALI0E34540g,YALI0C10780g
YALI0E34540g,YALI0E05181g
YALI0E34540g,YALI0F27995g
YALI0D05357g,YALI0E30349g
YALI0C04565g,YALI0D00737g
YALI0F17886g,YALI0E32417g
YALI0E05115g,YALI0F24013g
YALI0E15576g,YALI0E26653g
YALI0E12375g,YALI0F18040g
YALI0A03817g,YALI0D07326g
YALI0C20933g,YALI0D22913g
YALI0D20240g,YALI0D22913g
YALI0D20240g,YALI0F10659g
YALI0D20240g,YALI0F25091g
YALI0F00330g,YALI0C00275g
YALI0E19338g,YALI0E22286g
YALI0C21109g,YALI0A06501g
YALI0C21109g,YALI0B20086g
YALI0C21109g,YALI0D07326g
YALI0C21109g,YALI0F24365g
YALI0C02871g,YALI0E00220g
YALI0C02871g,YALI0E21065g
YALI0C02871g,YALI0F22935g
YALI0F25223g,YALI0B02222g
YALI0F25223g,YALI0F24981g
YALI0B20086g,YALI0A06501g
YALI0B20086g,YALI0C18755g
YALI0B20086g,YALI0D07326g
YALI0B20086g,YALI0D10065g
YALI0B20086g,YALI0D12771g
YALI0B20086g,YALI0F24365g
YALI0C16456g,YALI0C18263g
YALI0E27918g,YALI0F12375g
YALI0B05940g,YALI0B20262g
YALI0C21252g,YALI0B04598g
YALI0F10054g,YALI0E05863g
YALI0B21978g,YALI0A14388g
YALI0B21978g,YALI0E34815g
YALI0B21978g,YALI0F27995g
YALI0E14993g,YALI0E01958g
YALI0D06688g,YALI0E22286g
YALI0E25630g,YALI0A16489g
YALI0E34353g,YALI0F27995g
YALI0A20328g,YALI0C08437g
YALI0F07755g,YALI0B13442g
YALI0F22957g,YALI0C20053g
YALI0F06248g,YALI0A16489g
YALI0D21142g,YALI0D07326g
YALI0D21142g,YALI0D08470g
YALI0F10945g,YALI0F14729g
YALI0E34037g,YALI0D00737g
YALI0E34037g,YALI0E06413g
YALI0E34037g,YALI0F21219g
YALI0D10285g,YALI0E11891g
YALI0D00737g,YALI0F02123g
YALI0F24365g,YALI0A06501g
YALI0F24365g,YALI0C18755g
YALI0F24365g,YALI0D07326g
YALI0F24365g,YALI0D12771g
YALI0F24365g,YALI0F22935g
YALI0F16071g,YALI0B02222g
YALI0F20350g,YALI0B13442g
YALI0C08437g,YALI0D03091g
YALI0D18678g,YALI0E32417g
YALI0B13222g,YALI0A05379g
YALI0B13222g,YALI0A06611g
YALI0B13222g,YALI0A13057g
YALI0E00220g,YALI0F22935g
YALI0C11803g,YALI0E05863g
YALI0B13442g,YALI0D00297g
YALI0F23045g,YALI0B20262g
YALI0B04598g,YALI0D13156g
YALI0A14388g,YALI0F27995g
YALI0E22286g,YALI0B18194g
YALI0A13057g,YALI0A05379g
YALI0F22935g,YALI0D10065g
YALI0F18238g,YALI0D00297g
YALI0E01958g,YALI0F10659g
YALI0F18040g,YALI0E26653g
YALI0A06501g,YALI0D12771g
YALI0E06413g,YALI0B02222g
YALI0E06413g,YALI0F21219g
YALI0C18755g,YALI0D08470g
YALI0C18755g,YALI0D12771g
YALI0E05181g,YALI0A09427g
YALI0E05181g,YALI0C10780g
YALI0C19682g,YALI0D10065g
YALI0A10967g,YALI0D04884g
YALI0F10659g,YALI0F25091g
YALI0C10780g,YALI0A09427g
YALI0E34815g,YALI0F25091g
