YALI0A00847g,YALI0C12595g
YALI0C12595g,YALI0E19899g
YALI0A01067g,YALI0F25289g
YALI0A01089g,YALI0E31031g
YALI0A01089g,YALI0E35046g
YALI0E35046g,YALI0F00880g
YALI0E35046g,YALI0F11121g
YALI0B20372g,YALI0A02915g
YALI0B20372g,YALI0A14784g
YALI0B20372g,YALI0A17468g
YALI0B20372g,YALI0D00737g
YALI0B20372g,YALI0D05467g
YALI0B20372g,YALI0E23749g
YALI0B20372g,YALI0E29667g
YALI0B20372g,YALI0E34037g
YALI0B20372g,YALI0F02123g
YALI0B20372g,YALI0F06050g
YALI0B20372g,YALI0F17248g
YALI0B20372g,YALI0F21219g
YALI0C12918g,YALI0F25113g
YALI0C23408g,YALI0D00737g
YALI0C23408g,YALI0E02728g
YALI0C23408g,YALI0F10615g
YALI0C23408g,YALI0F25113g
YALI0D00737g,YALI0A02651g
YALI0D00737g,YALI0A02915g
YALI0D00737g,YALI0A14784g
YALI0D00737g,YALI0A17468g
YALI0D00737g,YALI0C04565g
YALI0D00737g,YALI0D04939g
YALI0D00737g,YALI0D05467g
YALI0D00737g,YALI0D07216g
YALI0D00737g,YALI0E23089g
YALI0D00737g,YALI0E23749g
YALI0D00737g,YALI0E29667g
YALI0D00737g,YALI0E34037g
YALI0D00737g,YALI0F00924g
YALI0D00737g,YALI0F02123g
YALI0D00737g,YALI0F06050g
YALI0D00737g,YALI0F17248g
YALI0D00737g,YALI0F24673g
YALI0D00737g,YALI0F30987g
YALI0D05467g,YALI0A14784g
YALI0D05467g,YALI0D23397g
YALI0D05467g,YALI0E29667g
YALI0D05467g,YALI0E34037g
YALI0D05467g,YALI0F02123g
YALI0E29667g,YALI0A02651g
YALI0E29667g,YALI0A02915g
YALI0E29667g,YALI0A14784g
YALI0E29667g,YALI0A17468g
YALI0E29667g,YALI0E23089g
YALI0E29667g,YALI0E23749g
YALI0E29667g,YALI0E34037g
YALI0E29667g,YALI0F02123g
YALI0E29667g,YALI0F06050g
YALI0E29667g,YALI0F17248g
YALI0E29667g,YALI0F21219g
YALI0E34037g,YALI0F06050g
YALI0E34037g,YALI0F21219g
YALI0F06050g,YALI0A02651g
YALI0F06050g,YALI0A02915g
YALI0F06050g,YALI0A17468g
YALI0F06050g,YALI0A20680g
YALI0F06050g,YALI0D04939g
YALI0F06050g,YALI0D07216g
YALI0F06050g,YALI0E23089g
YALI0F06050g,YALI0E23749g
YALI0F06050g,YALI0F00924g
YALI0F06050g,YALI0F02123g
YALI0F06050g,YALI0F17248g
YALI0F06050g,YALI0F24673g
YALI0F21219g,YALI0A14784g
YALI0F30987g,YALI0C01969g
YALI0A02310g,YALI0B23100g
YALI0A02310g,YALI0C06369g
YALI0A02310g,YALI0C13750g
YALI0A02310g,YALI0E07073g
YALI0A02310g,YALI0E14190g
YALI0A02310g,YALI0E21472g
YALI0B23100g,YALI0A03597g
YALI0B23100g,YALI0B16126g
YALI0B23100g,YALI0C06369g
YALI0B23100g,YALI0C13926g
YALI0B23100g,YALI0D17446g
YALI0B23100g,YALI0E02244g
YALI0B23100g,YALI0E14190g
YALI0B23100g,YALI0E21472g
YALI0B23100g,YALI0F16489g
YALI0C06369g,YALI0D17446g
YALI0C06369g,YALI0E03586g
YALI0C06369g,YALI0E07073g
YALI0C06369g,YALI0E14190g
YALI0C13750g,YALI0E21472g
YALI0C13750g,YALI0E32241g
YALI0E07073g,YALI0D05797g
YALI0E21472g,YALI0C13926g
YALI0A02607g,YALI0C21516g
YALI0C21516g,YALI0B19756g
YALI0C21516g,YALI0D07535g
YALI0C21516g,YALI0E25652g
YALI0C21516g,YALI0F17754g
YALI0A02651g,YALI0A02915g
YALI0A02651g,YALI0A17468g
YALI0A02651g,YALI0A20680g
YALI0A02651g,YALI0D04939g
YALI0A02651g,YALI0D07216g
YALI0A02651g,YALI0E23089g
YALI0A02651g,YALI0E23749g
YALI0A02651g,YALI0F00924g
YALI0A02651g,YALI0F02123g
YALI0A02651g,YALI0F06061g
YALI0A02651g,YALI0F17248g
YALI0A02915g,YALI0A14784g
YALI0A02915g,YALI0A14806g
YALI0A02915g,YALI0A17468g
YALI0A02915g,YALI0D07216g
YALI0A02915g,YALI0E23089g
YALI0A02915g,YALI0E23749g
YALI0A02915g,YALI0F02123g
YALI0A02915g,YALI0F17248g
YALI0A02915g,YALI0F24673g
YALI0A17468g,YALI0A20680g
YALI0A17468g,YALI0D04939g
YALI0A17468g,YALI0D07216g
YALI0A17468g,YALI0E23089g
YALI0A17468g,YALI0E23749g
YALI0A17468g,YALI0F01771g
YALI0A17468g,YALI0F02123g
YALI0A17468g,YALI0F06061g
YALI0A17468g,YALI0F17248g
YALI0A17468g,YALI0F24673g
YALI0A20680g,YALI0D04939g
YALI0A20680g,YALI0D07216g
YALI0A20680g,YALI0E23089g
YALI0A20680g,YALI0E23749g
YALI0A20680g,YALI0F06061g
YALI0A20680g,YALI0F24673g
YALI0D04939g,YALI0D07216g
YALI0D04939g,YALI0E23089g
YALI0D04939g,YALI0E23749g
YALI0D04939g,YALI0F00924g
YALI0D04939g,YALI0F02123g
YALI0D04939g,YALI0F06061g
YALI0D04939g,YALI0F24673g
YALI0D07216g,YALI0C04565g
YALI0D07216g,YALI0E23089g
YALI0D07216g,YALI0E23749g
YALI0D07216g,YALI0F00924g
YALI0D07216g,YALI0F02123g
YALI0D07216g,YALI0F06061g
YALI0D07216g,YALI0F17248g
YALI0D07216g,YALI0F24673g
YALI0E23089g,YALI0C04565g
YALI0E23089g,YALI0E23749g
YALI0E23089g,YALI0F00924g
YALI0E23089g,YALI0F01771g
YALI0E23089g,YALI0F02123g
YALI0E23089g,YALI0F06061g
YALI0E23089g,YALI0F17248g
YALI0E23089g,YALI0F24673g
YALI0E23749g,YALI0F00924g
YALI0E23749g,YALI0F01771g
YALI0E23749g,YALI0F02123g
YALI0E23749g,YALI0F06061g
YALI0E23749g,YALI0F17248g
YALI0E23749g,YALI0F24673g
YALI0F00924g,YALI0C04565g
YALI0F00924g,YALI0F02123g
YALI0F00924g,YALI0F17248g
YALI0F02123g,YALI0A14784g
YALI0F02123g,YALI0F17248g
YALI0F02123g,YALI0F24673g
YALI0F06061g,YALI0F24673g
YALI0F17248g,YALI0A14784g
YALI0F17248g,YALI0A14806g
YALI0F17248g,YALI0F24673g
YALI0A12155g,YALI0A12133g
YALI0A12155g,YALI0B12276g
YALI0A12155g,YALI0B18326g
YALI0A12155g,YALI0C07062g
YALI0A12155g,YALI0C17083g
YALI0A12155g,YALI0D10505g
YALI0A12155g,YALI0E02618g
YALI0A12155g,YALI0E10109g
YALI0A12155g,YALI0E25872g
YALI0A12155g,YALI0F07755g
YALI0A12155g,YALI0F17358g
YALI0A12155g,YALI0F21725g
YALI0A12155g,YALI0F31493g
YALI0B12276g,YALI0A03773g
YALI0B12276g,YALI0A05181g
YALI0B12276g,YALI0A12133g
YALI0B12276g,YALI0A21197g
YALI0B12276g,YALI0B00990g
YALI0B12276g,YALI0B09779g
YALI0B12276g,YALI0B18326g
YALI0B12276g,YALI0C05599g
YALI0B12276g,YALI0C07062g
YALI0B12276g,YALI0C12749g
YALI0B12276g,YALI0C17083g
YALI0B12276g,YALI0D08668g
YALI0B12276g,YALI0D10505g
YALI0B12276g,YALI0D13068g
YALI0B12276g,YALI0D14080g
YALI0B12276g,YALI0D22220g
YALI0B12276g,YALI0D23133g
YALI0B12276g,YALI0D23859g
YALI0B12276g,YALI0E01122g
YALI0B12276g,YALI0E01628g
YALI0B12276g,YALI0E02618g
YALI0B12276g,YALI0E05797g
YALI0B12276g,YALI0E25872g
YALI0B12276g,YALI0F01991g
YALI0B12276g,YALI0F08151g
YALI0B12276g,YALI0F09856g
YALI0B12276g,YALI0F15829g
YALI0B12276g,YALI0F17358g
YALI0B12276g,YALI0F20372g
YALI0B12276g,YALI0F31317g
YALI0B12276g,YALI0F31493g
YALI0D10505g,YALI0A05181g
YALI0D10505g,YALI0A10252g
YALI0D10505g,YALI0A12133g
YALI0D10505g,YALI0A19140g
YALI0D10505g,YALI0A21197g
YALI0D10505g,YALI0B09779g
YALI0D10505g,YALI0B18326g
YALI0D10505g,YALI0C05599g
YALI0D10505g,YALI0C07062g
YALI0D10505g,YALI0C08052g
YALI0D10505g,YALI0C12749g
YALI0D10505g,YALI0C13882g
YALI0D10505g,YALI0C17083g
YALI0D10505g,YALI0D07788g
YALI0D10505g,YALI0D08668g
YALI0D10505g,YALI0D13068g
YALI0D10505g,YALI0D23133g
YALI0D10505g,YALI0D23859g
YALI0D10505g,YALI0E01122g
YALI0D10505g,YALI0E01628g
YALI0D10505g,YALI0E01782g
YALI0D10505g,YALI0E02618g
YALI0D10505g,YALI0E03366g
YALI0D10505g,YALI0E10109g
YALI0D10505g,YALI0E25872g
YALI0D10505g,YALI0F01991g
YALI0D10505g,YALI0F08151g
YALI0D10505g,YALI0F09856g
YALI0D10505g,YALI0F17358g
YALI0D10505g,YALI0F20372g
YALI0D10505g,YALI0F31317g
YALI0D10505g,YALI0F31493g
YALI0D23133g,YALI0A05181g
YALI0D23133g,YALI0A21197g
YALI0D23133g,YALI0B00990g
YALI0D23133g,YALI0D13068g
YALI0D23133g,YALI0E02618g
YALI0D23133g,YALI0E09449g
YALI0D23133g,YALI0F08151g
YALI0D23133g,YALI0F09856g
YALI0D23133g,YALI0F20372g
YALI0D23133g,YALI0F31493g
YALI0E02618g,YALI0A05181g
YALI0E02618g,YALI0A12133g
YALI0E02618g,YALI0A19140g
YALI0E02618g,YALI0A21197g
YALI0E02618g,YALI0B00990g
YALI0E02618g,YALI0B09779g
YALI0E02618g,YALI0B10560g
YALI0E02618g,YALI0B18326g
YALI0E02618g,YALI0C05599g
YALI0E02618g,YALI0C07062g
YALI0E02618g,YALI0C08052g
YALI0E02618g,YALI0C12749g
YALI0E02618g,YALI0C17083g
YALI0E02618g,YALI0D13068g
YALI0E02618g,YALI0D23859g
YALI0E02618g,YALI0E01122g
YALI0E02618g,YALI0E01628g
YALI0E02618g,YALI0E01782g
YALI0E02618g,YALI0E03366g
YALI0E02618g,YALI0E09449g
YALI0E02618g,YALI0E10109g
YALI0E02618g,YALI0E25872g
YALI0E02618g,YALI0F08151g
YALI0E02618g,YALI0F09856g
YALI0E02618g,YALI0F17358g
YALI0E02618g,YALI0F20372g
YALI0E02618g,YALI0F31317g
YALI0E02618g,YALI0F31493g
YALI0E25872g,YALI0A05181g
YALI0E25872g,YALI0A12067g
YALI0E25872g,YALI0A12133g
YALI0E25872g,YALI0B03278g
YALI0E25872g,YALI0B09779g
YALI0E25872g,YALI0B18326g
YALI0E25872g,YALI0C07062g
YALI0E25872g,YALI0C12749g
YALI0E25872g,YALI0C17083g
YALI0E25872g,YALI0D13068g
YALI0E25872g,YALI0D23859g
YALI0E25872g,YALI0E01122g
YALI0E25872g,YALI0E03366g
YALI0E25872g,YALI0E05797g
YALI0E25872g,YALI0F01991g
YALI0E25872g,YALI0F17358g
YALI0E25872g,YALI0F17622g
YALI0E25872g,YALI0F31317g
YALI0E25872g,YALI0F31493g
YALI0F07755g,YALI0F31493g
YALI0F08151g,YALI0A05181g
YALI0F08151g,YALI0A21197g
YALI0F08151g,YALI0B00990g
YALI0F08151g,YALI0B09779g
YALI0F08151g,YALI0C13596g
YALI0F08151g,YALI0D10483g
YALI0F08151g,YALI0D13068g
YALI0F08151g,YALI0D14080g
YALI0F08151g,YALI0D22220g
YALI0F08151g,YALI0E01122g
YALI0F08151g,YALI0E01628g
YALI0F08151g,YALI0F09856g
YALI0F08151g,YALI0F20372g
YALI0F08151g,YALI0F30393g
YALI0F08151g,YALI0F31493g
YALI0F17358g,YALI0A05181g
YALI0F17358g,YALI0A12067g
YALI0F17358g,YALI0A12133g
YALI0F17358g,YALI0A19140g
YALI0F17358g,YALI0A21197g
YALI0F17358g,YALI0B09779g
YALI0F17358g,YALI0B10560g
YALI0F17358g,YALI0B18326g
YALI0F17358g,YALI0C00693g
YALI0F17358g,YALI0C05599g
YALI0F17358g,YALI0C07062g
YALI0F17358g,YALI0C08052g
YALI0F17358g,YALI0C12749g
YALI0F17358g,YALI0C17083g
YALI0F17358g,YALI0D07788g
YALI0F17358g,YALI0D08668g
YALI0F17358g,YALI0D13068g
YALI0F17358g,YALI0D19448g
YALI0F17358g,YALI0D23859g
YALI0F17358g,YALI0E01100g
YALI0F17358g,YALI0E01122g
YALI0F17358g,YALI0E03366g
YALI0F17358g,YALI0E04785g
YALI0F17358g,YALI0E05797g
YALI0F17358g,YALI0E09449g
YALI0F17358g,YALI0E10109g
YALI0F17358g,YALI0E23386g
YALI0F17358g,YALI0F05302g
YALI0F17358g,YALI0F09856g
YALI0F17358g,YALI0F15829g
YALI0F17358g,YALI0F17622g
YALI0F17358g,YALI0F20372g
YALI0F17358g,YALI0F21725g
YALI0F17358g,YALI0F31317g
YALI0F17358g,YALI0F31493g
YALI0F31493g,YALI0A03773g
YALI0F31493g,YALI0A05181g
YALI0F31493g,YALI0A12067g
YALI0F31493g,YALI0A12133g
YALI0F31493g,YALI0A19140g
YALI0F31493g,YALI0A21197g
YALI0F31493g,YALI0B03278g
YALI0F31493g,YALI0B09779g
YALI0F31493g,YALI0B11770g
YALI0F31493g,YALI0B18326g
YALI0F31493g,YALI0C00693g
YALI0F31493g,YALI0C05599g
YALI0F31493g,YALI0C07062g
YALI0F31493g,YALI0C08052g
YALI0F31493g,YALI0C12749g
YALI0F31493g,YALI0C13596g
YALI0F31493g,YALI0D13068g
YALI0F31493g,YALI0D19448g
YALI0F31493g,YALI0D22220g
YALI0F31493g,YALI0D23859g
YALI0F31493g,YALI0E01122g
YALI0F31493g,YALI0E01628g
YALI0F31493g,YALI0E03366g
YALI0F31493g,YALI0E04785g
YALI0F31493g,YALI0F01991g
YALI0F31493g,YALI0F04708g
YALI0F31493g,YALI0F09856g
YALI0F31493g,YALI0F20372g
YALI0F31493g,YALI0F30011g
YALI0F31493g,YALI0F31317g
YALI0A03773g,YALI0A05181g
YALI0A03773g,YALI0A08151g
YALI0A03773g,YALI0A19140g
YALI0A03773g,YALI0A20614g
YALI0A03773g,YALI0A21197g
YALI0A03773g,YALI0B03278g
YALI0A03773g,YALI0B03784g
YALI0A03773g,YALI0B09779g
YALI0A03773g,YALI0B11770g
YALI0A03773g,YALI0C00693g
YALI0A03773g,YALI0C05599g
YALI0A03773g,YALI0C07062g
YALI0A03773g,YALI0C08052g
YALI0A03773g,YALI0C13596g
YALI0A03773g,YALI0C13882g
YALI0A03773g,YALI0D01782g
YALI0A03773g,YALI0D04763g
YALI0A03773g,YALI0D08668g
YALI0A03773g,YALI0D10483g
YALI0A03773g,YALI0D13068g
YALI0A03773g,YALI0D13486g
YALI0A03773g,YALI0D19954g
YALI0A03773g,YALI0D22220g
YALI0A03773g,YALI0D23859g
YALI0A03773g,YALI0E00770g
YALI0A03773g,YALI0E01122g
YALI0A03773g,YALI0E01628g
YALI0A03773g,YALI0E04785g
YALI0A03773g,YALI0E05225g
YALI0A03773g,YALI0E05797g
YALI0A03773g,YALI0E06545g
YALI0A03773g,YALI0E10439g
YALI0A03773g,YALI0E18282g
YALI0A03773g,YALI0F01991g
YALI0A03773g,YALI0F04708g
YALI0A03773g,YALI0F09856g
YALI0A03773g,YALI0F13101g
YALI0A03773g,YALI0F14245g
YALI0A03773g,YALI0F20372g
YALI0A03773g,YALI0F30393g
YALI0A03773g,YALI0F31317g
YALI0A05181g,YALI0A12133g
YALI0A05181g,YALI0A15400g
YALI0A05181g,YALI0B00990g
YALI0A05181g,YALI0B03278g
YALI0A05181g,YALI0B09779g
YALI0A05181g,YALI0B10560g
YALI0A05181g,YALI0B18326g
YALI0A05181g,YALI0C05599g
YALI0A05181g,YALI0C07062g
YALI0A05181g,YALI0C08052g
YALI0A05181g,YALI0C12749g
YALI0A05181g,YALI0D08668g
YALI0A05181g,YALI0D13068g
YALI0A05181g,YALI0D22220g
YALI0A05181g,YALI0D23859g
YALI0A05181g,YALI0E01122g
YALI0A05181g,YALI0E05797g
YALI0A05181g,YALI0E23386g
YALI0A05181g,YALI0F01991g
YALI0A05181g,YALI0F04708g
YALI0A05181g,YALI0F09856g
YALI0A05181g,YALI0F20372g
YALI0A05181g,YALI0F31317g
YALI0A08151g,YALI0A20614g
YALI0A08151g,YALI0B09779g
YALI0A08151g,YALI0B10582g
YALI0A08151g,YALI0B14905g
YALI0A08151g,YALI0C13596g
YALI0A08151g,YALI0C20317g
YALI0A08151g,YALI0D01782g
YALI0A08151g,YALI0D08668g
YALI0A08151g,YALI0D10483g
YALI0A08151g,YALI0D18986g
YALI0A08151g,YALI0D20592g
YALI0A08151g,YALI0E00770g
YALI0A08151g,YALI0E01628g
YALI0A08151g,YALI0E05225g
YALI0A08151g,YALI0E10439g
YALI0A08151g,YALI0E18282g
YALI0A08151g,YALI0E34287g
YALI0A08151g,YALI0F04708g
YALI0A08151g,YALI0F13101g
YALI0A08151g,YALI0F30393g
YALI0A19140g,YALI0A05555g
YALI0A19140g,YALI0A12133g
YALI0A19140g,YALI0A20614g
YALI0A19140g,YALI0A21197g
YALI0A19140g,YALI0B09779g
YALI0A19140g,YALI0B11770g
YALI0A19140g,YALI0B18326g
YALI0A19140g,YALI0C05599g
YALI0A19140g,YALI0C07062g
YALI0A19140g,YALI0C08052g
YALI0A19140g,YALI0C13596g
YALI0A19140g,YALI0C13882g
YALI0A19140g,YALI0D08668g
YALI0A19140g,YALI0D09691g
YALI0A19140g,YALI0D10483g
YALI0A19140g,YALI0D13948g
YALI0A19140g,YALI0D14080g
YALI0A19140g,YALI0D22220g
YALI0A19140g,YALI0D23859g
YALI0A19140g,YALI0E01122g
YALI0A19140g,YALI0E01496g
YALI0A19140g,YALI0E01628g
YALI0A19140g,YALI0E01782g
YALI0A19140g,YALI0E04785g
YALI0A19140g,YALI0E10439g
YALI0A19140g,YALI0E26587g
YALI0A19140g,YALI0E30019g
YALI0A19140g,YALI0F04708g
YALI0A19140g,YALI0F09856g
YALI0A19140g,YALI0F20372g
YALI0A19140g,YALI0F24497g
YALI0A19140g,YALI0F30011g
YALI0A19140g,YALI0F30393g
YALI0A19140g,YALI0F31317g
YALI0A19140g,YALI0F31383g
YALI0A20614g,YALI0A05555g
YALI0A20614g,YALI0A21197g
YALI0A20614g,YALI0B08624g
YALI0A20614g,YALI0B09779g
YALI0A20614g,YALI0B10582g
YALI0A20614g,YALI0B11770g
YALI0A20614g,YALI0C08052g
YALI0A20614g,YALI0C13596g
YALI0A20614g,YALI0C13882g
YALI0A20614g,YALI0D01782g
YALI0A20614g,YALI0D08668g
YALI0A20614g,YALI0D09691g
YALI0A20614g,YALI0D10483g
YALI0A20614g,YALI0D11396g
YALI0A20614g,YALI0D13486g
YALI0A20614g,YALI0D13948g
YALI0A20614g,YALI0D20592g
YALI0A20614g,YALI0D23859g
YALI0A20614g,YALI0E00770g
YALI0A20614g,YALI0E01122g
YALI0A20614g,YALI0E01628g
YALI0A20614g,YALI0E01782g
YALI0A20614g,YALI0E04785g
YALI0A20614g,YALI0E05225g
YALI0A20614g,YALI0E06039g
YALI0A20614g,YALI0E10439g
YALI0A20614g,YALI0E13728g
YALI0A20614g,YALI0E26587g
YALI0A20614g,YALI0E27137g
YALI0A20614g,YALI0E34287g
YALI0A20614g,YALI0F00902g
YALI0A20614g,YALI0F04708g
YALI0A20614g,YALI0F09856g
YALI0A20614g,YALI0F15829g
YALI0A20614g,YALI0F20372g
YALI0A20614g,YALI0F21483g
YALI0A20614g,YALI0F30011g
YALI0A20614g,YALI0F30393g
YALI0A20614g,YALI0F31317g
YALI0A21197g,YALI0A05555g
YALI0A21197g,YALI0A10252g
YALI0A21197g,YALI0A12133g
YALI0A21197g,YALI0B09779g
YALI0A21197g,YALI0B11770g
YALI0A21197g,YALI0B18326g
YALI0A21197g,YALI0C05599g
YALI0A21197g,YALI0C07062g
YALI0A21197g,YALI0C08052g
YALI0A21197g,YALI0C12749g
YALI0A21197g,YALI0C13596g
YALI0A21197g,YALI0C13882g
YALI0A21197g,YALI0C17083g
YALI0A21197g,YALI0D07788g
YALI0A21197g,YALI0D08668g
YALI0A21197g,YALI0D09691g
YALI0A21197g,YALI0D10483g
YALI0A21197g,YALI0D13068g
YALI0A21197g,YALI0D13948g
YALI0A21197g,YALI0D14080g
YALI0A21197g,YALI0D22220g
YALI0A21197g,YALI0D23859g
YALI0A21197g,YALI0E01122g
YALI0A21197g,YALI0E01628g
YALI0A21197g,YALI0E01782g
YALI0A21197g,YALI0E05225g
YALI0A21197g,YALI0E10439g
YALI0A21197g,YALI0E26587g
YALI0A21197g,YALI0E27137g
YALI0A21197g,YALI0F04708g
YALI0A21197g,YALI0F09856g
YALI0A21197g,YALI0F15829g
YALI0A21197g,YALI0F20372g
YALI0A21197g,YALI0F22737g
YALI0A21197g,YALI0F30011g
YALI0A21197g,YALI0F30393g
YALI0A21197g,YALI0F31317g
YALI0B03278g,YALI0B03784g
YALI0B03278g,YALI0B11770g
YALI0B03278g,YALI0C01969g
YALI0B03278g,YALI0C05599g
YALI0B03278g,YALI0C07062g
YALI0B03278g,YALI0D13068g
YALI0B03278g,YALI0D19448g
YALI0B03278g,YALI0E01122g
YALI0B03278g,YALI0E04785g
YALI0B03278g,YALI0E05797g
YALI0B03278g,YALI0F01991g
YALI0B03278g,YALI0F14245g
YALI0B03278g,YALI0F16643g
YALI0B03278g,YALI0F31317g
YALI0B03784g,YALI0B11770g
YALI0B03784g,YALI0C05599g
YALI0B03784g,YALI0D13068g
YALI0B03784g,YALI0E06545g
YALI0B03784g,YALI0F01991g
YALI0B03784g,YALI0F14245g
YALI0B09779g,YALI0A05555g
YALI0B09779g,YALI0A10252g
YALI0B09779g,YALI0A12067g
YALI0B09779g,YALI0A12133g
YALI0B09779g,YALI0A15400g
YALI0B09779g,YALI0B11770g
YALI0B09779g,YALI0B11880g
YALI0B09779g,YALI0B18326g
YALI0B09779g,YALI0C00693g
YALI0B09779g,YALI0C05599g
YALI0B09779g,YALI0C07062g
YALI0B09779g,YALI0C08052g
YALI0B09779g,YALI0C12749g
YALI0B09779g,YALI0C12881g
YALI0B09779g,YALI0C13596g
YALI0B09779g,YALI0C13882g
YALI0B09779g,YALI0C17083g
YALI0B09779g,YALI0C17853g
YALI0B09779g,YALI0D01782g
YALI0B09779g,YALI0D07788g
YALI0B09779g,YALI0D08668g
YALI0B09779g,YALI0D09691g
YALI0B09779g,YALI0D10483g
YALI0B09779g,YALI0D13068g
YALI0B09779g,YALI0D13486g
YALI0B09779g,YALI0D18986g
YALI0B09779g,YALI0D23859g
YALI0B09779g,YALI0E00770g
YALI0B09779g,YALI0E01122g
YALI0B09779g,YALI0E01496g
YALI0B09779g,YALI0E01628g
YALI0B09779g,YALI0E01782g
YALI0B09779g,YALI0E04785g
YALI0B09779g,YALI0E05225g
YALI0B09779g,YALI0E10109g
YALI0B09779g,YALI0E10439g
YALI0B09779g,YALI0E34287g
YALI0B09779g,YALI0F04708g
YALI0B09779g,YALI0F09856g
YALI0B09779g,YALI0F15829g
YALI0B09779g,YALI0F20372g
YALI0B09779g,YALI0F24497g
YALI0B09779g,YALI0F30393g
YALI0B09779g,YALI0F31317g
YALI0B09779g,YALI0F31383g
YALI0B11770g,YALI0C05599g
YALI0B11770g,YALI0C07062g
YALI0B11770g,YALI0C08052g
YALI0B11770g,YALI0C13596g
YALI0B11770g,YALI0C13882g
YALI0B11770g,YALI0D01782g
YALI0B11770g,YALI0D13068g
YALI0B11770g,YALI0D22220g
YALI0B11770g,YALI0E01122g
YALI0B11770g,YALI0E01628g
YALI0B11770g,YALI0E04785g
YALI0B11770g,YALI0E06545g
YALI0B11770g,YALI0E26587g
YALI0B11770g,YALI0F01991g
YALI0B11770g,YALI0F04708g
YALI0B11770g,YALI0F14245g
YALI0B11770g,YALI0F20372g
YALI0C00693g,YALI0A12067g
YALI0C00693g,YALI0B18326g
YALI0C00693g,YALI0C07062g
YALI0C00693g,YALI0C08052g
YALI0C00693g,YALI0C12881g
YALI0C00693g,YALI0D01782g
YALI0C00693g,YALI0D08668g
YALI0C00693g,YALI0D13068g
YALI0C00693g,YALI0D18986g
YALI0C00693g,YALI0D23859g
YALI0C00693g,YALI0E00770g
YALI0C00693g,YALI0E01122g
YALI0C00693g,YALI0E04785g
YALI0C00693g,YALI0E10439g
YALI0C00693g,YALI0F04708g
YALI0C00693g,YALI0F13101g
YALI0C00693g,YALI0F31317g
YALI0C05599g,YALI0A12133g
YALI0C05599g,YALI0B10560g
YALI0C05599g,YALI0C01969g
YALI0C05599g,YALI0C07062g
YALI0C05599g,YALI0C08052g
YALI0C05599g,YALI0C12749g
YALI0C05599g,YALI0C13596g
YALI0C05599g,YALI0D08668g
YALI0C05599g,YALI0D13068g
YALI0C05599g,YALI0D23859g
YALI0C05599g,YALI0E01122g
YALI0C05599g,YALI0E04785g
YALI0C05599g,YALI0E09449g
YALI0C05599g,YALI0F04708g
YALI0C05599g,YALI0F15829g
YALI0C05599g,YALI0F20372g
YALI0C05599g,YALI0F31317g
YALI0C07062g,YALI0A12067g
YALI0C07062g,YALI0A12133g
YALI0C07062g,YALI0A15400g
YALI0C07062g,YALI0B18326g
YALI0C07062g,YALI0C08052g
YALI0C07062g,YALI0C12749g
YALI0C07062g,YALI0C13596g
YALI0C07062g,YALI0C17083g
YALI0C07062g,YALI0D08668g
YALI0C07062g,YALI0D13068g
YALI0C07062g,YALI0D13486g
YALI0C07062g,YALI0D18986g
YALI0C07062g,YALI0D19448g
YALI0C07062g,YALI0D23859g
YALI0C07062g,YALI0E01122g
YALI0C07062g,YALI0E03366g
YALI0C07062g,YALI0E04785g
YALI0C07062g,YALI0E09449g
YALI0C07062g,YALI0E10109g
YALI0C07062g,YALI0E23386g
YALI0C07062g,YALI0F01991g
YALI0C07062g,YALI0F04708g
YALI0C07062g,YALI0F09856g
YALI0C07062g,YALI0F17622g
YALI0C07062g,YALI0F20372g
YALI0C07062g,YALI0F31317g
YALI0C08052g,YALI0A05555g
YALI0C08052g,YALI0A10252g
YALI0C08052g,YALI0A12067g
YALI0C08052g,YALI0A12133g
YALI0C08052g,YALI0B11880g
YALI0C08052g,YALI0B18326g
YALI0C08052g,YALI0C12749g
YALI0C08052g,YALI0C12881g
YALI0C08052g,YALI0C13882g
YALI0C08052g,YALI0C17083g
YALI0C08052g,YALI0D01782g
YALI0C08052g,YALI0D07788g
YALI0C08052g,YALI0D08668g
YALI0C08052g,YALI0D09691g
YALI0C08052g,YALI0D13068g
YALI0C08052g,YALI0D13486g
YALI0C08052g,YALI0D18986g
YALI0C08052g,YALI0D23859g
YALI0C08052g,YALI0E00770g
YALI0C08052g,YALI0E01122g
YALI0C08052g,YALI0E01496g
YALI0C08052g,YALI0E01628g
YALI0C08052g,YALI0E01782g
YALI0C08052g,YALI0E03366g
YALI0C08052g,YALI0E04785g
YALI0C08052g,YALI0E05225g
YALI0C08052g,YALI0E10109g
YALI0C08052g,YALI0E10439g
YALI0C08052g,YALI0E27137g
YALI0C08052g,YALI0E34287g
YALI0C08052g,YALI0F04708g
YALI0C08052g,YALI0F05302g
YALI0C08052g,YALI0F09856g
YALI0C08052g,YALI0F15829g
YALI0C08052g,YALI0F17622g
YALI0C08052g,YALI0F20372g
YALI0C08052g,YALI0F22737g
YALI0C08052g,YALI0F24497g
YALI0C08052g,YALI0F25047g
YALI0C08052g,YALI0F30393g
YALI0C08052g,YALI0F31317g
YALI0C13596g,YALI0C03784g
YALI0C13596g,YALI0C13882g
YALI0C13596g,YALI0D09691g
YALI0C13596g,YALI0D10483g
YALI0C13596g,YALI0D13068g
YALI0C13596g,YALI0D14080g
YALI0C13596g,YALI0D22220g
YALI0C13596g,YALI0D23859g
YALI0C13596g,YALI0E01122g
YALI0C13596g,YALI0E01628g
YALI0C13596g,YALI0E01782g
YALI0C13596g,YALI0E10439g
YALI0C13596g,YALI0E26587g
YALI0C13596g,YALI0F04708g
YALI0C13596g,YALI0F20372g
YALI0C13596g,YALI0F30011g
YALI0C13596g,YALI0F30393g
YALI0C13596g,YALI0F31317g
YALI0C13882g,YALI0A05555g
YALI0C13882g,YALI0A12133g
YALI0C13882g,YALI0B18326g
YALI0C13882g,YALI0D01782g
YALI0C13882g,YALI0D08668g
YALI0C13882g,YALI0D09691g
YALI0C13882g,YALI0D10483g
YALI0C13882g,YALI0D13948g
YALI0C13882g,YALI0D14080g
YALI0C13882g,YALI0D22220g
YALI0C13882g,YALI0D23859g
YALI0C13882g,YALI0E01122g
YALI0C13882g,YALI0E01628g
YALI0C13882g,YALI0E01782g
YALI0C13882g,YALI0E04785g
YALI0C13882g,YALI0E10439g
YALI0C13882g,YALI0E26587g
YALI0C13882g,YALI0E27137g
YALI0C13882g,YALI0F04708g
YALI0C13882g,YALI0F09856g
YALI0C13882g,YALI0F15829g
YALI0C13882g,YALI0F20372g
YALI0C13882g,YALI0F30011g
YALI0C13882g,YALI0F30393g
YALI0C13882g,YALI0F31317g
YALI0D01782g,YALI0A12067g
YALI0D01782g,YALI0D08668g
YALI0D01782g,YALI0D18986g
YALI0D01782g,YALI0D22220g
YALI0D01782g,YALI0E00770g
YALI0D01782g,YALI0E01122g
YALI0D01782g,YALI0E01628g
YALI0D01782g,YALI0E04785g
YALI0D01782g,YALI0E10439g
YALI0D01782g,YALI0E34287g
YALI0D01782g,YALI0F04708g
YALI0D01782g,YALI0F09856g
YALI0D01782g,YALI0F13101g
YALI0D01782g,YALI0F14245g
YALI0D01782g,YALI0F30393g
YALI0D01782g,YALI0F31317g
YALI0D04763g,YALI0D14080g
YALI0D04763g,YALI0D19954g
YALI0D04763g,YALI0D22220g
YALI0D04763g,YALI0F01991g
YALI0D04763g,YALI0F14245g
YALI0D04763g,YALI0F30011g
YALI0D08668g,YALI0A05555g
YALI0D08668g,YALI0A10252g
YALI0D08668g,YALI0A12133g
YALI0D08668g,YALI0B10582g
YALI0D08668g,YALI0B11880g
YALI0D08668g,YALI0B18326g
YALI0D08668g,YALI0C12749g
YALI0D08668g,YALI0C12881g
YALI0D08668g,YALI0C17083g
YALI0D08668g,YALI0C17853g
YALI0D08668g,YALI0D07788g
YALI0D08668g,YALI0D09691g
YALI0D08668g,YALI0D10483g
YALI0D08668g,YALI0D13068g
YALI0D08668g,YALI0D13486g
YALI0D08668g,YALI0D18986g
YALI0D08668g,YALI0D23859g
YALI0D08668g,YALI0E00770g
YALI0D08668g,YALI0E01100g
YALI0D08668g,YALI0E01122g
YALI0D08668g,YALI0E01496g
YALI0D08668g,YALI0E01628g
YALI0D08668g,YALI0E01782g
YALI0D08668g,YALI0E04785g
YALI0D08668g,YALI0E05225g
YALI0D08668g,YALI0E06545g
YALI0D08668g,YALI0E10109g
YALI0D08668g,YALI0E10439g
YALI0D08668g,YALI0E18282g
YALI0D08668g,YALI0E26587g
YALI0D08668g,YALI0E27137g
YALI0D08668g,YALI0E34287g
YALI0D08668g,YALI0F04708g
YALI0D08668g,YALI0F06512g
YALI0D08668g,YALI0F09856g
YALI0D08668g,YALI0F12661g
YALI0D08668g,YALI0F13101g
YALI0D08668g,YALI0F15829g
YALI0D08668g,YALI0F20372g
YALI0D08668g,YALI0F22737g
YALI0D08668g,YALI0F24497g
YALI0D08668g,YALI0F30393g
YALI0D08668g,YALI0F31317g
YALI0D10483g,YALI0A05555g
YALI0D10483g,YALI0A12133g
YALI0D10483g,YALI0B10582g
YALI0D10483g,YALI0B14905g
YALI0D10483g,YALI0C20317g
YALI0D10483g,YALI0D09691g
YALI0D10483g,YALI0D13948g
YALI0D10483g,YALI0D23859g
YALI0D10483g,YALI0E01628g
YALI0D10483g,YALI0E01782g
YALI0D10483g,YALI0E05225g
YALI0D10483g,YALI0E10439g
YALI0D10483g,YALI0E18282g
YALI0D10483g,YALI0E26587g
YALI0D10483g,YALI0E27137g
YALI0D10483g,YALI0F04708g
YALI0D10483g,YALI0F09856g
YALI0D10483g,YALI0F20372g
YALI0D10483g,YALI0F24497g
YALI0D10483g,YALI0F30393g
YALI0D13068g,YALI0A12133g
YALI0D13068g,YALI0A15400g
YALI0D13068g,YALI0B18326g
YALI0D13068g,YALI0C12749g
YALI0D13068g,YALI0D13486g
YALI0D13068g,YALI0D18986g
YALI0D13068g,YALI0D22220g
YALI0D13068g,YALI0D23859g
YALI0D13068g,YALI0E01122g
YALI0D13068g,YALI0E04785g
YALI0D13068g,YALI0E05225g
YALI0D13068g,YALI0E05797g
YALI0D13068g,YALI0E18282g
YALI0D13068g,YALI0F01991g
YALI0D13068g,YALI0F04708g
YALI0D13068g,YALI0F09856g
YALI0D13068g,YALI0F13101g
YALI0D13068g,YALI0F20372g
YALI0D13068g,YALI0F31317g
YALI0D13486g,YALI0A05555g
YALI0D13486g,YALI0A10252g
YALI0D13486g,YALI0A12133g
YALI0D13486g,YALI0B11880g
YALI0D13486g,YALI0B18326g
YALI0D13486g,YALI0C12749g
YALI0D13486g,YALI0C12881g
YALI0D13486g,YALI0C17083g
YALI0D13486g,YALI0C17853g
YALI0D13486g,YALI0D07788g
YALI0D13486g,YALI0D18986g
YALI0D13486g,YALI0D23551g
YALI0D13486g,YALI0D23859g
YALI0D13486g,YALI0E00770g
YALI0D13486g,YALI0E01100g
YALI0D13486g,YALI0E01122g
YALI0D13486g,YALI0E01496g
YALI0D13486g,YALI0E03366g
YALI0D13486g,YALI0E04785g
YALI0D13486g,YALI0E05225g
YALI0D13486g,YALI0E10439g
YALI0D13486g,YALI0E27137g
YALI0D13486g,YALI0E34287g
YALI0D13486g,YALI0F04708g
YALI0D13486g,YALI0F06512g
YALI0D13486g,YALI0F12661g
YALI0D13486g,YALI0F13101g
YALI0D13486g,YALI0F15829g
YALI0D13486g,YALI0F21483g
YALI0D13486g,YALI0F22737g
YALI0D13486g,YALI0F31317g
YALI0D19954g,YALI0C03784g
YALI0D19954g,YALI0D11396g
YALI0D19954g,YALI0D22220g
YALI0D19954g,YALI0E24365g
YALI0D19954g,YALI0F00902g
YALI0D19954g,YALI0F09878g
YALI0D19954g,YALI0F14245g
YALI0D22220g,YALI0B00990g
YALI0D22220g,YALI0C03784g
YALI0D22220g,YALI0D14080g
YALI0D22220g,YALI0E01122g
YALI0D22220g,YALI0E01628g
YALI0D22220g,YALI0F04708g
YALI0D22220g,YALI0F14245g
YALI0D22220g,YALI0F20372g
YALI0D22220g,YALI0F30011g
YALI0D23859g,YALI0A05555g
YALI0D23859g,YALI0A10252g
YALI0D23859g,YALI0A12133g
YALI0D23859g,YALI0A15400g
YALI0D23859g,YALI0B18326g
YALI0D23859g,YALI0C12749g
YALI0D23859g,YALI0C17083g
YALI0D23859g,YALI0D07788g
YALI0D23859g,YALI0D09691g
YALI0D23859g,YALI0D18986g
YALI0D23859g,YALI0E01122g
YALI0D23859g,YALI0E01496g
YALI0D23859g,YALI0E01628g
YALI0D23859g,YALI0E01782g
YALI0D23859g,YALI0E03366g
YALI0D23859g,YALI0E04785g
YALI0D23859g,YALI0E09449g
YALI0D23859g,YALI0E10109g
YALI0D23859g,YALI0E10439g
YALI0D23859g,YALI0E26587g
YALI0D23859g,YALI0F04708g
YALI0D23859g,YALI0F09856g
YALI0D23859g,YALI0F20372g
YALI0D23859g,YALI0F21725g
YALI0D23859g,YALI0F24497g
YALI0D23859g,YALI0F30011g
YALI0D23859g,YALI0F30393g
YALI0D23859g,YALI0F31317g
YALI0E00770g,YALI0A05555g
YALI0E00770g,YALI0A12067g
YALI0E00770g,YALI0A12133g
YALI0E00770g,YALI0B10582g
YALI0E00770g,YALI0B11880g
YALI0E00770g,YALI0B18326g
YALI0E00770g,YALI0C12749g
YALI0E00770g,YALI0C12881g
YALI0E00770g,YALI0C17083g
YALI0E00770g,YALI0C17853g
YALI0E00770g,YALI0D07788g
YALI0E00770g,YALI0D09691g
YALI0E00770g,YALI0D18986g
YALI0E00770g,YALI0E01100g
YALI0E00770g,YALI0E01122g
YALI0E00770g,YALI0E01496g
YALI0E00770g,YALI0E01628g
YALI0E00770g,YALI0E04785g
YALI0E00770g,YALI0E05225g
YALI0E00770g,YALI0E05797g
YALI0E00770g,YALI0E10439g
YALI0E00770g,YALI0E16753g
YALI0E00770g,YALI0E18282g
YALI0E00770g,YALI0E34287g
YALI0E00770g,YALI0F04708g
YALI0E00770g,YALI0F06512g
YALI0E00770g,YALI0F09856g
YALI0E00770g,YALI0F12661g
YALI0E00770g,YALI0F13101g
YALI0E00770g,YALI0F15829g
YALI0E00770g,YALI0F21483g
YALI0E00770g,YALI0F22737g
YALI0E00770g,YALI0F24497g
YALI0E00770g,YALI0F30393g
YALI0E00770g,YALI0F31317g
YALI0E01122g,YALI0A12067g
YALI0E01122g,YALI0A12133g
YALI0E01122g,YALI0A15400g
YALI0E01122g,YALI0B18326g
YALI0E01122g,YALI0C12749g
YALI0E01122g,YALI0D18986g
YALI0E01122g,YALI0E01628g
YALI0E01122g,YALI0E04785g
YALI0E01122g,YALI0E05797g
YALI0E01122g,YALI0E10439g
YALI0E01122g,YALI0E23386g
YALI0E01122g,YALI0F01991g
YALI0E01122g,YALI0F04708g
YALI0E01122g,YALI0F09856g
YALI0E01122g,YALI0F13101g
YALI0E01122g,YALI0F15829g
YALI0E01122g,YALI0F20372g
YALI0E01122g,YALI0F24497g
YALI0E01122g,YALI0F25047g
YALI0E01122g,YALI0F30011g
YALI0E01122g,YALI0F30393g
YALI0E01122g,YALI0F31317g
YALI0E01628g,YALI0A05555g
YALI0E01628g,YALI0A12067g
YALI0E01628g,YALI0A12133g
YALI0E01628g,YALI0B18326g
YALI0E01628g,YALI0D09691g
YALI0E01628g,YALI0D13948g
YALI0E01628g,YALI0D14080g
YALI0E01628g,YALI0E01782g
YALI0E01628g,YALI0E04785g
YALI0E01628g,YALI0E10439g
YALI0E01628g,YALI0E26587g
YALI0E01628g,YALI0F04708g
YALI0E01628g,YALI0F09856g
YALI0E01628g,YALI0F13101g
YALI0E01628g,YALI0F14245g
YALI0E01628g,YALI0F15829g
YALI0E01628g,YALI0F20372g
YALI0E01628g,YALI0F30011g
YALI0E01628g,YALI0F30393g
YALI0E01628g,YALI0F31317g
YALI0E04785g,YALI0A05555g
YALI0E04785g,YALI0A12067g
YALI0E04785g,YALI0A12133g
YALI0E04785g,YALI0B11880g
YALI0E04785g,YALI0B18326g
YALI0E04785g,YALI0C12749g
YALI0E04785g,YALI0C12881g
YALI0E04785g,YALI0D09691g
YALI0E04785g,YALI0D18986g
YALI0E04785g,YALI0D19118g
YALI0E04785g,YALI0E01496g
YALI0E04785g,YALI0E10439g
YALI0E04785g,YALI0E27137g
YALI0E04785g,YALI0E34287g
YALI0E04785g,YALI0F04708g
YALI0E04785g,YALI0F06512g
YALI0E04785g,YALI0F17622g
YALI0E04785g,YALI0F21483g
YALI0E04785g,YALI0F25047g
YALI0E04785g,YALI0F31317g
YALI0E05225g,YALI0A10252g
YALI0E05225g,YALI0A12133g
YALI0E05225g,YALI0B10582g
YALI0E05225g,YALI0B11880g
YALI0E05225g,YALI0C12749g
YALI0E05225g,YALI0C12881g
YALI0E05225g,YALI0C17853g
YALI0E05225g,YALI0C20317g
YALI0E05225g,YALI0D07788g
YALI0E05225g,YALI0D18986g
YALI0E05225g,YALI0E01100g
YALI0E05225g,YALI0E16753g
YALI0E05225g,YALI0E18282g
YALI0E05225g,YALI0E27137g
YALI0E05225g,YALI0E34287g
YALI0E05225g,YALI0F04708g
YALI0E05225g,YALI0F09856g
YALI0E05225g,YALI0F12661g
YALI0E05225g,YALI0F15829g
YALI0E05225g,YALI0F20372g
YALI0E05225g,YALI0F22737g
YALI0E05225g,YALI0F24497g
YALI0E05225g,YALI0F30393g
YALI0E05225g,YALI0F31317g
YALI0E05797g,YALI0A12067g
YALI0E05797g,YALI0C12749g
YALI0E05797g,YALI0E01100g
YALI0E05797g,YALI0E18282g
YALI0E05797g,YALI0E23386g
YALI0E05797g,YALI0F09856g
YALI0E05797g,YALI0F13101g
YALI0E05797g,YALI0F15829g
YALI0E05797g,YALI0F31317g
YALI0E06545g,YALI0F14245g
YALI0E06545g,YALI0F22737g
YALI0E10439g,YALI0A05555g
YALI0E10439g,YALI0A10252g
YALI0E10439g,YALI0A12067g
YALI0E10439g,YALI0A12133g
YALI0E10439g,YALI0B14905g
YALI0E10439g,YALI0B18326g
YALI0E10439g,YALI0C12881g
YALI0E10439g,YALI0C17083g
YALI0E10439g,YALI0D07788g
YALI0E10439g,YALI0D09691g
YALI0E10439g,YALI0D18986g
YALI0E10439g,YALI0E01496g
YALI0E10439g,YALI0E01782g
YALI0E10439g,YALI0E06039g
YALI0E10439g,YALI0E10109g
YALI0E10439g,YALI0E26587g
YALI0E10439g,YALI0E34287g
YALI0E10439g,YALI0F04708g
YALI0E10439g,YALI0F09856g
YALI0E10439g,YALI0F13101g
YALI0E10439g,YALI0F20372g
YALI0E10439g,YALI0F24497g
YALI0E10439g,YALI0F30393g
YALI0E10439g,YALI0F31317g
YALI0E10439g,YALI0F31383g
YALI0E18282g,YALI0A13035g
YALI0E18282g,YALI0B10582g
YALI0E18282g,YALI0C20317g
YALI0E18282g,YALI0E19404g
YALI0E18282g,YALI0F04708g
YALI0E18282g,YALI0F13101g
YALI0E18282g,YALI0F15829g
YALI0F01991g,YALI0A12133g
YALI0F01991g,YALI0F13101g
YALI0F01991g,YALI0F31317g
YALI0F04708g,YALI0A05555g
YALI0F04708g,YALI0A12133g
YALI0F04708g,YALI0B08624g
YALI0F04708g,YALI0B10582g
YALI0F04708g,YALI0B18326g
YALI0F04708g,YALI0D09691g
YALI0F04708g,YALI0D18986g
YALI0F04708g,YALI0E01782g
YALI0F04708g,YALI0E06039g
YALI0F04708g,YALI0E26587g
YALI0F04708g,YALI0E27137g
YALI0F04708g,YALI0E34287g
YALI0F04708g,YALI0F00902g
YALI0F04708g,YALI0F09856g
YALI0F04708g,YALI0F13101g
YALI0F04708g,YALI0F14245g
YALI0F04708g,YALI0F15829g
YALI0F04708g,YALI0F20372g
YALI0F04708g,YALI0F24497g
YALI0F04708g,YALI0F30011g
YALI0F04708g,YALI0F30393g
YALI0F04708g,YALI0F31317g
YALI0F09856g,YALI0A10252g
YALI0F09856g,YALI0A12067g
YALI0F09856g,YALI0A12133g
YALI0F09856g,YALI0A15400g
YALI0F09856g,YALI0B10582g
YALI0F09856g,YALI0B18326g
YALI0F09856g,YALI0C12749g
YALI0F09856g,YALI0C17083g
YALI0F09856g,YALI0C17853g
YALI0F09856g,YALI0D07788g
YALI0F09856g,YALI0D09691g
YALI0F09856g,YALI0D13948g
YALI0F09856g,YALI0E01100g
YALI0F09856g,YALI0E01782g
YALI0F09856g,YALI0E10109g
YALI0F09856g,YALI0E19404g
YALI0F09856g,YALI0F15829g
YALI0F09856g,YALI0F20372g
YALI0F09856g,YALI0F24497g
YALI0F09856g,YALI0F30393g
YALI0F09856g,YALI0F31317g
YALI0F13101g,YALI0B10582g
YALI0F13101g,YALI0C12881g
YALI0F13101g,YALI0D18986g
YALI0F13101g,YALI0F31317g
YALI0F14245g,YALI0D11396g
YALI0F14245g,YALI0E13728g
YALI0F14245g,YALI0F00902g
YALI0F20372g,YALI0A12133g
YALI0F20372g,YALI0B08624g
YALI0F20372g,YALI0B18326g
YALI0F20372g,YALI0C17083g
YALI0F20372g,YALI0C17853g
YALI0F20372g,YALI0D07788g
YALI0F20372g,YALI0D09691g
YALI0F20372g,YALI0D13948g
YALI0F20372g,YALI0D14080g
YALI0F20372g,YALI0D18986g
YALI0F20372g,YALI0E01782g
YALI0F20372g,YALI0E26587g
YALI0F20372g,YALI0E30019g
YALI0F20372g,YALI0F15829g
YALI0F20372g,YALI0F24497g
YALI0F20372g,YALI0F30393g
YALI0F20372g,YALI0F31317g
YALI0F30393g,YALI0A05555g
YALI0F30393g,YALI0A10252g
YALI0F30393g,YALI0A12133g
YALI0F30393g,YALI0B08624g
YALI0F30393g,YALI0B10582g
YALI0F30393g,YALI0B14905g
YALI0F30393g,YALI0B18326g
YALI0F30393g,YALI0C17083g
YALI0F30393g,YALI0C17853g
YALI0F30393g,YALI0C20317g
YALI0F30393g,YALI0D09691g
YALI0F30393g,YALI0D13948g
YALI0F30393g,YALI0D18986g
YALI0F30393g,YALI0D19624g
YALI0F30393g,YALI0E01782g
YALI0F30393g,YALI0E26587g
YALI0F30393g,YALI0E34287g
YALI0F30393g,YALI0F15829g
YALI0F30393g,YALI0F24497g
YALI0F31317g,YALI0A05555g
YALI0F31317g,YALI0A10252g
YALI0F31317g,YALI0A12067g
YALI0F31317g,YALI0A12133g
YALI0F31317g,YALI0B10560g
YALI0F31317g,YALI0B11880g
YALI0F31317g,YALI0B18326g
YALI0F31317g,YALI0C12749g
YALI0F31317g,YALI0C12881g
YALI0F31317g,YALI0C17083g
YALI0F31317g,YALI0C17853g
YALI0F31317g,YALI0D07788g
YALI0F31317g,YALI0D09691g
YALI0F31317g,YALI0D18986g
YALI0F31317g,YALI0D23551g
YALI0F31317g,YALI0E01100g
YALI0F31317g,YALI0E01496g
YALI0F31317g,YALI0E03366g
YALI0F31317g,YALI0E10109g
YALI0F31317g,YALI0E23386g
YALI0F31317g,YALI0E27137g
YALI0F31317g,YALI0E34287g
YALI0F31317g,YALI0F06512g
YALI0F31317g,YALI0F12661g
YALI0F31317g,YALI0F15829g
YALI0F31317g,YALI0F17622g
YALI0F31317g,YALI0F21483g
YALI0F31317g,YALI0F22737g
YALI0F31317g,YALI0F24497g
YALI0A12133g,YALI0A05555g
YALI0A12133g,YALI0A10252g
YALI0A12133g,YALI0A12067g
YALI0A12133g,YALI0B18326g
YALI0A12133g,YALI0C12749g
YALI0A12133g,YALI0C12881g
YALI0A12133g,YALI0C17083g
YALI0A12133g,YALI0D07788g
YALI0A12133g,YALI0D09691g
YALI0A12133g,YALI0D18986g
YALI0A12133g,YALI0E01100g
YALI0A12133g,YALI0E01496g
YALI0A12133g,YALI0E01782g
YALI0A12133g,YALI0E03366g
YALI0A12133g,YALI0E10109g
YALI0A12133g,YALI0E26587g
YALI0A12133g,YALI0E27137g
YALI0A12133g,YALI0F06512g
YALI0A12133g,YALI0F17622g
YALI0A12133g,YALI0F21725g
YALI0A12133g,YALI0F22737g
YALI0A12133g,YALI0F24497g
YALI0E34441g,YALI0F29359g
YALI0A15400g,YALI0C12749g
YALI0A15400g,YALI0E01100g
YALI0B10560g,YALI0B11880g
YALI0B10560g,YALI0C12749g
YALI0B10560g,YALI0E01100g
YALI0B10560g,YALI0F21725g
YALI0B18326g,YALI0A10252g
YALI0B18326g,YALI0A12067g
YALI0B18326g,YALI0C12749g
YALI0B18326g,YALI0C12881g
YALI0B18326g,YALI0C17083g
YALI0B18326g,YALI0C17853g
YALI0B18326g,YALI0D07788g
YALI0B18326g,YALI0D09691g
YALI0B18326g,YALI0D18986g
YALI0B18326g,YALI0E01100g
YALI0B18326g,YALI0E01496g
YALI0B18326g,YALI0E01782g
YALI0B18326g,YALI0E03366g
YALI0B18326g,YALI0E10109g
YALI0B18326g,YALI0E23386g
YALI0B18326g,YALI0E30019g
YALI0B18326g,YALI0F12661g
YALI0B18326g,YALI0F15829g
YALI0B18326g,YALI0F21725g
YALI0B18326g,YALI0F24497g
YALI0B18326g,YALI0F31383g
YALI0C12749g,YALI0A10252g
YALI0C12749g,YALI0B11880g
YALI0C12749g,YALI0C12881g
YALI0C12749g,YALI0C17083g
YALI0C12749g,YALI0D07788g
YALI0C12749g,YALI0D18986g
YALI0C12749g,YALI0D19448g
YALI0C12749g,YALI0E01100g
YALI0C12749g,YALI0E01496g
YALI0C12749g,YALI0E03366g
YALI0C12749g,YALI0E10109g
YALI0C12749g,YALI0F05302g
YALI0C12749g,YALI0F06512g
YALI0C12749g,YALI0F17622g
YALI0C12749g,YALI0F21725g
YALI0C12749g,YALI0F22737g
YALI0E23386g,YALI0D19448g
YALI0A05555g,YALI0A10252g
YALI0A05555g,YALI0B14905g
YALI0A05555g,YALI0C12881g
YALI0A05555g,YALI0C17083g
YALI0A05555g,YALI0C17853g
YALI0A05555g,YALI0D07788g
YALI0A05555g,YALI0D09691g
YALI0A05555g,YALI0D13948g
YALI0A05555g,YALI0D18986g
YALI0A05555g,YALI0E01496g
YALI0A05555g,YALI0E01782g
YALI0A05555g,YALI0E06039g
YALI0A05555g,YALI0E26587g
YALI0A05555g,YALI0E27137g
YALI0A05555g,YALI0E34287g
YALI0A05555g,YALI0F12661g
YALI0A05555g,YALI0F22737g
YALI0A10252g,YALI0B11880g
YALI0A10252g,YALI0C12881g
YALI0A10252g,YALI0C17083g
YALI0A10252g,YALI0C17853g
YALI0A10252g,YALI0D07788g
YALI0A10252g,YALI0D15818g
YALI0A10252g,YALI0D18986g
YALI0A10252g,YALI0E01100g
YALI0A10252g,YALI0E01496g
YALI0A10252g,YALI0E01782g
YALI0A10252g,YALI0E03366g
YALI0A10252g,YALI0E10109g
YALI0A10252g,YALI0E34287g
YALI0A10252g,YALI0F06512g
YALI0A10252g,YALI0F12661g
YALI0A10252g,YALI0F22737g
YALI0A10252g,YALI0F24497g
YALI0B14905g,YALI0D09691g
YALI0B14905g,YALI0D19624g
YALI0B14905g,YALI0E34287g
YALI0C12881g,YALI0A12067g
YALI0C12881g,YALI0B11880g
YALI0C12881g,YALI0B18546g
YALI0C12881g,YALI0C17083g
YALI0C12881g,YALI0C17853g
YALI0C12881g,YALI0D07788g
YALI0C12881g,YALI0D18986g
YALI0C12881g,YALI0E01100g
YALI0C12881g,YALI0E01496g
YALI0C12881g,YALI0E34287g
YALI0C12881g,YALI0F06512g
YALI0C12881g,YALI0F12661g
YALI0C12881g,YALI0F15829g
YALI0C12881g,YALI0F17380g
YALI0C12881g,YALI0F21483g
YALI0C12881g,YALI0F22737g
YALI0C12881g,YALI0F24497g
YALI0C17083g,YALI0A12067g
YALI0C17083g,YALI0C17853g
YALI0C17083g,YALI0D07788g
YALI0C17083g,YALI0D09691g
YALI0C17083g,YALI0D18986g
YALI0C17083g,YALI0E01100g
YALI0C17083g,YALI0E01496g
YALI0C17083g,YALI0E01782g
YALI0C17083g,YALI0E03366g
YALI0C17083g,YALI0E10109g
YALI0C17083g,YALI0F12661g
YALI0C17083g,YALI0F15829g
YALI0C17083g,YALI0F21725g
YALI0C17083g,YALI0F24497g
YALI0C17853g,YALI0B07161g
YALI0C17853g,YALI0B08624g
YALI0C17853g,YALI0B10582g
YALI0C17853g,YALI0B11880g
YALI0C17853g,YALI0C20317g
YALI0C17853g,YALI0D07788g
YALI0C17853g,YALI0D13948g
YALI0C17853g,YALI0D18986g
YALI0C17853g,YALI0E01100g
YALI0C17853g,YALI0E01496g
YALI0C17853g,YALI0E01782g
YALI0C17853g,YALI0E10109g
YALI0C17853g,YALI0E16753g
YALI0C17853g,YALI0E19404g
YALI0C17853g,YALI0E34287g
YALI0C17853g,YALI0F12661g
YALI0C17853g,YALI0F15829g
YALI0C17853g,YALI0F17380g
YALI0C17853g,YALI0F24497g
YALI0D07788g,YALI0A12067g
YALI0D07788g,YALI0B11880g
YALI0D07788g,YALI0D18986g
YALI0D07788g,YALI0E01100g
YALI0D07788g,YALI0E01496g
YALI0D07788g,YALI0E03366g
YALI0D07788g,YALI0E10109g
YALI0D07788g,YALI0E34287g
YALI0D07788g,YALI0F06512g
YALI0D07788g,YALI0F12661g
YALI0D07788g,YALI0F15829g
YALI0D07788g,YALI0F22737g
YALI0D07788g,YALI0F24497g
YALI0D09691g,YALI0D13948g
YALI0D09691g,YALI0D18986g
YALI0D09691g,YALI0E01496g
YALI0D09691g,YALI0E01782g
YALI0D09691g,YALI0E10109g
YALI0D09691g,YALI0E26587g
YALI0D09691g,YALI0E27137g
YALI0D09691g,YALI0E34287g
YALI0D09691g,YALI0F17380g
YALI0D09691g,YALI0F24497g
YALI0D09691g,YALI0F31383g
YALI0D13948g,YALI0B00836g
YALI0D13948g,YALI0B08624g
YALI0D13948g,YALI0C20317g
YALI0D13948g,YALI0D19624g
YALI0D13948g,YALI0E01782g
YALI0D13948g,YALI0E26587g
YALI0D18986g,YALI0A12067g
YALI0D18986g,YALI0A13035g
YALI0D18986g,YALI0B11880g
YALI0D18986g,YALI0D23551g
YALI0D18986g,YALI0E01496g
YALI0D18986g,YALI0E06039g
YALI0D18986g,YALI0E34287g
YALI0D18986g,YALI0F06512g
YALI0D18986g,YALI0F12661g
YALI0D18986g,YALI0F17380g
YALI0D18986g,YALI0F22737g
YALI0D18986g,YALI0F24497g
YALI0E01496g,YALI0B11880g
YALI0E01496g,YALI0D23551g
YALI0E01496g,YALI0E03366g
YALI0E01496g,YALI0E10109g
YALI0E01496g,YALI0E27137g
YALI0E01496g,YALI0E34287g
YALI0E01496g,YALI0F06512g
YALI0E01496g,YALI0F12661g
YALI0E01496g,YALI0F17380g
YALI0E01496g,YALI0F21725g
YALI0E01496g,YALI0F24497g
YALI0E01782g,YALI0B08624g
YALI0E01782g,YALI0E26587g
YALI0E01782g,YALI0E27137g
YALI0E01782g,YALI0F15829g
YALI0E01782g,YALI0F24497g
YALI0E06039g,YALI0B08624g
YALI0E06039g,YALI0F17380g
YALI0E26587g,YALI0C20317g
YALI0E26587g,YALI0E27137g
YALI0E27137g,YALI0B10582g
YALI0E27137g,YALI0D02497g
YALI0E27137g,YALI0D23551g
YALI0E27137g,YALI0E34287g
YALI0E27137g,YALI0F21483g
YALI0E27137g,YALI0F22737g
YALI0E34287g,YALI0B10582g
YALI0E34287g,YALI0B11880g
YALI0E34287g,YALI0E04246g
YALI0E34287g,YALI0E16753g
YALI0E34287g,YALI0E17457g
YALI0E34287g,YALI0F06512g
YALI0E34287g,YALI0F12661g
YALI0E34287g,YALI0F17380g
YALI0E34287g,YALI0F21483g
YALI0E34287g,YALI0F22737g
YALI0E34287g,YALI0F24497g
YALI0F12661g,YALI0B08624g
YALI0F12661g,YALI0B11880g
YALI0F12661g,YALI0E01100g
YALI0F12661g,YALI0E10109g
YALI0F12661g,YALI0E16753g
YALI0F12661g,YALI0F06512g
YALI0F12661g,YALI0F15829g
YALI0F12661g,YALI0F17380g
YALI0F12661g,YALI0F24497g
YALI0F12661g,YALI0F31383g
YALI0F22737g,YALI0B11880g
YALI0F22737g,YALI0F06512g
YALI0F22737g,YALI0F21483g
YALI0C20317g,YALI0B10582g
YALI0D14080g,YALI0F30011g
YALI0C22088g,YALI0B07359g
YALI0C22088g,YALI0B16126g
YALI0B10582g,YALI0B08624g
YALI0B10582g,YALI0E16753g
YALI0B10582g,YALI0E17457g
YALI0B10582g,YALI0F15829g
YALI0D20592g,YALI0D11396g
YALI0D20592g,YALI0E13728g
YALI0D20592g,YALI0E17457g
YALI0D20592g,YALI0F00242g
YALI0A20592g,YALI0F00264g
YALI0B11880g,YALI0B05368g
YALI0B11880g,YALI0B18546g
YALI0B11880g,YALI0B20020g
YALI0B11880g,YALI0D15818g
YALI0B11880g,YALI0E01100g
YALI0B11880g,YALI0F06512g
YALI0B11880g,YALI0F17622g
YALI0B11880g,YALI0F21483g
YALI0B11880g,YALI0F24497g
YALI0D15818g,YALI0E01100g
YALI0D15818g,YALI0E19052g
YALI0D15818g,YALI0F06512g
YALI0E01100g,YALI0A12067g
YALI0E01100g,YALI0E03366g
YALI0E01100g,YALI0E08448g
YALI0E01100g,YALI0E10109g
YALI0E01100g,YALI0F06512g
YALI0E01100g,YALI0F15829g
YALI0E01100g,YALI0F17622g
YALI0E01100g,YALI0F21725g
YALI0E01100g,YALI0F24497g
YALI0E03366g,YALI0E10461g
YALI0E03366g,YALI0F06512g
YALI0E03366g,YALI0F17622g
YALI0E10109g,YALI0A12067g
YALI0E10109g,YALI0F17622g
YALI0E10109g,YALI0F21725g
YALI0E10109g,YALI0F24497g
YALI0F06512g,YALI0D23551g
YALI0F06512g,YALI0F17622g
YALI0F24497g,YALI0B08624g
YALI0F24497g,YALI0E16753g
YALI0F24497g,YALI0F15829g
YALI0F24497g,YALI0F17380g
YALI0F24497g,YALI0F21725g
YALI0F24497g,YALI0F31383g
YALI0E33935g,YALI0B10736g
YALI0E33935g,YALI0B14014g
YALI0E33935g,YALI0F00264g
YALI0E33935g,YALI0F09185g
YALI0F09185g,YALI0B14014g
YALI0F09185g,YALI0D03245g
YALI0F09185g,YALI0E20977g
YALI0F09185g,YALI0E23430g
YALI0F09185g,YALI0F00264g
YALI0A12067g,YALI0F17622g
YALI0F17622g,YALI0D19448g
YALI0F17622g,YALI0E15532g
YALI0F17622g,YALI0F05302g
YALI0F17622g,YALI0F21725g
YALI0F21725g,YALI0E08448g
YALI0F21725g,YALI0F05918g
YALI0A17831g,YALI0E32967g
YALI0F05302g,YALI0D19448g
YALI0E30019g,YALI0F31383g
YALI0F31383g,YALI0B08624g
YALI0F31383g,YALI0F17380g
YALI0A19932g,YALI0F18744g
YALI0E04246g,YALI0F30613g
YALI0F25047g,YALI0D19118g
YALI0F25047g,YALI0D19448g
YALI0B09625g,YALI0C03806g
YALI0B09625g,YALI0C06325g
YALI0B09625g,YALI0E02354g
YALI0C03806g,YALI0C06325g
YALI0C03806g,YALI0E02354g
YALI0A20438g,YALI0B02420g
YALI0A20570g,YALI0D00154g
YALI0A20570g,YALI0D06149g
YALI0A20570g,YALI0D07535g
YALI0A20570g,YALI0D13574g
YALI0A20570g,YALI0E03476g
YALI0D00154g,YALI0D06149g
YALI0D06149g,YALI0B20526g
YALI0D06149g,YALI0C15939g
YALI0D06149g,YALI0D03245g
YALI0D06149g,YALI0D07535g
YALI0D06149g,YALI0D13574g
YALI0D06149g,YALI0E00308g
YALI0D06149g,YALI0E03476g
YALI0D06149g,YALI0E05819g
YALI0D06149g,YALI0E23430g
YALI0D06149g,YALI0F20174g
YALI0D07535g,YALI0D13574g
YALI0D07535g,YALI0E03476g
YALI0D13574g,YALI0B20526g
YALI0D13574g,YALI0E00308g
YALI0D13574g,YALI0E03476g
YALI0D13574g,YALI0E25982g
YALI0E03476g,YALI0B20526g
YALI0E03476g,YALI0C10311g
YALI0E03476g,YALI0C15939g
YALI0E03476g,YALI0C17237g
YALI0E03476g,YALI0C22836g
YALI0E03476g,YALI0D03245g
YALI0E03476g,YALI0D15664g
YALI0E03476g,YALI0E00308g
YALI0E03476g,YALI0E03938g
YALI0E03476g,YALI0E05819g
YALI0E03476g,YALI0E23430g
YALI0E03476g,YALI0F16918g
YALI0E03476g,YALI0F18282g
YALI0E03476g,YALI0F20174g
YALI0E03476g,YALI0F30437g
YALI0F00264g,YALI0B14014g
YALI0F00264g,YALI0D18293g
YALI0F00264g,YALI0E20977g
YALI0F00264g,YALI0F06226g
YALI0B08624g,YALI0B07161g
YALI0B08624g,YALI0E19404g
YALI0B08624g,YALI0E31009g
YALI0B08624g,YALI0F15829g
YALI0B08624g,YALI0F17380g
YALI0D11396g,YALI0E13728g
YALI0D11396g,YALI0F00902g
YALI0D11396g,YALI0F09878g
YALI0E13728g,YALI0F00902g
YALI0F00902g,YALI0C03784g
YALI0F00902g,YALI0F05104g
YALI0F00902g,YALI0F09878g
YALI0F15829g,YALI0B00836g
YALI0F15829g,YALI0E19404g
YALI0F21483g,YALI0D02497g
YALI0A21439g,YALI0B21472g
YALI0B21472g,YALI0E11385g
YALI0B00814g,YALI0F23353g
YALI0F23353g,YALI0B19800g
YALI0F23353g,YALI0C16929g
YALI0F23353g,YALI0F01210g
YALI0F23353g,YALI0F18964g
YALI0F25223g,YALI0F24981g
YALI0F16489g,YALI0D17446g
YALI0F16489g,YALI0E02244g
YALI0D19448g,YALI0E15532g
YALI0B03916g,YALI0E22484g
YALI0F04466g,YALI0F02277g
YALI0B06710g,YALI0C05907g
YALI0B06710g,YALI0C21912g
YALI0C05907g,YALI0D10234g
YALI0C05907g,YALI0D24101g
YALI0C05907g,YALI0F30063g
YALI0C21912g,YALI0D10234g
YALI0C21912g,YALI0D24101g
YALI0C21912g,YALI0F00462g
YALI0B07161g,YALI0E19404g
YALI0B07161g,YALI0F17380g
YALI0F17380g,YALI0E16753g
YALI0E31009g,YALI0F02717g
YALI0C06325g,YALI0E02354g
YALI0C06325g,YALI0E04620g
YALI0E34881g,YALI0E15268g
YALI0B10736g,YALI0B14014g
YALI0B10736g,YALI0D24431g
YALI0B14014g,YALI0E08162g
YALI0C13926g,YALI0B16126g
YALI0C13926g,YALI0E03586g
YALI0B13090g,YALI0D00495g
YALI0D00495g,YALI0C02981g
YALI0D00495g,YALI0D15664g
YALI0D00495g,YALI0E05819g
YALI0D00495g,YALI0E19294g
YALI0E26433g,YALI0D14608g
YALI0D23815g,YALI0C22121g
YALI0D23815g,YALI0D08690g
YALI0D23815g,YALI0E18502g
YALI0D23815g,YALI0F05038g
YALI0F00462g,YALI0D24101g
YALI0B16126g,YALI0E03586g
YALI0B16126g,YALI0E19965g
YALI0B16126g,YALI0F02046g
YALI0E19965g,YALI0F02046g
YALI0B16148g,YALI0D08228g
YALI0B16214g,YALI0B19800g
YALI0B16214g,YALI0D01243g
YALI0B16214g,YALI0F16511g
YALI0B19800g,YALI0C10311g
YALI0B19800g,YALI0C16929g
YALI0B19800g,YALI0D01243g
YALI0B19800g,YALI0E00308g
YALI0D01243g,YALI0C02981g
YALI0D01243g,YALI0C10311g
YALI0D01243g,YALI0C16929g
YALI0D01243g,YALI0D24101g
YALI0D01243g,YALI0E00308g
YALI0D01243g,YALI0F30437g
YALI0B16412g,YALI0F22825g
YALI0B18298g,YALI0F17820g
YALI0F17820g,YALI0F25685g
YALI0B19756g,YALI0C05687g
YALI0B19756g,YALI0C15939g
YALI0B19756g,YALI0D06039g
YALI0B19756g,YALI0E23430g
YALI0B19756g,YALI0F17754g
YALI0C05687g,YALI0C15939g
YALI0C05687g,YALI0F17754g
YALI0C15939g,YALI0B20306g
YALI0C15939g,YALI0D03245g
YALI0C15939g,YALI0D06039g
YALI0C15939g,YALI0E23430g
YALI0C15939g,YALI0F17754g
YALI0C15939g,YALI0F18282g
YALI0D06039g,YALI0E23430g
YALI0E23430g,YALI0B20526g
YALI0E23430g,YALI0F18282g
YALI0F17754g,YALI0E25652g
YALI0C10311g,YALI0C02981g
YALI0C10311g,YALI0C06424g
YALI0C10311g,YALI0C16929g
YALI0C10311g,YALI0C22836g
YALI0C10311g,YALI0D15664g
YALI0C10311g,YALI0D19338g
YALI0C10311g,YALI0D24101g
YALI0C10311g,YALI0E00308g
YALI0C10311g,YALI0E03938g
YALI0C10311g,YALI0E05819g
YALI0C10311g,YALI0E19294g
YALI0C10311g,YALI0F16896g
YALI0C10311g,YALI0F16918g
YALI0C10311g,YALI0F18964g
YALI0C10311g,YALI0F20174g
YALI0C10311g,YALI0F30437g
YALI0C16929g,YALI0C02981g
YALI0C16929g,YALI0C06424g
YALI0C16929g,YALI0D15664g
YALI0C16929g,YALI0D19338g
YALI0C16929g,YALI0D24101g
YALI0C16929g,YALI0E00308g
YALI0C16929g,YALI0E03938g
YALI0C16929g,YALI0E05819g
YALI0C16929g,YALI0E19294g
YALI0C16929g,YALI0F01210g
YALI0C16929g,YALI0F16896g
YALI0C16929g,YALI0F16918g
YALI0C16929g,YALI0F18964g
YALI0C16929g,YALI0F20174g
YALI0C16929g,YALI0F30437g
YALI0E00308g,YALI0C02981g
YALI0E00308g,YALI0C06424g
YALI0E00308g,YALI0C22836g
YALI0E00308g,YALI0D15664g
YALI0E00308g,YALI0D19338g
YALI0E00308g,YALI0E03938g
YALI0E00308g,YALI0E05819g
YALI0E00308g,YALI0E19294g
YALI0E00308g,YALI0F16918g
YALI0E00308g,YALI0F20174g
YALI0E00308g,YALI0F30437g
YALI0B20306g,YALI0C17237g
YALI0B20306g,YALI0D19338g
YALI0B20306g,YALI0E19294g
YALI0B20306g,YALI0E31108g
YALI0B20306g,YALI0F18282g
YALI0C17237g,YALI0E03938g
YALI0C17237g,YALI0E05819g
YALI0C17237g,YALI0F16918g
YALI0C17237g,YALI0F20174g
YALI0C17237g,YALI0F30437g
YALI0D19338g,YALI0C02981g
YALI0D19338g,YALI0C14388g
YALI0D19338g,YALI0D02695g
YALI0D19338g,YALI0D15664g
YALI0D19338g,YALI0E19294g
YALI0D19338g,YALI0F16918g
YALI0D19338g,YALI0F20174g
YALI0D19338g,YALI0F30437g
YALI0E19294g,YALI0C02981g
YALI0E19294g,YALI0E05819g
YALI0E19294g,YALI0F16918g
YALI0E19294g,YALI0F20174g
YALI0E19294g,YALI0F30437g
YALI0E31108g,YALI0B20328g
YALI0E31108g,YALI0C14388g
YALI0E31108g,YALI0F18282g
YALI0F18282g,YALI0C23540g
YALI0B20328g,YALI0C02981g
YALI0B20328g,YALI0D03245g
YALI0C02981g,YALI0C08965g
YALI0C02981g,YALI0C22836g
YALI0C02981g,YALI0D15664g
YALI0C02981g,YALI0D24101g
YALI0C02981g,YALI0E03938g
YALI0C02981g,YALI0E05819g
YALI0C02981g,YALI0F16918g
YALI0C02981g,YALI0F18964g
YALI0C02981g,YALI0F20174g
YALI0C02981g,YALI0F30437g
YALI0D03245g,YALI0B20526g
YALI0D03245g,YALI0E05819g
YALI0D03245g,YALI0F16918g
YALI0B20526g,YALI0C22836g
YALI0B20526g,YALI0F16918g
YALI0C22836g,YALI0D15664g
YALI0C22836g,YALI0D24101g
YALI0C22836g,YALI0E03938g
YALI0C22836g,YALI0E05819g
YALI0C22836g,YALI0F16918g
YALI0C22836g,YALI0F20174g
YALI0C22836g,YALI0F30437g
YALI0F16918g,YALI0C08965g
YALI0F16918g,YALI0D15664g
YALI0F16918g,YALI0D24101g
YALI0F16918g,YALI0E03938g
YALI0F16918g,YALI0E05819g
YALI0F16918g,YALI0F20174g
YALI0F16918g,YALI0F30437g
YALI0B20790g,YALI0F30591g
YALI0C09636g,YALI0D02497g
YALI0C09636g,YALI0D06457g
YALI0D02497g,YALI0D06457g
YALI0F05038g,YALI0C16049g
YALI0F05038g,YALI0D08690g
YALI0F05038g,YALI0E18502g
YALI0F05038g,YALI0F26587g
YALI0D17446g,YALI0E02244g
YALI0D17446g,YALI0F16819g
YALI0E02244g,YALI0F16819g
YALI0C00253g,YALI0D03135g
YALI0C00407g,YALI0D18293g
YALI0C00847g,YALI0C06578g
YALI0F26587g,YALI0C16049g
YALI0F26587g,YALI0D08690g
YALI0F26587g,YALI0E18502g
YALI0F26719g,YALI0C03762g
YALI0C08965g,YALI0D07304g
YALI0C08965g,YALI0F20174g
YALI0D15664g,YALI0D24101g
YALI0D15664g,YALI0E03938g
YALI0D15664g,YALI0E05819g
YALI0D15664g,YALI0F30437g
YALI0D24101g,YALI0C06424g
YALI0D24101g,YALI0D10234g
YALI0D24101g,YALI0E03938g
YALI0D24101g,YALI0F16896g
YALI0D24101g,YALI0F18964g
YALI0D24101g,YALI0F30437g
YALI0E03938g,YALI0C06424g
YALI0E03938g,YALI0E05819g
YALI0E03938g,YALI0F16896g
YALI0E03938g,YALI0F20174g
YALI0E03938g,YALI0F30437g
YALI0E05819g,YALI0C06424g
YALI0E05819g,YALI0F20174g
YALI0E05819g,YALI0F30437g
YALI0F18964g,YALI0F16896g
YALI0F20174g,YALI0F30437g
YALI0C03223g,YALI0D07458g
YALI0D07458g,YALI0F31339g
YALI0C03762g,YALI0D01265g
YALI0C03784g,YALI0F05104g
YALI0F05104g,YALI0F09878g
YALI0C04411g,YALI0F07711g
YALI0F07711g,YALI0F08415g
YALI0F07711g,YALI0F16819g
YALI0C05258g,YALI0F01452g
YALI0D07304g,YALI0C17567g
YALI0D07304g,YALI0F25685g
YALI0D06457g,YALI0F17138g
YALI0C14806g,YALI0D23397g
YALI0D23397g,YALI0D09361g
YALI0D23397g,YALI0D11374g
YALI0D23397g,YALI0D15752g
YALI0C16049g,YALI0D08690g
YALI0C16049g,YALI0E18502g
YALI0D08690g,YALI0C22121g
YALI0D08690g,YALI0E18502g
YALI0E18502g,YALI0C22121g
YALI0D14608g,YALI0E25091g
YALI0E02728g,YALI0E14949g
YALI0E02728g,YALI0F10615g
YALI0F05918g,YALI0E08448g
YALI0D05797g,YALI0D09383g
YALI0D09361g,YALI0D15752g
YALI0D15752g,YALI0D11374g
YALI0D10417g,YALI0F30569g
YALI0D21076g,YALI0D21098g
YALI0E08448g,YALI0E10461g
YALI0E14949g,YALI0E13057g
YALI0E07051g,YALI0F08415g
YALI0E13508g,YALI0E32637g
YALI0E13508g,YALI0F11121g
YALI0E13508g,YALI0F27621g
YALI0E32637g,YALI0F11121g
YALI0E20625g,YALI0E20647g
YALI0E30943g,YALI0E34045g
