WP_003511526.1,CLO1313_RS03165,Cthe_3067
WP_003511531.1,CLO1313_RS03175,Cthe_3069
WP_003511534.1,CLO1313_RS03180,Cthe_3070
WP_003511538.1,CLO1313_RS15550,Cthe_3071
WP_003511544.1,CLO1313_RS03185,Cthe_3072
WP_003511546.1,CLO1313_RS03190,Cthe_3073
WP_003511547.1,CLO1313_RS03195,Cthe_3074
WP_003511549.1,CLO1313_RS03205,Cthe_3076
WP_003511555.1,CLO1313_RS03230,Cthe_3081
WP_003511556.1,CLO1313_RS03235,Cthe_3082
WP_003511557.1,CLO1313_RS03240,Cthe_3083
WP_003511558.1,CLO1313_RS03245,Cthe_3084
WP_003511560.1,CLO1313_RS03250,Cthe_3085
WP_003511564.1,CLO1313_RS03255,Cthe_3086
WP_003511573.1,CLO1313_RS03270,Cthe_3089
WP_003511577.1,CLO1313_RS03280,Cthe_3091
WP_003511583.1,CLO1313_RS03285,Cthe_3092
WP_003511587.1,CLO1313_RS03290,Cthe_3093
WP_003511591.1,CLO1313_RS03325,Cthe_3094
WP_003511598.1,CLO1313_RS03335,Cthe_3096
WP_003511600.1,CLO1313_RS03340,Cthe_3097
WP_003511601.1,CLO1313_RS03345,Cthe_3098
WP_003511602.1,CLO1313_RS03350,Cthe_3099
WP_003511603.1,CLO1313_RS03355,Cthe_3100
WP_003511604.1,CLO1313_RS03360,Cthe_3101
WP_003511605.1,CLO1313_RS03365,Cthe_3102
WP_003511606.1,CLO1313_RS03370,Cthe_3103
WP_003511607.1,CLO1313_RS03375,Cthe_3104
WP_003511610.1,CLO1313_RS03380,Cthe_3105
WP_003511612.1,CLO1313_RS03385,Cthe_3106
WP_003511613.1,CLO1313_RS03390,Cthe_3107
WP_003511615.1,CLO1313_RS03395,Cthe_3108
WP_003511616.1,CLO1313_RS03400,Cthe_3109
WP_003511632.1,CLO1313_RS03445,Cthe_3112
WP_003511635.1,CLO1313_RS03450,Cthe_3113
WP_003511639.1,CLO1313_RS03455,Cthe_3114
WP_003511648.1,CLO1313_RS03470,Cthe_3117
WP_003511651.1,CLO1313_RS03475,Cthe_3118
WP_003511653.1,CLO1313_RS03480,Cthe_3119
WP_003511655.1,CLO1313_RS15555,Cthe_3121
WP_003511658.1,CLO1313_RS03505,Cthe_3124
WP_003511659.1,CLO1313_RS03510,Cthe_3125
WP_003511662.1,CLO1313_RS03525,Cthe_3128
WP_003511665.1,CLO1313_RS03540,Cthe_3131
WP_003511666.1,CLO1313_RS03545,Cthe_3132
WP_003511667.1,CLO1313_RS03550,Cthe_3133
WP_003511669.1,CLO1313_RS03560,Cthe_3135
WP_003511671.1,CLO1313_RS03570,Cthe_3138
WP_003511672.1,CLO1313_RS03575,Cthe_3139
WP_003511673.1,CLO1313_RS03580,Cthe_3140
WP_003511675.1,CLO1313_RS03605,Cthe_3145
WP_003511676.1,CLO1313_RS03610,Cthe_3146
WP_003511677.1,CLO1313_RS03615,Cthe_3147
WP_003511680.1,CLO1313_RS03630,Cthe_3150
WP_003511681.1,CLO1313_RS03635,Cthe_3151
WP_003511682.1,CLO1313_RS03640,Cthe_3152
WP_003511683.1,CLO1313_RS03645,Cthe_3153
WP_003511686.1,CLO1313_RS03660,Cthe_3156
WP_003511688.1,CLO1313_RS03670,Cthe_3158
WP_003511692.1,CLO1313_RS03680,Cthe_3160
WP_003511696.1,CLO1313_RS03685,Cthe_3161
WP_003511705.1,CLO1313_RS03700,Cthe_3164
WP_003511707.1,CLO1313_RS03705,Cthe_3165
WP_003511713.1,CLO1313_RS03720,Cthe_3168
WP_003511715.1,CLO1313_RS03725,Cthe_3169
WP_003511724.1,CLO1313_RS03750,Cthe_3173
WP_003511726.1,CLO1313_RS03755,Cthe_3174
WP_003511730.1,CLO1313_RS03765,Cthe_3176
WP_003511737.1,CLO1313_RS03785,Cthe_3180
WP_003511751.1,CLO1313_RS03805,Cthe_3186
WP_003511753.1,CLO1313_RS03810,Cthe_3187
WP_003511777.1,CLO1313_RS03830,Cthe_3191
WP_003511778.1,CLO1313_RS03835,Cthe_3192
WP_003511783.1,CLO1313_RS03845,Cthe_3194
WP_003511789.1,CLO1313_RS03860,Cthe_3197
WP_003511791.1,CLO1313_RS03865,Cthe_3198
WP_003511856.1,CLO1313_RS03995,Cthe_3225
WP_003511862.1,CLO1313_RS04010,Cthe_3228
WP_003511872.1,CLO1313_RS04030,Cthe_0003
WP_003511902.1,CLO1313_RS11285,Cthe_0007
WP_003511903.1,CLO1313_RS11280,Cthe_0008
WP_003511905.1,CLO1313_RS11265,Cthe_0010
WP_003511909.1,CLO1313_RS11245,Cthe_0015
WP_003511911.1,CLO1313_RS11240,Cthe_0016
WP_003511915.1,CLO1313_RS11230,Cthe_0018
WP_003511918.1,CLO1313_RS11225,Cthe_0019
WP_003511931.1,CLO1313_RS11205,Cthe_0023
WP_003511942.1,CLO1313_RS11155,Cthe_0032
WP_003511947.1,CLO1313_RS11145,Cthe_0034
WP_003511951.1,CLO1313_RS11135,Cthe_0036
WP_003511954.1,CLO1313_RS11130,Cthe_0037
WP_003511963.1,CLO1313_RS11100,Cthe_0041
WP_003511964.1,CLO1313_RS11095,Cthe_0042
WP_003511980.1,CLO1313_RS11060,Cthe_0049
WP_003511981.1,CLO1313_RS11055,Cthe_0050
WP_003511986.1,CLO1313_RS11040,Cthe_0053
WP_003511996.1,CLO1313_RS11020,Cthe_0057
WP_003512006.1,CLO1313_RS09690,Cthe_0220
WP_003512006.1,CLO1313_RS09690,Cthe_0248
WP_003512006.1,CLO1313_RS09690,Cthe_0387
WP_003512006.1,CLO1313_RS09690,Cthe_0967
WP_003512006.1,CLO1313_RS09690,Cthe_1660
WP_003512006.1,CLO1313_RS09690,Cthe_1666
WP_003512006.1,CLO1313_RS09690,Cthe_2323
WP_003512006.1,CLO1313_RS10020,Cthe_0220
WP_003512006.1,CLO1313_RS10020,Cthe_0248
WP_003512006.1,CLO1313_RS10020,Cthe_0387
WP_003512006.1,CLO1313_RS10020,Cthe_0967
WP_003512006.1,CLO1313_RS10020,Cthe_1660
WP_003512006.1,CLO1313_RS10020,Cthe_1666
WP_003512006.1,CLO1313_RS10020,Cthe_2323
WP_003512006.1,CLO1313_RS13520,Cthe_0220
WP_003512006.1,CLO1313_RS13520,Cthe_0248
WP_003512006.1,CLO1313_RS13520,Cthe_0387
WP_003512006.1,CLO1313_RS13520,Cthe_0967
WP_003512006.1,CLO1313_RS13520,Cthe_1660
WP_003512006.1,CLO1313_RS13520,Cthe_1666
WP_003512006.1,CLO1313_RS13520,Cthe_2323
WP_003512012.1,CLO1313_RS11005,Cthe_0060
WP_003512015.1,CLO1313_RS10990,Cthe_0063
WP_003512017.1,CLO1313_RS10980,Cthe_0065
WP_003512018.1,CLO1313_RS10975,Cthe_0066
WP_003512019.1,CLO1313_RS10970,Cthe_0067
WP_003512020.1,CLO1313_RS10965,Cthe_0068
WP_003512022.1,CLO1313_RS10960,Cthe_0069
WP_003512025.1,CLO1313_RS10955,Cthe_0070
WP_003512026.1,CLO1313_RS10950,Cthe_0071
WP_003512028.1,CLO1313_RS10945,Cthe_0072
WP_003512034.1,CLO1313_RS10925,Cthe_0076
WP_003512035.1,CLO1313_RS10920,Cthe_0077
WP_003512038.1,CLO1313_RS10910,Cthe_0079
WP_003512048.1,CLO1313_RS10900,Cthe_0081
WP_003512055.1,CLO1313_RS10885,Cthe_0084
WP_003512057.1,CLO1313_RS10880,Cthe_0085
WP_003512059.1,CLO1313_RS10875,Cthe_0086
WP_003512062.1,CLO1313_RS10870,Cthe_0087
WP_003512064.1,CLO1313_RS10865,Cthe_0088
WP_003512069.1,CLO1313_RS10855,Cthe_0090
WP_003512074.1,CLO1313_RS10840,Cthe_0093
WP_003512076.1,CLO1313_RS10835,Cthe_0094
WP_003512078.1,CLO1313_RS10830,Cthe_0095
WP_003512091.1,CLO1313_RS10815,Cthe_0098
WP_003512093.1,CLO1313_RS10810,Cthe_0099
WP_003512095.1,CLO1313_RS10805,Cthe_0100
WP_003512097.1,CLO1313_RS10800,Cthe_0101
WP_003512099.1,CLO1313_RS10795,Cthe_0102
WP_003512101.1,CLO1313_RS10790,Cthe_0103
WP_003512104.1,CLO1313_RS10785,Cthe_0104
WP_003512106.1,CLO1313_RS10780,Cthe_0105
WP_003512109.1,CLO1313_RS10775,Cthe_0106
WP_003512112.1,CLO1313_RS10770,Cthe_0107
WP_003512113.1,CLO1313_RS10765,Cthe_0108
WP_003512117.1,CLO1313_RS10745,Cthe_0110
WP_003512119.1,CLO1313_RS10740,Cthe_0111
WP_003512125.1,CLO1313_RS10725,Cthe_0114
WP_003512126.1,CLO1313_RS10720,Cthe_0115
WP_003512127.1,CLO1313_RS10715,Cthe_0116
WP_003512128.1,CLO1313_RS10710,Cthe_0117
WP_003512129.1,CLO1313_RS10705,Cthe_0118
WP_003512130.1,CLO1313_RS10700,Cthe_0119
WP_003512132.1,CLO1313_RS10695,Cthe_0120
WP_003512136.1,CLO1313_RS10685,Cthe_0122
WP_003512143.1,CLO1313_RS10675,Cthe_0124
WP_003512148.1,CLO1313_RS10660,Cthe_0127
WP_003512152.1,CLO1313_RS10650,Cthe_0130
WP_003512155.1,CLO1313_RS10640,Cthe_0132
WP_003512157.1,CLO1313_RS10635,Cthe_0133
WP_003512164.1,CLO1313_RS10620,Cthe_0136
WP_003512173.1,CLO1313_RS10615,Cthe_0137
WP_003512174.1,CLO1313_RS10605,Cthe_0139
WP_003512175.1,CLO1313_RS10600,Cthe_0140
WP_003512176.1,CLO1313_RS10590,Cthe_0142
WP_003512177.1,CLO1313_RS10585,Cthe_0143
WP_003512178.1,CLO1313_RS10580,Cthe_0144
WP_003512179.1,CLO1313_RS10575,Cthe_0145
WP_003512181.1,CLO1313_RS10560,Cthe_0147
WP_003512183.1,CLO1313_RS10555,Cthe_0149
WP_003512188.1,CLO1313_RS10545,Cthe_0151
WP_003512190.1,CLO1313_RS10535,Cthe_0153
WP_003512192.1,CLO1313_RS10530,Cthe_0154
WP_003512194.1,CLO1313_RS10525,Cthe_0155
WP_003512197.1,CLO1313_RS10515,Cthe_0157
WP_003512200.1,CLO1313_RS10505,Cthe_0160
WP_003512202.1,CLO1313_RS10500,Cthe_0161
WP_003512204.1,CLO1313_RS10495,Cthe_0162
WP_003512219.1,CLO1313_RS10480,Cthe_0164
WP_003512220.1,CLO1313_RS10475,Cthe_0165
WP_003512222.1,CLO1313_RS10470,Cthe_0166
WP_003512224.1,CLO1313_RS10465,Cthe_0167
WP_003512229.1,CLO1313_RS10455,Cthe_0169
WP_003512233.1,CLO1313_RS10450,Cthe_0170
WP_003512235.1,CLO1313_RS10445,Cthe_0171
WP_003512237.1,CLO1313_RS10440,Cthe_0172
WP_003512240.1,CLO1313_RS10430,Cthe_0174
WP_003512242.1,CLO1313_RS10425,Cthe_0175
WP_003512244.1,CLO1313_RS10420,Cthe_0176
WP_003512246.1,CLO1313_RS10415,Cthe_0177
WP_003512248.1,CLO1313_RS10410,Cthe_0178
WP_003512250.1,CLO1313_RS10405,Cthe_0179
WP_003512252.1,CLO1313_RS10400,Cthe_0180
WP_003512254.1,CLO1313_RS10395,Cthe_0181
WP_003512257.1,CLO1313_RS10390,Cthe_0182
WP_003512259.1,CLO1313_RS10385,Cthe_0183
WP_003512262.1,CLO1313_RS10380,Cthe_0184
WP_003512265.1,CLO1313_RS10370,Cthe_0186
WP_003512269.1,CLO1313_RS10350,Cthe_0190
WP_003512272.1,CLO1313_RS10325,Cthe_0194
WP_003512275.1,CLO1313_RS10310,Cthe_0197
WP_003512278.1,CLO1313_RS10300,Cthe_0199
WP_003512281.1,CLO1313_RS10295,Cthe_0200
WP_003512284.1,CLO1313_RS10285,Cthe_0202
WP_003512288.1,CLO1313_RS10275,Cthe_0204
WP_003512291.1,CLO1313_RS10270,Cthe_0205
WP_003512293.1,CLO1313_RS10260,Cthe_0207
WP_003512298.1,CLO1313_RS10240,Cthe_0210
WP_003512300.1,CLO1313_RS10235,Cthe_0211
WP_003512303.1,CLO1313_RS10230,Cthe_3303
WP_003512309.1,CLO1313_RS10220,Cthe_0213
WP_003512313.1,CLO1313_RS10215,Cthe_0214
WP_003512315.1,CLO1313_RS10210,Cthe_0215
WP_003512317.1,CLO1313_RS10200,Cthe_0217
WP_003512318.1,CLO1313_RS10195,Cthe_0218
WP_003512320.1,CLO1313_RS10185,Cthe_0219
WP_003512325.1,CLO1313_RS10180,Cthe_0221
WP_003512340.1,CLO1313_RS10130,Cthe_0226
WP_003512342.1,CLO1313_RS10125,Cthe_0227
WP_003512344.1,CLO1313_RS10120,Cthe_0228
WP_003512346.1,CLO1313_RS10115,Cthe_0229
WP_003512350.1,CLO1313_RS10105,Cthe_0231
WP_003512352.1,CLO1313_RS10100,Cthe_0232
WP_003512354.1,CLO1313_RS10095,Cthe_0233
WP_003512363.1,CLO1313_RS10085,Cthe_0235
WP_003512366.1,CLO1313_RS15640,Cthe_0237
WP_003512369.1,CLO1313_RS10055,Cthe_0241
WP_003512371.1,CLO1313_RS10045,Cthe_0243
WP_003512374.1,CLO1313_RS10035,Cthe_0245
WP_003512380.1,CLO1313_RS10010,Cthe_0250
WP_003512382.1,CLO1313_RS10005,Cthe_0251
WP_003512384.1,CLO1313_RS10000,Cthe_0252
WP_003512386.1,CLO1313_RS09995,Cthe_0253
WP_003512387.1,CLO1313_RS09990,Cthe_0254
WP_003512395.1,CLO1313_RS09970,Cthe_0258
WP_003512397.1,CLO1313_RS09965,Cthe_0259
WP_003512401.1,CLO1313_RS09955,Cthe_0261
WP_003512405.1,CLO1313_RS09950,Cthe_0262
WP_003512407.1,CLO1313_RS09945,Cthe_0263
WP_003512409.1,CLO1313_RS09940,Cthe_0264
WP_003512411.1,CLO1313_RS09935,Cthe_0265
WP_003512414.1,CLO1313_RS09930,Cthe_0266
WP_003512416.1,CLO1313_RS09925,Cthe_0267
WP_003512418.1,CLO1313_RS09920,Cthe_0268
WP_003512420.1,CLO1313_RS09915,Cthe_0269
WP_003512422.1,CLO1313_RS09905,Cthe_0271
WP_003512427.1,CLO1313_RS09880,Cthe_0276
WP_003512434.1,CLO1313_RS09870,Cthe_0278
WP_003512436.1,CLO1313_RS09865,Cthe_0279
WP_003512438.1,CLO1313_RS09860,Cthe_0280
WP_003512440.1,CLO1313_RS09855,Cthe_0282
WP_003512448.1,CLO1313_RS09840,Cthe_0285
WP_003512454.1,CLO1313_RS09835,Cthe_0286
WP_003512457.1,CLO1313_RS09825,Cthe_0288
WP_003512463.1,CLO1313_RS09810,Cthe_0291
WP_003512473.1,CLO1313_RS04035,Cthe_0292
WP_003512473.1,CLO1313_RS04035,Cthe_0587
WP_003512473.1,CLO1313_RS04035,Cthe_0594
WP_003512473.1,CLO1313_RS04035,Cthe_1889
WP_003512473.1,CLO1313_RS04035,Cthe_2017
WP_003512473.1,CLO1313_RS04035,Cthe_2201
WP_003512473.1,CLO1313_RS04035,Cthe_2816
WP_003512473.1,CLO1313_RS09015,Cthe_0292
WP_003512473.1,CLO1313_RS09015,Cthe_0587
WP_003512473.1,CLO1313_RS09015,Cthe_0594
WP_003512473.1,CLO1313_RS09015,Cthe_1889
WP_003512473.1,CLO1313_RS09015,Cthe_2017
WP_003512473.1,CLO1313_RS09015,Cthe_2201
WP_003512473.1,CLO1313_RS09015,Cthe_2816
WP_003512473.1,CLO1313_RS09420,Cthe_0292
WP_003512473.1,CLO1313_RS09420,Cthe_0587
WP_003512473.1,CLO1313_RS09420,Cthe_0594
WP_003512473.1,CLO1313_RS09420,Cthe_1889
WP_003512473.1,CLO1313_RS09420,Cthe_2017
WP_003512473.1,CLO1313_RS09420,Cthe_2201
WP_003512473.1,CLO1313_RS09420,Cthe_2816
WP_003512474.1,CLO1313_RS09785,Cthe_0293
WP_003512475.1,CLO1313_RS09770,Cthe_0295
WP_003512482.1,CLO1313_RS09755,Cthe_0299
WP_003512488.1,CLO1313_RS09740,Cthe_0302
WP_003512490.1,CLO1313_RS09735,Cthe_3307
WP_003512492.1,CLO1313_RS09730,Cthe_0303
WP_003512494.1,CLO1313_RS09725,Cthe_0305
WP_003512498.1,CLO1313_RS09715,Cthe_0307
WP_003512502.1,CLO1313_RS09705,Cthe_0309
WP_003512514.1,CLO1313_RS09670,Cthe_0315
WP_003512516.1,CLO1313_RS09665,Cthe_0316
WP_003512518.1,CLO1313_RS09660,Cthe_0317
WP_003512521.1,CLO1313_RS09650,Cthe_0319
WP_003512523.1,CLO1313_RS09640,Cthe_0321
WP_003512548.1,CLO1313_RS09630,Cthe_0323
WP_003512559.1,CLO1313_RS09615,Cthe_0326
WP_003512565.1,CLO1313_RS09585,Cthe_0328
WP_003512569.1,CLO1313_RS09575,Cthe_0329
WP_003512574.1,CLO1313_RS09555,Cthe_0333
WP_003512576.1,CLO1313_RS09545,Cthe_0335
WP_003512577.1,CLO1313_RS09540,Cthe_0336
WP_003512578.1,CLO1313_RS09535,Cthe_0337
WP_003512581.1,CLO1313_RS09525,Cthe_0339
WP_003512582.1,CLO1313_RS09520,Cthe_0340
WP_003512583.1,CLO1313_RS09515,Cthe_0341
WP_003512585.1,CLO1313_RS09505,Cthe_0343
WP_003512590.1,CLO1313_RS09490,Cthe_0346
WP_003512592.1,CLO1313_RS09485,Cthe_0347
WP_003512596.1,CLO1313_RS09480,Cthe_0349
WP_003512598.1,CLO1313_RS09475,Cthe_0350
WP_003512606.1,CLO1313_RS09470,Cthe_0351
WP_003512608.1,CLO1313_RS09465,Cthe_0352
WP_003512610.1,CLO1313_RS09460,Cthe_0353
WP_003512612.1,CLO1313_RS09455,Cthe_0354
WP_003512615.1,CLO1313_RS09450,Cthe_0355
WP_003512622.1,CLO1313_RS00780,Cthe_0148
WP_003512622.1,CLO1313_RS00780,Cthe_0356
WP_003512622.1,CLO1313_RS00780,Cthe_0371
WP_003512622.1,CLO1313_RS00780,Cthe_1193
WP_003512622.1,CLO1313_RS00780,Cthe_1874
WP_003512622.1,CLO1313_RS00780,Cthe_3051
WP_003512622.1,CLO1313_RS03065,Cthe_0148
WP_003512622.1,CLO1313_RS03065,Cthe_0356
WP_003512622.1,CLO1313_RS03065,Cthe_0371
WP_003512622.1,CLO1313_RS03065,Cthe_1193
WP_003512622.1,CLO1313_RS03065,Cthe_1874
WP_003512622.1,CLO1313_RS03065,Cthe_3051
WP_003512622.1,CLO1313_RS03960,Cthe_0148
WP_003512622.1,CLO1313_RS03960,Cthe_0356
WP_003512622.1,CLO1313_RS03960,Cthe_0371
WP_003512622.1,CLO1313_RS03960,Cthe_1193
WP_003512622.1,CLO1313_RS03960,Cthe_1874
WP_003512622.1,CLO1313_RS03960,Cthe_3051
WP_003512622.1,CLO1313_RS04060,Cthe_0148
WP_003512622.1,CLO1313_RS04060,Cthe_0356
WP_003512622.1,CLO1313_RS04060,Cthe_0371
WP_003512622.1,CLO1313_RS04060,Cthe_1193
WP_003512622.1,CLO1313_RS04060,Cthe_1874
WP_003512622.1,CLO1313_RS04060,Cthe_3051
WP_003512622.1,CLO1313_RS05425,Cthe_0148
WP_003512622.1,CLO1313_RS05425,Cthe_0356
WP_003512622.1,CLO1313_RS05425,Cthe_0371
WP_003512622.1,CLO1313_RS05425,Cthe_1193
WP_003512622.1,CLO1313_RS05425,Cthe_1874
WP_003512622.1,CLO1313_RS05425,Cthe_3051
WP_003512622.1,CLO1313_RS06330,Cthe_0148
WP_003512622.1,CLO1313_RS06330,Cthe_0356
WP_003512622.1,CLO1313_RS06330,Cthe_0371
WP_003512622.1,CLO1313_RS06330,Cthe_1193
WP_003512622.1,CLO1313_RS06330,Cthe_1874
WP_003512622.1,CLO1313_RS06330,Cthe_3051
WP_003512622.1,CLO1313_RS07185,Cthe_0148
WP_003512622.1,CLO1313_RS07185,Cthe_0356
WP_003512622.1,CLO1313_RS07185,Cthe_0371
WP_003512622.1,CLO1313_RS07185,Cthe_1193
WP_003512622.1,CLO1313_RS07185,Cthe_1874
WP_003512622.1,CLO1313_RS07185,Cthe_3051
WP_003512622.1,CLO1313_RS09350,Cthe_0148
WP_003512622.1,CLO1313_RS09350,Cthe_0356
WP_003512622.1,CLO1313_RS09350,Cthe_0371
WP_003512622.1,CLO1313_RS09350,Cthe_1193
WP_003512622.1,CLO1313_RS09350,Cthe_1874
WP_003512622.1,CLO1313_RS09350,Cthe_3051
WP_003512622.1,CLO1313_RS11300,Cthe_0148
WP_003512622.1,CLO1313_RS11300,Cthe_0356
WP_003512622.1,CLO1313_RS11300,Cthe_0371
WP_003512622.1,CLO1313_RS11300,Cthe_1193
WP_003512622.1,CLO1313_RS11300,Cthe_1874
WP_003512622.1,CLO1313_RS11300,Cthe_3051
WP_003512622.1,CLO1313_RS12705,Cthe_0148
WP_003512622.1,CLO1313_RS12705,Cthe_0356
WP_003512622.1,CLO1313_RS12705,Cthe_0371
WP_003512622.1,CLO1313_RS12705,Cthe_1193
WP_003512622.1,CLO1313_RS12705,Cthe_1874
WP_003512622.1,CLO1313_RS12705,Cthe_3051
WP_003512622.1,CLO1313_RS13070,Cthe_0148
WP_003512622.1,CLO1313_RS13070,Cthe_0356
WP_003512622.1,CLO1313_RS13070,Cthe_0371
WP_003512622.1,CLO1313_RS13070,Cthe_1193
WP_003512622.1,CLO1313_RS13070,Cthe_1874
WP_003512622.1,CLO1313_RS13070,Cthe_3051
WP_003512624.1,CLO1313_RS09435,Cthe_0358
WP_003512626.1,CLO1313_RS09410,Cthe_0360
WP_003512627.1,CLO1313_RS09405,Cthe_0361
WP_003512628.1,CLO1313_RS09400,Cthe_0362
WP_003512630.1,CLO1313_RS09395,Cthe_0363
WP_003512634.1,CLO1313_RS09385,Cthe_0364
WP_003512648.1,CLO1313_RS09365,Cthe_0368
WP_003512650.1,CLO1313_RS09360,Cthe_0369
WP_003512652.1,CLO1313_RS09355,Cthe_0370
WP_003512659.1,CLO1313_RS09340,Cthe_0373
WP_003512660.1,CLO1313_RS09335,Cthe_0374
WP_003512662.1,CLO1313_RS09325,Cthe_0376
WP_003512663.1,CLO1313_RS09320,Cthe_0377
WP_003512664.1,CLO1313_RS09315,Cthe_0378
WP_003512665.1,CLO1313_RS09305,Cthe_0380
WP_003512672.1,CLO1313_RS09275,Cthe_0386
WP_003512674.1,CLO1313_RS09270,Cthe_0388
WP_003512676.1,CLO1313_RS09265,Cthe_0389
WP_003512678.1,CLO1313_RS09255,Cthe_0391
WP_003512682.1,CLO1313_RS09245,Cthe_0393
WP_003512683.1,CLO1313_RS09240,Cthe_0394
WP_003512684.1,CLO1313_RS09235,Cthe_0395
WP_003512687.1,CLO1313_RS09220,Cthe_0398
WP_003512688.1,CLO1313_RS09215,Cthe_0399
WP_003512697.1,CLO1313_RS09210,Cthe_0400
WP_003512699.1,CLO1313_RS09205,Cthe_0401
WP_003512702.1,CLO1313_RS09195,Cthe_0403
WP_003512704.1,CLO1313_RS09190,Cthe_0404
WP_003512705.1,CLO1313_RS09185,Cthe_0405
WP_003512706.1,CLO1313_RS09180,Cthe_0406
WP_003512707.1,CLO1313_RS09175,Cthe_0407
WP_003512712.1,CLO1313_RS09165,Cthe_0409
WP_003512715.1,CLO1313_RS09160,Cthe_0410
WP_003512770.1,CLO1313_RS01525,Cthe_2704
WP_003512772.1,CLO1313_RS01520,Cthe_2703
WP_003512777.1,CLO1313_RS01510,Cthe_2701
WP_003512779.1,CLO1313_RS01505,Cthe_2700
WP_003512781.1,CLO1313_RS01500,Cthe_2699
WP_003512787.1,CLO1313_RS01485,Cthe_2696
WP_003512791.1,CLO1313_RS01475,Cthe_2694
WP_003512794.1,CLO1313_RS01470,Cthe_2693
WP_003512797.1,CLO1313_RS01465,Cthe_2692
WP_003512799.1,CLO1313_RS01460,Cthe_2691
WP_003512801.1,CLO1313_RS01450,Cthe_2689
WP_003512803.1,CLO1313_RS01445,Cthe_2688
WP_003512804.1,CLO1313_RS01440,Cthe_2687
WP_003512807.1,CLO1313_RS01430,Cthe_2685
WP_003512809.1,CLO1313_RS01425,Cthe_2684
WP_003512811.1,CLO1313_RS01415,Cthe_2683
WP_003512813.1,CLO1313_RS01410,Cthe_2682
WP_003512814.1,CLO1313_RS01405,Cthe_2681
WP_003512816.1,CLO1313_RS01385,Cthe_2680
WP_003512826.1,CLO1313_RS01380,Cthe_2679
WP_003512844.1,CLO1313_RS01310,Cthe_2667
WP_003512848.1,CLO1313_RS01300,Cthe_2665
WP_003512860.1,CLO1313_RS01275,Cthe_2662
WP_003512861.1,CLO1313_RS01270,Cthe_2661
WP_003512862.1,CLO1313_RS01265,Cthe_2660
WP_003512863.1,CLO1313_RS01260,Cthe_2659
WP_003512864.1,CLO1313_RS01255,Cthe_2658
WP_003512867.1,CLO1313_RS01250,Cthe_2657
WP_003512871.1,CLO1313_RS01240,Cthe_2655
WP_003512873.1,CLO1313_RS01235,Cthe_2654
WP_003512875.1,CLO1313_RS01230,Cthe_2653
WP_003512877.1,CLO1313_RS01225,Cthe_2652
WP_003512879.1,CLO1313_RS01220,Cthe_2651
WP_003512882.1,CLO1313_RS01210,Cthe_2649
WP_003512884.1,CLO1313_RS01205,Cthe_2648
WP_003512886.1,CLO1313_RS01200,Cthe_2647
WP_003512890.1,CLO1313_RS01190,Cthe_2645
WP_003512892.1,CLO1313_RS01185,Cthe_2644
WP_003512894.1,CLO1313_RS01180,Cthe_2643
WP_003512896.1,CLO1313_RS01175,Cthe_2642
WP_003512898.1,CLO1313_RS01170,Cthe_2641
WP_003512900.1,CLO1313_RS01165,Cthe_2640
WP_003512903.1,CLO1313_RS01160,Cthe_2639
WP_003512905.1,CLO1313_RS01155,Cthe_2638
WP_003512907.1,CLO1313_RS01145,Cthe_2636
WP_003512910.1,CLO1313_RS01130,Cthe_2633
WP_003512912.1,CLO1313_RS01120,Cthe_2631
WP_003512915.1,CLO1313_RS01110,Cthe_2629
WP_003512917.1,CLO1313_RS01105,Cthe_2628
WP_003512919.1,CLO1313_RS01100,Cthe_2627
WP_003512921.1,CLO1313_RS01095,Cthe_2626
WP_003512922.1,CLO1313_RS01090,Cthe_2625
WP_003512926.1,CLO1313_RS01080,Cthe_2623
WP_003512928.1,CLO1313_RS01075,Cthe_2622
WP_003512930.1,CLO1313_RS01070,Cthe_2621
WP_003512937.1,CLO1313_RS01055,Cthe_2618
WP_003512939.1,CLO1313_RS01050,Cthe_2617
WP_003512944.1,CLO1313_RS01040,Cthe_2615
WP_003512946.1,CLO1313_RS01035,Cthe_2614
WP_003512947.1,CLO1313_RS01030,Cthe_2613
WP_003512952.1,CLO1313_RS01020,Cthe_2611
WP_003512954.1,CLO1313_RS01015,Cthe_2610
WP_003512956.1,CLO1313_RS01010,Cthe_2609
WP_003512965.1,CLO1313_RS00990,Cthe_2605
WP_003512967.1,CLO1313_RS00985,Cthe_2604
WP_003512969.1,CLO1313_RS00980,Cthe_2603
WP_003512970.1,CLO1313_RS00975,Cthe_2602
WP_003512977.1,CLO1313_RS00960,Cthe_2599
WP_003512981.1,CLO1313_RS00950,Cthe_2597
WP_003512983.1,CLO1313_RS00945,Cthe_2596
WP_003512987.1,CLO1313_RS00935,Cthe_2594
WP_003512988.1,CLO1313_RS00930,Cthe_2593
WP_003512989.1,CLO1313_RS00925,Cthe_2592
WP_003512990.1,CLO1313_RS00920,Cthe_2591
WP_003512991.1,CLO1313_RS00915,Cthe_2590
WP_003512995.1,CLO1313_RS00895,Cthe_2586
WP_003513001.1,CLO1313_RS00880,Cthe_2583
WP_003513012.1,CLO1313_RS00835,Cthe_2574
WP_003513013.1,CLO1313_RS00830,Cthe_2573
WP_003513014.1,CLO1313_RS00825,Cthe_2572
WP_003513016.1,CLO1313_RS00810,Cthe_3406
WP_003513019.1,CLO1313_RS00800,Cthe_2568
WP_003513023.1,CLO1313_RS00770,Cthe_2562
WP_003513028.1,CLO1313_RS00750,Cthe_2558
WP_003513046.1,CLO1313_RS00745,Cthe_2557
WP_003513047.1,CLO1313_RS00740,Cthe_2556
WP_003513072.1,CLO1313_RS00700,Cthe_2548
WP_003513074.1,CLO1313_RS00695,Cthe_2547
WP_003513076.1,CLO1313_RS00690,Cthe_3404
WP_003513078.1,CLO1313_RS00670,Cthe_2544
WP_003513083.1,CLO1313_RS00660,Cthe_2542
WP_003513085.1,CLO1313_RS00655,Cthe_2541
WP_003513087.1,CLO1313_RS00650,Cthe_2540
WP_003513089.1,CLO1313_RS00645,Cthe_2539
WP_003513095.1,CLO1313_RS00630,Cthe_2536
WP_003513098.1,CLO1313_RS00620,Cthe_2534
WP_003513101.1,CLO1313_RS00605,Cthe_2531
WP_003513104.1,CLO1313_RS00600,Cthe_2530
WP_003513106.1,CLO1313_RS00595,Cthe_2529
WP_003513108.1,CLO1313_RS00590,Cthe_2528
WP_003513110.1,CLO1313_RS00585,Cthe_2527
WP_003513114.1,CLO1313_RS00575,Cthe_2525
WP_003513117.1,CLO1313_RS00565,Cthe_2523
WP_003513124.1,CLO1313_RS00550,Cthe_2520
WP_003513126.1,CLO1313_RS00545,Cthe_2519
WP_003513128.1,CLO1313_RS00540,Cthe_2518
WP_003513130.1,CLO1313_RS00535,Cthe_2517
WP_003513132.1,CLO1313_RS00530,Cthe_2516
WP_003513133.1,CLO1313_RS00525,Cthe_2515
WP_003513135.1,CLO1313_RS00520,Cthe_2514
WP_003513139.1,CLO1313_RS00510,Cthe_2512
WP_003513141.1,CLO1313_RS00505,Cthe_2511
WP_003513147.1,CLO1313_RS00490,Cthe_2507
WP_003513153.1,CLO1313_RS00470,Cthe_2504
WP_003513155.1,CLO1313_RS00465,Cthe_2503
WP_003513157.1,CLO1313_RS00460,Cthe_3403
WP_003513159.1,CLO1313_RS00450,Cthe_2502
WP_003513162.1,CLO1313_RS00440,Cthe_2454
WP_003513164.1,CLO1313_RS00435,Cthe_2453
WP_003513166.1,CLO1313_RS00430,Cthe_2452
WP_003513175.1,CLO1313_RS00410,Cthe_2448
WP_003513182.1,CLO1313_RS00395,Cthe_2445
WP_003513185.1,CLO1313_RS00390,Cthe_2444
WP_003513187.1,CLO1313_RS00385,Cthe_2443
WP_003513190.1,CLO1313_RS00375,Cthe_2441
WP_003513193.1,CLO1313_RS00370,Cthe_2440
WP_003513195.1,CLO1313_RS00365,Cthe_2439
WP_003513200.1,CLO1313_RS00360,Cthe_2437
WP_003513202.1,CLO1313_RS00355,Cthe_2436
WP_003513203.1,CLO1313_RS00350,Cthe_2435
WP_003513205.1,CLO1313_RS00345,Cthe_2434
WP_003513207.1,CLO1313_RS00335,Cthe_2432
WP_003513218.1,CLO1313_RS00320,Cthe_2429
WP_003513219.1,CLO1313_RS00315,Cthe_2428
WP_003513220.1,CLO1313_RS00310,Cthe_2427
WP_003513222.1,CLO1313_RS00300,Cthe_2425
WP_003513231.1,CLO1313_RS00285,Cthe_2422
WP_003513233.1,CLO1313_RS00280,Cthe_2421
WP_003513238.1,CLO1313_RS00260,Cthe_2418
WP_003513240.1,CLO1313_RS00250,Cthe_2416
WP_003513241.1,CLO1313_RS00245,Cthe_2415
WP_003513246.1,CLO1313_RS00225,Cthe_2412
WP_003513248.1,CLO1313_RS00220,Cthe_2411
WP_003513250.1,CLO1313_RS00210,Cthe_2409
WP_003513251.1,CLO1313_RS00205,Cthe_2408
WP_003513253.1,CLO1313_RS00195,Cthe_2406
WP_003513254.1,CLO1313_RS00190,Cthe_2405
WP_003513261.1,CLO1313_RS00180,Cthe_2403
WP_003513265.1,CLO1313_RS00170,Cthe_2401
WP_003513270.1,CLO1313_RS00155,Cthe_2398
WP_003513273.1,CLO1313_RS00145,Cthe_2396
WP_003513275.1,CLO1313_RS00140,Cthe_2395
WP_003513277.1,CLO1313_RS00135,Cthe_2394
WP_003513279.1,CLO1313_RS00130,Cthe_2393
WP_003513282.1,CLO1313_RS00115,Cthe_2390
WP_003513284.1,CLO1313_RS00110,Cthe_2389
WP_003513286.1,CLO1313_RS00105,Cthe_2388
WP_003513294.1,CLO1313_RS00090,Cthe_2385
WP_003513296.1,CLO1313_RS00085,Cthe_2384
WP_003513301.1,CLO1313_RS00060,Cthe_2381
WP_003513303.1,CLO1313_RS00055,Cthe_2380
WP_003513304.1,CLO1313_RS00050,Cthe_2379
WP_003513306.1,CLO1313_RS00045,Cthe_2378
WP_003513308.1,CLO1313_RS00040,Cthe_2377
WP_003513331.1,CLO1313_RS00035,Cthe_2376
WP_003513333.1,CLO1313_RS00030,Cthe_2375
WP_003513335.1,CLO1313_RS00025,Cthe_2374
WP_003513337.1,CLO1313_RS00020,Cthe_2373
WP_003513349.1,CLO1313_RS15430,Cthe_2370
WP_003513352.1,CLO1313_RS15425,Cthe_2369
WP_003513354.1,CLO1313_RS15420,Cthe_2368
WP_003513356.1,CLO1313_RS15415,Cthe_2367
WP_003513361.1,CLO1313_RS15400,Cthe_2364
WP_003513362.1,CLO1313_RS15395,Cthe_2363
WP_003513363.1,CLO1313_RS15390,Cthe_2362
WP_003513364.1,CLO1313_RS15385,Cthe_2361
WP_003513366.1,CLO1313_RS15375,Cthe_2359
WP_003513367.1,CLO1313_RS15350,Cthe_2358
WP_003513369.1,CLO1313_RS15340,Cthe_2356
WP_003513371.1,CLO1313_RS15335,Cthe_2355
WP_003513372.1,CLO1313_RS15330,Cthe_2354
WP_003513376.1,CLO1313_RS15320,Cthe_2352
WP_003513378.1,CLO1313_RS15315,Cthe_2351
WP_003513380.1,CLO1313_RS15310,Cthe_2350
WP_003513382.1,CLO1313_RS15305,Cthe_2349
WP_003513385.1,CLO1313_RS15295,Cthe_2347
WP_003513388.1,CLO1313_RS15280,Cthe_2344
WP_003513389.1,CLO1313_RS15275,Cthe_2343
WP_003513400.1,CLO1313_RS15260,Cthe_2340
WP_003513402.1,CLO1313_RS15255,Cthe_2339
WP_003513404.1,CLO1313_RS15250,Cthe_2338
WP_003513411.1,CLO1313_RS15235,Cthe_2335
WP_003513415.1,CLO1313_RS15225,Cthe_3395
WP_003513418.1,CLO1313_RS15215,Cthe_2333
WP_003513419.1,CLO1313_RS15210,Cthe_2332
WP_003513420.1,CLO1313_RS15205,Cthe_2331
WP_003513421.1,CLO1313_RS15200,Cthe_2330
WP_003513422.1,CLO1313_RS15195,Cthe_2329
WP_003513424.1,CLO1313_RS15185,Cthe_2327
WP_003513428.1,CLO1313_RS15170,Cthe_2312
WP_003513430.1,CLO1313_RS15165,Cthe_2311
WP_003513433.1,CLO1313_RS15155,Cthe_2310
WP_003513436.1,CLO1313_RS15145,Cthe_2309
WP_003513438.1,CLO1313_RS15140,Cthe_2308
WP_003513449.1,CLO1313_RS15135,Cthe_2307
WP_003513452.1,CLO1313_RS15120,Cthe_2304
WP_003513453.1,CLO1313_RS15115,Cthe_2303
WP_003513454.1,CLO1313_RS15110,Cthe_2302
WP_003513455.1,CLO1313_RS15105,Cthe_2301
WP_003513458.1,CLO1313_RS15090,Cthe_2298
WP_003513460.1,CLO1313_RS15085,Cthe_2297
WP_003513463.1,CLO1313_RS15080,Cthe_2296
WP_003513467.1,CLO1313_RS15060,Cthe_2290
WP_003513469.1,CLO1313_RS15055,Cthe_2289
WP_003513471.1,CLO1313_RS15050,Cthe_2288
WP_003513473.1,CLO1313_RS15045,Cthe_2287
WP_003513475.1,CLO1313_RS15040,Cthe_2286
WP_003513487.1,CLO1313_RS15015,Cthe_2281
WP_003513493.1,CLO1313_RS15005,Cthe_2279
WP_003513496.1,CLO1313_RS14995,Cthe_2277
WP_003513498.1,CLO1313_RS14990,Cthe_2276
WP_003513505.1,CLO1313_RS14965,Cthe_2272
WP_003513507.1,CLO1313_RS14960,Cthe_2271
WP_003513513.1,CLO1313_RS14945,Cthe_2268
WP_003513515.1,CLO1313_RS14940,Cthe_2267
WP_003513521.1,CLO1313_RS14925,Cthe_2264
WP_003513523.1,CLO1313_RS14920,Cthe_2263
WP_003513527.1,CLO1313_RS14905,Cthe_2260
WP_003513529.1,CLO1313_RS14900,Cthe_2259
WP_003513534.1,CLO1313_RS14890,Cthe_2257
WP_003513535.1,CLO1313_RS14885,Cthe_2256
WP_003513536.1,CLO1313_RS14880,Cthe_2255
WP_003513545.1,CLO1313_RS14875,Cthe_2254
WP_003513547.1,CLO1313_RS14870,Cthe_2253
WP_003513548.1,CLO1313_RS14865,Cthe_2252
WP_003513552.1,CLO1313_RS14855,Cthe_2250
WP_003513564.1,CLO1313_RS14840,Cthe_2247
WP_003513565.1,CLO1313_RS14835,Cthe_2246
WP_003513566.1,CLO1313_RS14830,Cthe_2245
WP_003513572.1,CLO1313_RS14815,Cthe_2242
WP_003513574.1,CLO1313_RS14810,Cthe_2241
WP_003513575.1,CLO1313_RS14805,Cthe_2240
WP_003513581.1,CLO1313_RS14790,Cthe_2237
WP_003513585.1,CLO1313_RS14780,Cthe_2235
WP_003513587.1,CLO1313_RS14775,Cthe_2234
WP_003513588.1,CLO1313_RS14770,Cthe_2233
WP_003513590.1,CLO1313_RS14765,Cthe_2232
WP_003513592.1,CLO1313_RS14760,Cthe_2231
WP_003513594.1,CLO1313_RS14755,Cthe_2230
WP_003513600.1,CLO1313_RS14745,Cthe_2228
WP_003513602.1,CLO1313_RS14740,Cthe_2227
WP_003513604.1,CLO1313_RS14735,Cthe_2226
WP_003513605.1,CLO1313_RS14730,Cthe_2225
WP_003513608.1,CLO1313_RS14725,Cthe_2224
WP_003513613.1,CLO1313_RS14710,Cthe_2221
WP_003513615.1,CLO1313_RS14705,Cthe_2220
WP_003513619.1,CLO1313_RS14695,Cthe_2218
WP_003513620.1,CLO1313_RS14690,Cthe_2217
WP_003513622.1,CLO1313_RS14685,Cthe_2216
WP_003513624.1,CLO1313_RS14675,Cthe_2215
WP_003513628.1,CLO1313_RS14665,Cthe_2213
WP_003513630.1,CLO1313_RS14660,Cthe_2212
WP_003513635.1,CLO1313_RS14655,Cthe_2211
WP_003513639.1,CLO1313_RS14645,Cthe_2209
WP_003513643.1,CLO1313_RS14635,Cthe_2207
WP_003513644.1,CLO1313_RS14630,Cthe_2206
WP_003513649.1,CLO1313_RS14615,Cthe_2203
WP_003513660.1,CLO1313_RS14530,Cthe_2196
WP_003513671.1,CLO1313_RS14500,Cthe_2192
WP_003513674.1,CLO1313_RS14495,Cthe_2191
WP_003513676.1,CLO1313_RS14490,Cthe_2190
WP_003513680.1,CLO1313_RS14480,Cthe_2187
WP_003513683.1,CLO1313_RS14475,Cthe_2186
WP_003513685.1,CLO1313_RS14470,Cthe_2185
WP_003513688.1,CLO1313_RS14465,Cthe_2184
WP_003513693.1,CLO1313_RS14455,Cthe_2182
WP_003513703.1,CLO1313_RS14395,Cthe_2178
WP_003513706.1,CLO1313_RS14390,Cthe_2177
WP_003513709.1,CLO1313_RS14380,Cthe_2175
WP_003513736.1,CLO1313_RS12695,Cthe_1830
WP_003513736.1,CLO1313_RS12780,Cthe_1830
WP_003513744.1,CLO1313_RS12765,Cthe_1828
WP_003513756.1,CLO1313_RS12790,Cthe_1833
WP_003513758.1,CLO1313_RS12795,Cthe_1834
WP_003513762.1,CLO1313_RS12815,Cthe_1836
WP_003513763.1,CLO1313_RS12820,Cthe_1837
WP_003513765.1,CLO1313_RS12825,Cthe_1838
WP_003513767.1,CLO1313_RS12830,Cthe_1839
WP_003513773.1,CLO1313_RS12845,Cthe_1842
WP_003513777.1,CLO1313_RS12855,Cthe_1844
WP_003513780.1,CLO1313_RS12860,Cthe_1845
WP_003513783.1,CLO1313_RS12870,Cthe_1847
WP_003513786.1,CLO1313_RS12875,Cthe_1848
WP_003513789.1,CLO1313_RS12885,Cthe_1850
WP_003513790.1,CLO1313_RS12890,Cthe_1851
WP_003513792.1,CLO1313_RS12920,Cthe_1852
WP_003513794.1,CLO1313_RS12925,Cthe_1853
WP_003513805.1,CLO1313_RS12935,Cthe_1855
WP_003513807.1,CLO1313_RS12940,Cthe_1856
WP_003513808.1,CLO1313_RS12945,Cthe_1857
WP_003513811.1,CLO1313_RS12950,Cthe_1858
WP_003513814.1,CLO1313_RS12955,Cthe_1859
WP_003513817.1,CLO1313_RS12965,Cthe_1861
WP_003513819.1,CLO1313_RS12970,Cthe_1862
WP_003513824.1,CLO1313_RS12985,Cthe_1865
WP_003513827.1,CLO1313_RS13000,Cthe_1868
WP_003513828.1,CLO1313_RS13005,Cthe_1869
WP_003513829.1,CLO1313_RS13010,Cthe_1870
WP_003513837.1,CLO1313_RS13045,Cthe_1896
WP_003513846.1,CLO1313_RS13080,Cthe_1903
WP_003513854.1,CLO1313_RS13095,Cthe_1906
WP_003513859.1,CLO1313_RS13115,Cthe_1910
WP_003513861.1,CLO1313_RS13620,Cthe_2031
WP_003513862.1,CLO1313_RS13130,Cthe_1912
WP_003513863.1,CLO1313_RS13135,Cthe_1913
WP_003513874.1,CLO1313_RS13140,Cthe_1914
WP_003513878.1,CLO1313_RS13150,Cthe_1916
WP_003513884.1,CLO1313_RS13165,Cthe_1919
WP_003513888.1,CLO1313_RS13175,Cthe_1921
WP_003513891.1,CLO1313_RS13185,Cthe_1923
WP_003513902.1,CLO1313_RS13210,Cthe_1930
WP_003513904.1,CLO1313_RS13215,Cthe_1931
WP_003513908.1,CLO1313_RS13225,Cthe_1933
WP_003513910.1,CLO1313_RS13230,Cthe_1934
WP_003513911.1,CLO1313_RS13235,Cthe_1935
WP_003513913.1,CLO1313_RS13240,Cthe_1936
WP_003513915.1,CLO1313_RS13245,Cthe_1937
WP_003513925.1,CLO1313_RS13265,Cthe_1941
WP_003513929.1,CLO1313_RS13275,Cthe_1943
WP_003513930.1,CLO1313_RS13280,Cthe_1944
WP_003513934.1,CLO1313_RS13290,Cthe_1946
WP_003513937.1,CLO1313_RS13295,Cthe_1947
WP_003513940.1,CLO1313_RS13300,Cthe_1948
WP_003513944.1,CLO1313_RS13310,Cthe_1950
WP_003513945.1,CLO1313_RS13315,Cthe_1951
WP_003513950.1,CLO1313_RS13340,Cthe_1956
WP_003513952.1,CLO1313_RS13350,Cthe_3375
WP_003513953.1,CLO1313_RS13355,Cthe_1958
WP_003513954.1,CLO1313_RS13360,Cthe_1959
WP_003513955.1,CLO1313_RS13365,Cthe_1960
WP_003513957.1,CLO1313_RS13375,Cthe_1962
WP_003513964.1,CLO1313_RS13390,Cthe_1965
WP_003513973.1,CLO1313_RS13400,Cthe_1967
WP_003513988.1,CLO1313_RS13410,Cthe_1969
WP_003513989.1,CLO1313_RS13415,Cthe_1970
WP_003513990.1,CLO1313_RS13420,Cthe_1971
WP_003513991.1,CLO1313_RS13425,Cthe_1972
WP_003513992.1,CLO1313_RS13430,Cthe_1973
WP_003513993.1,CLO1313_RS13435,Cthe_1974
WP_003514026.1,CLO1313_RS13545,Cthe_1988
WP_003514026.1,CLO1313_RS13545,Cthe_2022
WP_003514077.1,CLO1313_RS13630,Cthe_2033
WP_003514092.1,CLO1313_RS13680,Cthe_2041
WP_003514095.1,CLO1313_RS13710,Cthe_2046
WP_003514102.1,CLO1313_RS13750,Cthe_2051
WP_003514104.1,CLO1313_RS13755,Cthe_2052
WP_003514106.1,CLO1313_RS13760,Cthe_2053
WP_003514108.1,CLO1313_RS13765,Cthe_2054
WP_003514110.1,CLO1313_RS13770,Cthe_2055
WP_003514112.1,CLO1313_RS13775,Cthe_2056
WP_003514114.1,CLO1313_RS13780,Cthe_2057
WP_003514117.1,CLO1313_RS13785,Cthe_2058
WP_003514120.1,CLO1313_RS13805,Cthe_2059
WP_003514124.1,CLO1313_RS13810,Cthe_2060
WP_003514126.1,CLO1313_RS13815,Cthe_2061
WP_003514128.1,CLO1313_RS13820,Cthe_2062
WP_003514134.1,CLO1313_RS13835,Cthe_2065
WP_003514136.1,CLO1313_RS13845,Cthe_2067
WP_003514141.1,CLO1313_RS13855,Cthe_2069
WP_003514144.1,CLO1313_RS13860,Cthe_2070
WP_003514146.1,CLO1313_RS13865,Cthe_2071
WP_003514151.1,CLO1313_RS13875,Cthe_2073
WP_003514153.1,CLO1313_RS13880,Cthe_2074
WP_003514158.1,CLO1313_RS13885,Cthe_2075
WP_003514163.1,CLO1313_RS13895,Cthe_2077
WP_003514166.1,CLO1313_RS13905,Cthe_2079
WP_003514168.1,CLO1313_RS13910,Cthe_2080
WP_003514173.1,CLO1313_RS13925,Cthe_2083
WP_003514175.1,CLO1313_RS13935,Cthe_2085
WP_003514180.1,CLO1313_RS13945,Cthe_2087
WP_003514181.1,CLO1313_RS13950,Cthe_2088
WP_003514187.1,CLO1313_RS13965,Cthe_2090
WP_003514192.1,CLO1313_RS13975,Cthe_2092
WP_003514194.1,CLO1313_RS13980,Cthe_2093
WP_003514196.1,CLO1313_RS13985,Cthe_2094
WP_003514203.1,CLO1313_RS14000,Cthe_2097
WP_003514204.1,CLO1313_RS14005,Cthe_2098
WP_003514206.1,CLO1313_RS14010,Cthe_2099
WP_003514207.1,CLO1313_RS14015,Cthe_2100
WP_003514209.1,CLO1313_RS14020,Cthe_2101
WP_003514213.1,CLO1313_RS14030,Cthe_2103
WP_003514215.1,CLO1313_RS14035,Cthe_2104
WP_003514216.1,CLO1313_RS14040,Cthe_2105
WP_003514217.1,CLO1313_RS14045,Cthe_2106
WP_003514218.1,CLO1313_RS14050,Cthe_2107
WP_003514222.1,CLO1313_RS14070,Cthe_2110
WP_003514223.1,CLO1313_RS14075,Cthe_2111
WP_003514224.1,CLO1313_RS14080,Cthe_2112
WP_003514225.1,CLO1313_RS14085,Cthe_2113
WP_003514226.1,CLO1313_RS14090,Cthe_2115
WP_003514228.1,CLO1313_RS14100,Cthe_2117
WP_003514229.1,CLO1313_RS14105,Cthe_2118
WP_003514230.1,CLO1313_RS14110,Cthe_2119
WP_003514231.1,CLO1313_RS14115,Cthe_2120
WP_003514246.1,CLO1313_RS14170,Cthe_2131
WP_003514254.1,CLO1313_RS14210,Cthe_3381
WP_003514256.1,CLO1313_RS14215,Cthe_2141
WP_003514291.1,CLO1313_RS14220,Cthe_2142
WP_003514292.1,CLO1313_RS14225,Cthe_2143
WP_003514302.1,CLO1313_RS01625,Cthe_2726
WP_003514304.1,CLO1313_RS01630,Cthe_2727
WP_003514305.1,CLO1313_RS01635,Cthe_2728
WP_003514311.1,CLO1313_RS01650,Cthe_2731
WP_003514313.1,CLO1313_RS01660,Cthe_2733
WP_003514315.1,CLO1313_RS01670,Cthe_2735
WP_003514317.1,CLO1313_RS01680,Cthe_2737
WP_003514320.1,CLO1313_RS01685,Cthe_2738
WP_003514322.1,CLO1313_RS01690,Cthe_2739
WP_003514324.1,CLO1313_RS01695,Cthe_2740
WP_003514326.1,CLO1313_RS01700,Cthe_2741
WP_003514331.1,CLO1313_RS01710,Cthe_2743
WP_003514333.1,CLO1313_RS01715,Cthe_2744
WP_003514336.1,CLO1313_RS01720,Cthe_2745
WP_003514338.1,CLO1313_RS01725,Cthe_2746
WP_003514339.1,CLO1313_RS01730,Cthe_2747
WP_003514341.1,CLO1313_RS01735,Cthe_2748
WP_003514372.1,CLO1313_RS01740,Cthe_3409
WP_003514376.1,CLO1313_RS01755,Cthe_2753
WP_003514377.1,CLO1313_RS01760,Cthe_2754
WP_003514381.1,CLO1313_RS01775,Cthe_2759
WP_003514399.1,CLO1313_RS01835,Cthe_2775
WP_003514437.1,CLO1313_RS01915,Cthe_2790
WP_003514439.1,CLO1313_RS01920,Cthe_2791
WP_003514440.1,CLO1313_RS01925,Cthe_2792
WP_003514453.1,CLO1313_RS01955,Cthe_3413
WP_003514456.1,CLO1313_RS01960,Cthe_2798
WP_003514458.1,CLO1313_RS01965,Cthe_2799
WP_003514463.1,CLO1313_RS01980,Cthe_2802
WP_003514465.1,CLO1313_RS01985,Cthe_2803
WP_003514467.1,CLO1313_RS01990,Cthe_2804
WP_003514472.1,CLO1313_RS02000,Cthe_2807
WP_003514478.1,CLO1313_RS02005,Cthe_2808
WP_003514483.1,CLO1313_RS02020,Cthe_2811
WP_003514493.1,CLO1313_RS02045,Cthe_2817
WP_003514500.1,CLO1313_RS02060,Cthe_2820
WP_003514503.1,CLO1313_RS02065,Cthe_2821
WP_003514505.1,CLO1313_RS02070,Cthe_2822
WP_003514543.1,CLO1313_RS02075,Cthe_2870
WP_003514545.1,CLO1313_RS02080,Cthe_2871
WP_003514552.1,CLO1313_RS02100,Cthe_2875
WP_003514554.1,CLO1313_RS02105,Cthe_2876
WP_003514556.1,CLO1313_RS02110,Cthe_2877
WP_003514572.1,CLO1313_RS02125,Cthe_2880
WP_003514573.1,CLO1313_RS02130,Cthe_2881
WP_003514577.1,CLO1313_RS02145,Cthe_2884
WP_003514578.1,CLO1313_RS02150,Cthe_2885
WP_003514580.1,CLO1313_RS02160,Cthe_2887
WP_003514581.1,CLO1313_RS02165,Cthe_2888
WP_003514582.1,CLO1313_RS02170,Cthe_2889
WP_003514583.1,CLO1313_RS02175,Cthe_2890
WP_003514587.1,CLO1313_RS02180,Cthe_2891
WP_003514589.1,CLO1313_RS02185,Cthe_2892
WP_003514599.1,CLO1313_RS02195,Cthe_2894
WP_003514601.1,CLO1313_RS02200,Cthe_2895
WP_003514606.1,CLO1313_RS02210,Cthe_2897
WP_003514607.1,CLO1313_RS02215,Cthe_2898
WP_003514612.1,CLO1313_RS02225,Cthe_2900
WP_003514618.1,CLO1313_RS02255,Cthe_2902
WP_003514621.1,CLO1313_RS02260,Cthe_2903
WP_003514623.1,CLO1313_RS02265,Cthe_2904
WP_003514625.1,CLO1313_RS02270,Cthe_2905
WP_003514630.1,CLO1313_RS02280,Cthe_2907
WP_003514635.1,CLO1313_RS02290,Cthe_2909
WP_003514637.1,CLO1313_RS02295,Cthe_2910
WP_003514639.1,CLO1313_RS02300,Cthe_2911
WP_003514641.1,CLO1313_RS02305,Cthe_2912
WP_003514643.1,CLO1313_RS02310,Cthe_2913
WP_003514645.1,CLO1313_RS02315,Cthe_2914
WP_003514647.1,CLO1313_RS02320,Cthe_2915
WP_003514649.1,CLO1313_RS02325,Cthe_2916
WP_003514651.1,CLO1313_RS02330,Cthe_2917
WP_003514653.1,CLO1313_RS02335,Cthe_2918
WP_003514654.1,CLO1313_RS02340,Cthe_2919
WP_003514656.1,CLO1313_RS02345,Cthe_2920
WP_003514658.1,CLO1313_RS02350,Cthe_2921
WP_003514660.1,CLO1313_RS02355,Cthe_2922
WP_003514662.1,CLO1313_RS02360,Cthe_2923
WP_003514667.1,CLO1313_RS02370,Cthe_2925
WP_003514668.1,CLO1313_RS02375,Cthe_2926
WP_003514670.1,CLO1313_RS02380,Cthe_2927
WP_003514672.1,CLO1313_RS02385,Cthe_2928
WP_003514673.1,CLO1313_RS02390,Cthe_2929
WP_003514675.1,CLO1313_RS02395,Cthe_2930
WP_003514677.1,CLO1313_RS02400,Cthe_2931
WP_003514690.1,CLO1313_RS02480,Cthe_2938
WP_003514691.1,CLO1313_RS02485,Cthe_2939
WP_003514693.1,CLO1313_RS02490,Cthe_2940
WP_003514696.1,CLO1313_RS02500,Cthe_2942
WP_003514700.1,CLO1313_RS02510,Cthe_2944
WP_003514703.1,CLO1313_RS02515,Cthe_2945
WP_003514705.1,CLO1313_RS02520,Cthe_2946
WP_003514709.1,CLO1313_RS02530,Cthe_2948
WP_003514722.1,CLO1313_RS02570,Cthe_2957
WP_003514726.1,CLO1313_RS02605,Cthe_2960
WP_003514728.1,CLO1313_RS02610,Cthe_2961
WP_003514730.1,CLO1313_RS02615,Cthe_2962
WP_003514737.1,CLO1313_RS02630,Cthe_2965
WP_003514745.1,CLO1313_RS02655,Cthe_2970
WP_003514747.1,CLO1313_RS02660,Cthe_2971
WP_003514757.1,CLO1313_RS02685,Cthe_2975
WP_003514760.1,CLO1313_RS02700,Cthe_2978
WP_003514773.1,CLO1313_RS02705,Cthe_2979
WP_003514775.1,CLO1313_RS02715,Cthe_2981
WP_003514776.1,CLO1313_RS02720,Cthe_2982
WP_003514788.1,CLO1313_RS03130,Cthe_3063
WP_003514791.1,CLO1313_RS03115,Cthe_3060
WP_003514792.1,CLO1313_RS03110,Cthe_3059
WP_003514796.1,CLO1313_RS03080,Cthe_3054
WP_003514797.1,CLO1313_RS03075,Cthe_3053
WP_003514814.1,CLO1313_RS03045,Cthe_3047
WP_003514815.1,CLO1313_RS03040,Cthe_3046
WP_003514820.1,CLO1313_RS03030,Cthe_3044
WP_003514829.1,CLO1313_RS03010,Cthe_3040
WP_003514832.1,CLO1313_RS03000,Cthe_3038
WP_003514835.1,CLO1313_RS02995,Cthe_3037
WP_003514839.1,CLO1313_RS02985,Cthe_3035
WP_003514843.1,CLO1313_RS02975,Cthe_3033
WP_003514851.1,CLO1313_RS02945,Cthe_3027
WP_003514852.1,CLO1313_RS02940,Cthe_3026
WP_003514855.1,CLO1313_RS02935,Cthe_3024
WP_003514857.1,CLO1313_RS02930,Cthe_3023
WP_003514859.1,CLO1313_RS02925,Cthe_3022
WP_003514863.1,CLO1313_RS02915,Cthe_3020
WP_003514865.1,CLO1313_RS15535,Cthe_3019
WP_003514867.1,CLO1313_RS02910,Cthe_3018
WP_003514874.1,CLO1313_RS02895,Cthe_3015
WP_003514876.1,CLO1313_RS02890,Cthe_3014
WP_003514880.1,CLO1313_RS02885,Cthe_3013
WP_003514882.1,CLO1313_RS02880,Cthe_3012
WP_003514888.1,CLO1313_RS02865,Cthe_3009
WP_003514893.1,CLO1313_RS02855,Cthe_3007
WP_003514902.1,CLO1313_RS02835,Cthe_3002
WP_003514904.1,CLO1313_RS02830,Cthe_3001
WP_003514906.1,CLO1313_RS02825,Cthe_3000
WP_003514908.1,CLO1313_RS02820,Cthe_2999
WP_003514910.1,CLO1313_RS02815,Cthe_2998
WP_003514912.1,CLO1313_RS02810,Cthe_2997
WP_003514914.1,CLO1313_RS02805,Cthe_2996
WP_003514917.1,CLO1313_RS02790,Cthe_2993
WP_003514918.1,CLO1313_RS02785,Cthe_2992
WP_003514920.1,CLO1313_RS02775,Cthe_2990
WP_003514922.1,CLO1313_RS02770,Cthe_3420
WP_003514981.1,CLO1313_RS13565,Cthe_2857
WP_003515018.1,CLO1313_RS01610,Cthe_2723
WP_003515019.1,CLO1313_RS01605,Cthe_2722
WP_003515020.1,CLO1313_RS01600,Cthe_2721
WP_003515021.1,CLO1313_RS01595,Cthe_2720
WP_003515022.1,CLO1313_RS01590,Cthe_2719
WP_003515023.1,CLO1313_RS01585,Cthe_2718
WP_003515024.1,CLO1313_RS01580,Cthe_2717
WP_003515025.1,CLO1313_RS01575,Cthe_2714
WP_003515027.1,CLO1313_RS01565,Cthe_2712
WP_003515029.1,CLO1313_RS01560,Cthe_2711
WP_003515031.1,CLO1313_RS01555,Cthe_2710
WP_003515069.1,CLO1313_RS14325,Cthe_2163
WP_003515071.1,CLO1313_RS14330,Cthe_2164
WP_003515075.1,CLO1313_RS14350,Cthe_2168
WP_003515076.1,CLO1313_RS14355,Cthe_2169
WP_003515088.1,CLO1313_RS13570,Cthe_2856
WP_003515176.1,CLO1313_RS14275,Cthe_2152
WP_003515182.1,CLO1313_RS14290,Cthe_2156
WP_003515210.1,CLO1313_RS13725,Cthe_3377
WP_003515275.1,CLO1313_RS02040,Cthe_2815
WP_003515277.1,CLO1313_RS02035,Cthe_2814
WP_003515279.1,CLO1313_RS02030,Cthe_2813
WP_003515281.1,CLO1313_RS02025,Cthe_2812
WP_003515293.1,CLO1313_RS01950,Cthe_2797
WP_003515296.1,CLO1313_RS01940,Cthe_2795
WP_003515309.1,CLO1313_RS01890,Cthe_2785
WP_003515310.1,CLO1313_RS01885,Cthe_2784
WP_003515312.1,CLO1313_RS15525,Cthe_2783
WP_003515313.1,CLO1313_RS01880,Cthe_2782
WP_003515317.1,CLO1313_RS01870,Cthe_2780
WP_003515322.1,CLO1313_RS01855,Cthe_2778
WP_003515324.1,CLO1313_RS01850,Cthe_2777
WP_003515331.1,CLO1313_RS01825,Cthe_2769
WP_003515337.1,CLO1313_RS01805,Cthe_2765
WP_003515355.1,CLO1313_RS01675,Cthe_2736
WP_003515357.1,CLO1313_RS01665,Cthe_2734
WP_003515361.1,CLO1313_RS01640,Cthe_2729
WP_003515373.1,CLO1313_RS01545,Cthe_2708
WP_003515376.1,CLO1313_RS01540,Cthe_2707
WP_003515378.1,CLO1313_RS01535,Cthe_2706
WP_003515381.1,CLO1313_RS01515,Cthe_2702
WP_003515387.1,CLO1313_RS01480,Cthe_2695
WP_003515390.1,CLO1313_RS01455,Cthe_2690
WP_003515409.1,CLO1313_RS01360,Cthe_2675
WP_003515424.1,CLO1313_RS01325,Cthe_2670
WP_003515425.1,CLO1313_RS01320,Cthe_2669
WP_003515426.1,CLO1313_RS01315,Cthe_2668
WP_003515439.1,CLO1313_RS01150,Cthe_2637
WP_003515440.1,CLO1313_RS01140,Cthe_2635
WP_003515441.1,CLO1313_RS01135,Cthe_2634
WP_003515449.1,CLO1313_RS01060,Cthe_2619
WP_003515456.1,CLO1313_RS01005,Cthe_2608
WP_003515457.1,CLO1313_RS01000,Cthe_2607
WP_003515459.1,CLO1313_RS00965,Cthe_2600
WP_003515465.1,CLO1313_RS00910,Cthe_2589
WP_003515466.1,CLO1313_RS00905,Cthe_2588
WP_003515485.1,CLO1313_RS00820,Cthe_3407
WP_003515487.1,CLO1313_RS00805,Cthe_2569
WP_003515489.1,CLO1313_RS00790,Cthe_2566
WP_003515496.1,CLO1313_RS06320,Cthe_0972
WP_003515499.1,CLO1313_RS06315,Cthe_0973
WP_003515501.1,CLO1313_RS06310,Cthe_0974
WP_003515503.1,CLO1313_RS06305,Cthe_0975
WP_003515505.1,CLO1313_RS06300,Cthe_0976
WP_003515507.1,CLO1313_RS06295,Cthe_0977
WP_003515509.1,CLO1313_RS06290,Cthe_0978
WP_003515511.1,CLO1313_RS06285,Cthe_0979
WP_003515513.1,CLO1313_RS06280,Cthe_0980
WP_003515517.1,CLO1313_RS06270,Cthe_0982
WP_003515519.1,CLO1313_RS06265,Cthe_0983
WP_003515521.1,CLO1313_RS15590,Cthe_3333
WP_003515523.1,CLO1313_RS06260,Cthe_0984
WP_003515525.1,CLO1313_RS06255,Cthe_0985
WP_003515527.1,CLO1313_RS06250,Cthe_0986
WP_003515531.1,CLO1313_RS06245,Cthe_0987
WP_003515533.1,CLO1313_RS06240,Cthe_0988
WP_003515536.1,CLO1313_RS06235,Cthe_0989
WP_003515542.1,CLO1313_RS06220,Cthe_0992
WP_003515543.1,CLO1313_RS06215,Cthe_0993
WP_003515545.1,CLO1313_RS06210,Cthe_0994
WP_003515546.1,CLO1313_RS06205,Cthe_0995
WP_003515550.1,CLO1313_RS06195,Cthe_0997
WP_003515551.1,CLO1313_RS06190,Cthe_0998
WP_003515554.1,CLO1313_RS06185,Cthe_0999
WP_003515555.1,CLO1313_RS06180,Cthe_1000
WP_003515557.1,CLO1313_RS06175,Cthe_1001
WP_003515559.1,CLO1313_RS06170,Cthe_1002
WP_003515563.1,CLO1313_RS06160,Cthe_1004
WP_003515565.1,CLO1313_RS06155,Cthe_1005
WP_003515567.1,CLO1313_RS06150,Cthe_1006
WP_003515569.1,CLO1313_RS06145,Cthe_1007
WP_003515572.1,CLO1313_RS06140,Cthe_1008
WP_003515575.1,CLO1313_RS06130,Cthe_1010
WP_003515577.1,CLO1313_RS06125,Cthe_1011
WP_003515579.1,CLO1313_RS06120,Cthe_1012
WP_003515584.1,CLO1313_RS06105,Cthe_3335
WP_003515586.1,CLO1313_RS06100,Cthe_1015
WP_003515588.1,CLO1313_RS06095,Cthe_1016
WP_003515590.1,CLO1313_RS06085,Cthe_1018
WP_003515596.1,CLO1313_RS06070,Cthe_1021
WP_003515597.1,CLO1313_RS06065,Cthe_1022
WP_003515600.1,CLO1313_RS06060,Cthe_1023
WP_003515602.1,CLO1313_RS06055,Cthe_1024
WP_003515604.1,CLO1313_RS06050,Cthe_1025
WP_003515606.1,CLO1313_RS06045,Cthe_1026
WP_003515607.1,CLO1313_RS06040,Cthe_1027
WP_003515609.1,CLO1313_RS06035,Cthe_1028
WP_003515613.1,CLO1313_RS06025,Cthe_1030
WP_003515614.1,CLO1313_RS06020,Cthe_1031
WP_003515616.1,CLO1313_RS06015,Cthe_1032
WP_003515618.1,CLO1313_RS06010,Cthe_1033
WP_003515619.1,CLO1313_RS06005,Cthe_1034
WP_003515625.1,CLO1313_RS06000,Cthe_1035
WP_003515627.1,CLO1313_RS05995,Cthe_1036
WP_003515629.1,CLO1313_RS05990,Cthe_1037
WP_003515630.1,CLO1313_RS05985,Cthe_1038
WP_003515634.1,CLO1313_RS05975,Cthe_1040
WP_003515638.1,CLO1313_RS05950,Cthe_1042
WP_003515640.1,CLO1313_RS05940,Cthe_1043
WP_003515642.1,CLO1313_RS05935,Cthe_1044
WP_003515644.1,CLO1313_RS05930,Cthe_1045
WP_003515648.1,CLO1313_RS05920,Cthe_1047
WP_003515650.1,CLO1313_RS05915,Cthe_1048
WP_003515651.1,CLO1313_RS05910,Cthe_1049
WP_003515653.1,CLO1313_RS05905,Cthe_1050
WP_003515661.1,CLO1313_RS05890,Cthe_1053
WP_003515663.1,CLO1313_RS05885,Cthe_1054
WP_003515665.1,CLO1313_RS05880,Cthe_1055
WP_003515668.1,CLO1313_RS05870,Cthe_1057
WP_003515671.1,CLO1313_RS05865,Cthe_1058
WP_003515673.1,CLO1313_RS05855,Cthe_1060
WP_003515675.1,CLO1313_RS05850,Cthe_1061
WP_003515677.1,CLO1313_RS05845,Cthe_1062
WP_003515680.1,CLO1313_RS05835,Cthe_1064
WP_003515682.1,CLO1313_RS05830,Cthe_1065
WP_003515683.1,CLO1313_RS05825,Cthe_1066
WP_003515684.1,CLO1313_RS15585,Cthe_3337
WP_003515685.1,CLO1313_RS05820,Cthe_1067
WP_003515686.1,CLO1313_RS05815,Cthe_1068
WP_003515687.1,CLO1313_RS05810,Cthe_1069
WP_003515692.1,CLO1313_RS05795,Cthe_1072
WP_003515694.1,CLO1313_RS05790,Cthe_1073
WP_003515696.1,CLO1313_RS05785,Cthe_1074
WP_003515701.1,CLO1313_RS05770,Cthe_1077
WP_003515703.1,CLO1313_RS05765,Cthe_1078
WP_003515705.1,CLO1313_RS05760,Cthe_1079
WP_003515708.1,CLO1313_RS05755,Cthe_1080
WP_003515710.1,CLO1313_RS05750,Cthe_1081
WP_003515712.1,CLO1313_RS05745,Cthe_1082
WP_003515715.1,CLO1313_RS05740,Cthe_1083
WP_003515717.1,CLO1313_RS05735,Cthe_1084
WP_003515721.1,CLO1313_RS05725,Cthe_1086
WP_003515723.1,CLO1313_RS05720,Cthe_1087
WP_003515725.1,CLO1313_RS05715,Cthe_1088
WP_003515727.1,CLO1313_RS05710,Cthe_1089
WP_003515729.1,CLO1313_RS05705,Cthe_1090
WP_003515733.1,CLO1313_RS05695,Cthe_1092
WP_003515736.1,CLO1313_RS05690,Cthe_1093
WP_003515738.1,CLO1313_RS05685,Cthe_1094
WP_003515744.1,CLO1313_RS05675,Cthe_1096
WP_003515746.1,CLO1313_RS05670,Cthe_1097
WP_003515756.1,CLO1313_RS05645,Cthe_1102
WP_003515767.1,CLO1313_RS05620,Cthe_1107
WP_003515791.1,CLO1313_RS12665,Cthe_1826
WP_003515794.1,CLO1313_RS12660,Cthe_1825
WP_003515797.1,CLO1313_RS12650,Cthe_1823
WP_003515799.1,CLO1313_RS12645,Cthe_1822
WP_003515800.1,CLO1313_RS12640,Cthe_1821
WP_003515802.1,CLO1313_RS12635,Cthe_1820
WP_003515803.1,CLO1313_RS12630,Cthe_1819
WP_003515805.1,CLO1313_RS12625,Cthe_1818
WP_003515807.1,CLO1313_RS12620,Cthe_1817
WP_003515811.1,CLO1313_RS12605,Cthe_1814
WP_003515812.1,CLO1313_RS12600,Cthe_1813
WP_003515814.1,CLO1313_RS12595,Cthe_1812
WP_003515816.1,CLO1313_RS12590,Cthe_1811
WP_003515817.1,CLO1313_RS12585,Cthe_1810
WP_003515819.1,CLO1313_RS12580,Cthe_1809
WP_003515820.1,CLO1313_RS12575,Cthe_1807
WP_003515828.1,CLO1313_RS12555,Cthe_1805
WP_003515830.1,CLO1313_RS12550,Cthe_1804
WP_003515832.1,CLO1313_RS12545,Cthe_1803
WP_003515833.1,CLO1313_RS12540,Cthe_1802
WP_003515836.1,CLO1313_RS12535,Cthe_1801
WP_003515837.1,CLO1313_RS12530,Cthe_1800
WP_003515841.1,CLO1313_RS12525,Cthe_1799
WP_003515843.1,CLO1313_RS12520,Cthe_1798
WP_003515844.1,CLO1313_RS12515,Cthe_1797
WP_003515847.1,CLO1313_RS12510,Cthe_1796
WP_003515850.1,CLO1313_RS12500,Cthe_1794
WP_003515852.1,CLO1313_RS12485,Cthe_1792
WP_003515853.1,CLO1313_RS12480,Cthe_1791
WP_003515854.1,CLO1313_RS12475,Cthe_1790
WP_003515855.1,CLO1313_RS12470,Cthe_1789
WP_003515856.1,CLO1313_RS12465,Cthe_1788
WP_003515869.1,CLO1313_RS12460,Cthe_1787
WP_003515875.1,CLO1313_RS12445,Cthe_1784
WP_003515877.1,CLO1313_RS12440,Cthe_1783
WP_003515879.1,CLO1313_RS12435,Cthe_1782
WP_003515881.1,CLO1313_RS12430,Cthe_1781
WP_003515883.1,CLO1313_RS12425,Cthe_1780
WP_003515885.1,CLO1313_RS12420,Cthe_1779
WP_003515896.1,CLO1313_RS12400,Cthe_1775
WP_003515898.1,CLO1313_RS12395,Cthe_1774
WP_003515904.1,CLO1313_RS12375,Cthe_1771
WP_003515906.1,CLO1313_RS12370,Cthe_1770
WP_003515908.1,CLO1313_RS12365,Cthe_1769
WP_003515910.1,CLO1313_RS12360,Cthe_1768
WP_003515912.1,CLO1313_RS12355,Cthe_1767
WP_003515915.1,CLO1313_RS12350,Cthe_1766
WP_003515917.1,CLO1313_RS12345,Cthe_1765
WP_003515919.1,CLO1313_RS12340,Cthe_1764
WP_003515921.1,CLO1313_RS12335,Cthe_1763
WP_003515923.1,CLO1313_RS12330,Cthe_1762
WP_003515930.1,CLO1313_RS12315,Cthe_1759
WP_003515936.1,CLO1313_RS12310,Cthe_1758
WP_003515939.1,CLO1313_RS12305,Cthe_1757
WP_003515942.1,CLO1313_RS12300,Cthe_1756
WP_003515943.1,CLO1313_RS12295,Cthe_1754
WP_003515945.1,CLO1313_RS12290,Cthe_1753
WP_003516105.1,CLO1313_RS03815,Cthe_3188
WP_003516112.1,CLO1313_RS03775,Cthe_3178
WP_003516115.1,CLO1313_RS03760,Cthe_3175
WP_003516142.1,CLO1313_RS03675,Cthe_3159
WP_003516144.1,CLO1313_RS03655,Cthe_3155
WP_003516148.1,CLO1313_RS03625,Cthe_3149
WP_003516150.1,CLO1313_RS03620,Cthe_3148
WP_003516151.1,CLO1313_RS03600,Cthe_3144
WP_003516155.1,CLO1313_RS03535,Cthe_3130
WP_003516157.1,CLO1313_RS03520,Cthe_3127
WP_003516161.1,CLO1313_RS03465,Cthe_3116
WP_003516162.1,CLO1313_RS07760,Cthe_0685
WP_003516163.1,CLO1313_RS07755,Cthe_0686
WP_003516164.1,CLO1313_RS07750,Cthe_0687
WP_003516166.1,CLO1313_RS07740,Cthe_0689
WP_003516171.1,CLO1313_RS07730,Cthe_0691
WP_003516173.1,CLO1313_RS07725,Cthe_0693
WP_003516177.1,CLO1313_RS07715,Cthe_0695
WP_003516178.1,CLO1313_RS07710,Cthe_0696
WP_003516184.1,CLO1313_RS07700,Cthe_0699
WP_003516186.1,CLO1313_RS07695,Cthe_3326
WP_003516190.1,CLO1313_RS07685,Cthe_0701
WP_003516192.1,CLO1313_RS07680,Cthe_0702
WP_003516194.1,CLO1313_RS07675,Cthe_0703
WP_003516196.1,CLO1313_RS07670,Cthe_0704
WP_003516198.1,CLO1313_RS15605,Cthe_0705
WP_003516200.1,CLO1313_RS07665,Cthe_0706
WP_003516203.1,CLO1313_RS07660,Cthe_0707
WP_003516205.1,CLO1313_RS07655,Cthe_0708
WP_003516207.1,CLO1313_RS07650,Cthe_0709
WP_003516211.1,CLO1313_RS07640,Cthe_0711
WP_003516214.1,CLO1313_RS07635,Cthe_0712
WP_003516217.1,CLO1313_RS07630,Cthe_0713
WP_003516223.1,CLO1313_RS07620,Cthe_0715
WP_003516225.1,CLO1313_RS07615,Cthe_0716
WP_003516227.1,CLO1313_RS07610,Cthe_0717
WP_003516231.1,CLO1313_RS07605,Cthe_0718
WP_003516233.1,CLO1313_RS07600,Cthe_0719
WP_003516235.1,CLO1313_RS07595,Cthe_0720
WP_003516238.1,CLO1313_RS07590,Cthe_0721
WP_003516239.1,CLO1313_RS07585,Cthe_0722
WP_003516241.1,CLO1313_RS07580,Cthe_0723
WP_003516243.1,CLO1313_RS07575,Cthe_0724
WP_003516246.1,CLO1313_RS07570,Cthe_0725
WP_003516249.1,CLO1313_RS07565,Cthe_0726
WP_003516250.1,CLO1313_RS07560,Cthe_0727
WP_003516251.1,CLO1313_RS07555,Cthe_0728
WP_003516254.1,CLO1313_RS07550,Cthe_0729
WP_003516257.1,CLO1313_RS07540,Cthe_0731
WP_003516259.1,CLO1313_RS07535,Cthe_0732
WP_003516260.1,CLO1313_RS07530,Cthe_0733
WP_003516261.1,CLO1313_RS07525,Cthe_0734
WP_003516262.1,CLO1313_RS07520,Cthe_0735
WP_003516264.1,CLO1313_RS07510,Cthe_0737
WP_003516266.1,CLO1313_RS07505,Cthe_0738
WP_003516269.1,CLO1313_RS07500,Cthe_0739
WP_003516271.1,CLO1313_RS07495,Cthe_0740
WP_003516273.1,CLO1313_RS07490,Cthe_0741
WP_003516275.1,CLO1313_RS07485,Cthe_0742
WP_003516276.1,CLO1313_RS07480,Cthe_0743
WP_003516277.1,CLO1313_RS07475,Cthe_0744
WP_003516278.1,CLO1313_RS07470,Cthe_0745
WP_003516280.1,CLO1313_RS07460,Cthe_0747
WP_003516281.1,CLO1313_RS07455,Cthe_0748
WP_003516282.1,CLO1313_RS07450,Cthe_0749
WP_003516284.1,CLO1313_RS07445,Cthe_0750
WP_003516286.1,CLO1313_RS07440,Cthe_0751
WP_003516293.1,CLO1313_RS07425,Cthe_0754
WP_003516296.1,CLO1313_RS07420,Cthe_0755
WP_003516298.1,CLO1313_RS07415,Cthe_0756
WP_003516299.1,CLO1313_RS07410,Cthe_0757
WP_003516301.1,CLO1313_RS07405,Cthe_0758
WP_003516302.1,CLO1313_RS07400,Cthe_0759
WP_003516306.1,CLO1313_RS07390,Cthe_0761
WP_003516308.1,CLO1313_RS07385,Cthe_0762
WP_003516310.1,CLO1313_RS07380,Cthe_0763
WP_003516311.1,CLO1313_RS07375,Cthe_0764
WP_003516313.1,CLO1313_RS07365,Cthe_0766
WP_003516314.1,CLO1313_RS07360,Cthe_0767
WP_003516315.1,CLO1313_RS07355,Cthe_0768
WP_003516317.1,CLO1313_RS07350,Cthe_0769
WP_003516319.1,CLO1313_RS07345,Cthe_0770
WP_003516320.1,CLO1313_RS07340,Cthe_0771
WP_003516322.1,CLO1313_RS07335,Cthe_0772
WP_003516324.1,CLO1313_RS07330,Cthe_0773
WP_003516351.1,CLO1313_RS07310,Cthe_0777
WP_003516352.1,CLO1313_RS07305,Cthe_0778
WP_003516355.1,CLO1313_RS07290,Cthe_0781
WP_003516358.1,CLO1313_RS07275,Cthe_0783
WP_003516362.1,CLO1313_RS07265,Cthe_0785
WP_003516364.1,CLO1313_RS07255,Cthe_0787
WP_003516367.1,CLO1313_RS07250,Cthe_0788
WP_003516370.1,CLO1313_RS07245,Cthe_0789
WP_003516372.1,CLO1313_RS07240,Cthe_0790
WP_003516374.1,CLO1313_RS07235,Cthe_0791
WP_003516377.1,CLO1313_RS07230,Cthe_0792
WP_003516379.1,CLO1313_RS07225,Cthe_0793
WP_003516411.1,CLO1313_RS00400,Cthe_2446
WP_003516413.1,CLO1313_RS00380,Cthe_2442
WP_003516416.1,CLO1313_RS00340,Cthe_2433
WP_003516419.1,CLO1313_RS00295,Cthe_2424
WP_003516443.1,CLO1313_RS00175,Cthe_2402
WP_003516448.1,CLO1313_RS00160,Cthe_2399
WP_003516455.1,CLO1313_RS00120,Cthe_2391
WP_003516470.1,CLO1313_RS15405,Cthe_2365
WP_003516481.1,CLO1313_RS08255,Cthe_0592
WP_003516489.1,CLO1313_RS08240,Cthe_0595
WP_003516491.1,CLO1313_RS08235,Cthe_0596
WP_003516493.1,CLO1313_RS08230,Cthe_0597
WP_003516495.1,CLO1313_RS08225,Cthe_0598
WP_003516497.1,CLO1313_RS08220,Cthe_0599
WP_003516498.1,CLO1313_RS08215,Cthe_0600
WP_003516504.1,CLO1313_RS08205,Cthe_0602
WP_003516505.1,CLO1313_RS08200,Cthe_0603
WP_003516507.1,CLO1313_RS08195,Cthe_0604
WP_003516511.1,CLO1313_RS08185,Cthe_0606
WP_003516515.1,CLO1313_RS08175,Cthe_0608
WP_003516517.1,CLO1313_RS08170,Cthe_0609
WP_003516525.1,CLO1313_RS08145,Cthe_0614
WP_003516528.1,CLO1313_RS08135,Cthe_0616
WP_003516530.1,CLO1313_RS08130,Cthe_0617
WP_003516540.1,CLO1313_RS08115,Cthe_0620
WP_003516545.1,CLO1313_RS08110,Cthe_0621
WP_003516547.1,CLO1313_RS08105,Cthe_0622
WP_003516549.1,CLO1313_RS08100,Cthe_0623
WP_003516552.1,CLO1313_RS08095,Cthe_0624
WP_003516556.1,CLO1313_RS08085,Cthe_0626
WP_003516558.1,CLO1313_RS08080,Cthe_0627
WP_003516560.1,CLO1313_RS08075,Cthe_0628
WP_003516561.1,CLO1313_RS08070,Cthe_0629
WP_003516564.1,CLO1313_RS08065,Cthe_0630
WP_003516566.1,CLO1313_RS08060,Cthe_0631
WP_003516568.1,CLO1313_RS08055,Cthe_3321
WP_003516570.1,CLO1313_RS08050,Cthe_0632
WP_003516571.1,CLO1313_RS08045,Cthe_0633
WP_003516573.1,CLO1313_RS08040,Cthe_0634
WP_003516577.1,CLO1313_RS08030,Cthe_0636
WP_003516579.1,CLO1313_RS08025,Cthe_0637
WP_003516581.1,CLO1313_RS08020,Cthe_0638
WP_003516583.1,CLO1313_RS08015,Cthe_0639
WP_003516585.1,CLO1313_RS08010,Cthe_0640
WP_003516586.1,CLO1313_RS08005,Cthe_3322
WP_003516587.1,CLO1313_RS08000,Cthe_0641
WP_003516588.1,CLO1313_RS07995,Cthe_0642
WP_003516589.1,CLO1313_RS07990,Cthe_0643
WP_003516590.1,CLO1313_RS07985,Cthe_0644
WP_003516591.1,CLO1313_RS07980,Cthe_0645
WP_003516592.1,CLO1313_RS07975,Cthe_0646
WP_003516593.1,CLO1313_RS07970,Cthe_0647
WP_003516596.1,CLO1313_RS07965,Cthe_0648
WP_003516598.1,CLO1313_RS07955,Cthe_0649
WP_003516602.1,CLO1313_RS07950,Cthe_0650
WP_003516611.1,CLO1313_RS07935,Cthe_0652
WP_003516613.1,CLO1313_RS07930,Cthe_0653
WP_003516619.1,CLO1313_RS07915,Cthe_0656
WP_003516624.1,CLO1313_RS07910,Cthe_0657
WP_003516639.1,CLO1313_RS07880,Cthe_0663
WP_003516640.1,CLO1313_RS07870,Cthe_0664
WP_003516641.1,CLO1313_RS07865,Cthe_0665
WP_003516648.1,CLO1313_RS07845,Cthe_0669
WP_003516651.1,CLO1313_RS07840,Cthe_0670
WP_003516654.1,CLO1313_RS07835,Cthe_0671
WP_003516657.1,CLO1313_RS07825,Cthe_0672
WP_003516659.1,CLO1313_RS07820,Cthe_0673
WP_003516661.1,CLO1313_RS07815,Cthe_0674
WP_003516665.1,CLO1313_RS07805,Cthe_0676
WP_003516667.1,CLO1313_RS07800,Cthe_0677
WP_003516668.1,CLO1313_RS07795,Cthe_0678
WP_003516676.1,CLO1313_RS07775,Cthe_0682
WP_003516678.1,CLO1313_RS07770,Cthe_0683
WP_003516691.1,CLO1313_RS14205,Cthe_2140
WP_003516696.1,CLO1313_RS14180,Cthe_2133
WP_003516700.1,CLO1313_RS14155,Cthe_2128
WP_003516702.1,CLO1313_RS14150,Cthe_2127
WP_003516709.1,CLO1313_RS14130,Cthe_2123
WP_003516738.1,CLO1313_RS13995,Cthe_2096
WP_003516741.1,CLO1313_RS13970,Cthe_2091
WP_003516761.1,CLO1313_RS13920,Cthe_2082
WP_003516767.1,CLO1313_RS13900,Cthe_2078
WP_003516780.1,CLO1313_RS13840,Cthe_2066
WP_003516785.1,CLO1313_RS13745,Cthe_2050
WP_003516789.1,CLO1313_RS13735,Cthe_2048
WP_003516841.1,CLO1313_RS14485,Cthe_2189
WP_003516863.1,CLO1313_RS14370,Cthe_2172
WP_003516865.1,CLO1313_RS14360,Cthe_2170
WP_003516866.1,CLO1313_RS14345,Cthe_2167
WP_003516867.1,CLO1313_RS14340,Cthe_2166
WP_003516868.1,CLO1313_RS14335,Cthe_2165
WP_003516873.1,CLO1313_RS14285,Cthe_2155
WP_003516876.1,CLO1313_RS14265,Cthe_2150
WP_003516877.1,CLO1313_RS14260,Cthe_2149
WP_003516878.1,CLO1313_RS14255,Cthe_2148
WP_003516880.1,CLO1313_RS14245,Cthe_2146
WP_003516895.1,CLO1313_RS03035,Cthe_3045
WP_003516897.1,CLO1313_RS03025,Cthe_3043
WP_003516902.1,CLO1313_RS02990,Cthe_3036
WP_003516905.1,CLO1313_RS02970,Cthe_3032
WP_003516913.1,CLO1313_RS02905,Cthe_3017
WP_003516915.1,CLO1313_RS02900,Cthe_3016
WP_003516937.1,CLO1313_RS02750,Cthe_2987
WP_003516939.1,CLO1313_RS02745,Cthe_2986
WP_003516971.1,CLO1313_RS04885,Cthe_1302
WP_003516975.1,CLO1313_RS04875,Cthe_1304
WP_003516977.1,CLO1313_RS04870,Cthe_1305
WP_003516980.1,CLO1313_RS04865,Cthe_1306
WP_003516986.1,CLO1313_RS04845,Cthe_1309
WP_003516991.1,CLO1313_RS15575,Cthe_3348
WP_003516995.1,CLO1313_RS04830,Cthe_1312
WP_003516997.1,CLO1313_RS04825,Cthe_1313
WP_003517000.1,CLO1313_RS04820,Cthe_1314
WP_003517004.1,CLO1313_RS04810,Cthe_1316
WP_003517008.1,CLO1313_RS04805,Cthe_1317
WP_003517009.1,CLO1313_RS04800,Cthe_3349
WP_003517011.1,CLO1313_RS04795,Cthe_1318
WP_003517014.1,CLO1313_RS04785,Cthe_1320
WP_003517016.1,CLO1313_RS04780,Cthe_1321
WP_003517018.1,CLO1313_RS04775,Cthe_1322
WP_003517022.1,CLO1313_RS04765,Cthe_1324
WP_003517023.1,CLO1313_RS04760,Cthe_1325
WP_003517026.1,CLO1313_RS04755,Cthe_1326
WP_003517030.1,CLO1313_RS04745,Cthe_1328
WP_003517032.1,CLO1313_RS04740,Cthe_3350
WP_003517036.1,CLO1313_RS04730,Cthe_1330
WP_003517040.1,CLO1313_RS04720,Cthe_1332
WP_003517042.1,CLO1313_RS04715,Cthe_1333
WP_003517044.1,CLO1313_RS04705,Cthe_1335
WP_003517045.1,CLO1313_RS04700,Cthe_1336
WP_003517046.1,CLO1313_RS04695,Cthe_3351
WP_003517056.1,CLO1313_RS04685,Cthe_1338
WP_003517058.1,CLO1313_RS04680,Cthe_1339
WP_003517064.1,CLO1313_RS04665,Cthe_1342
WP_003517065.1,CLO1313_RS04660,Cthe_1343
WP_003517069.1,CLO1313_RS04650,Cthe_1345
WP_003517071.1,CLO1313_RS04645,Cthe_1346
WP_003517073.1,CLO1313_RS04640,Cthe_1347
WP_003517075.1,CLO1313_RS04635,Cthe_1348
WP_003517076.1,CLO1313_RS04630,Cthe_1349
WP_003517090.1,CLO1313_RS04610,Cthe_1353
WP_003517096.1,CLO1313_RS04600,Cthe_1355
WP_003517098.1,CLO1313_RS04595,Cthe_1356
WP_003517100.1,CLO1313_RS04590,Cthe_1357
WP_003517102.1,CLO1313_RS04585,Cthe_1358
WP_003517105.1,CLO1313_RS04580,Cthe_1359
WP_003517107.1,CLO1313_RS04575,Cthe_1360
WP_003517108.1,CLO1313_RS04570,Cthe_1361
WP_003517110.1,CLO1313_RS04565,Cthe_1362
WP_003517116.1,CLO1313_RS04550,Cthe_1365
WP_003517137.1,CLO1313_RS06960,Cthe_0846
WP_003517139.1,CLO1313_RS06955,Cthe_0847
WP_003517144.1,CLO1313_RS06945,Cthe_0849
WP_003517147.1,CLO1313_RS06935,Cthe_0851
WP_003517151.1,CLO1313_RS06925,Cthe_0853
WP_003517153.1,CLO1313_RS06920,Cthe_0854
WP_003517159.1,CLO1313_RS06915,Cthe_0855
WP_003517161.1,CLO1313_RS06910,Cthe_0856
WP_003517163.1,CLO1313_RS06905,Cthe_0857
WP_003517167.1,CLO1313_RS06895,Cthe_0859
WP_003517177.1,CLO1313_RS06885,Cthe_0861
WP_003517179.1,CLO1313_RS06880,Cthe_0862
WP_003517181.1,CLO1313_RS06875,Cthe_0863
WP_003517183.1,CLO1313_RS06870,Cthe_0864
WP_003517185.1,CLO1313_RS06865,Cthe_0865
WP_003517187.1,CLO1313_RS06860,Cthe_0866
WP_003517189.1,CLO1313_RS06855,Cthe_0867
WP_003517192.1,CLO1313_RS06850,Cthe_0868
WP_003517194.1,CLO1313_RS06845,Cthe_0869
WP_003517200.1,CLO1313_RS06835,Cthe_0871
WP_003517204.1,CLO1313_RS06825,Cthe_0873
WP_003517208.1,CLO1313_RS06815,Cthe_0875
WP_003517211.1,CLO1313_RS06810,Cthe_0876
WP_003517212.1,CLO1313_RS06805,Cthe_0877
WP_003517213.1,CLO1313_RS06800,Cthe_0878
WP_003517214.1,CLO1313_RS06795,Cthe_0880
WP_003517215.1,CLO1313_RS06790,Cthe_0881
WP_003517216.1,CLO1313_RS06785,Cthe_0882
WP_003517217.1,CLO1313_RS06780,Cthe_0883
WP_003517218.1,CLO1313_RS06775,Cthe_0884
WP_003517221.1,CLO1313_RS06765,Cthe_0886
WP_003517222.1,CLO1313_RS06760,Cthe_0887
WP_003517223.1,CLO1313_RS06755,Cthe_0888
WP_003517232.1,CLO1313_RS06745,Cthe_0890
WP_003517233.1,CLO1313_RS06740,Cthe_0891
WP_003517235.1,CLO1313_RS06735,Cthe_0892
WP_003517237.1,CLO1313_RS06730,Cthe_0893
WP_003517241.1,CLO1313_RS06715,Cthe_0894
WP_003517251.1,CLO1313_RS06695,Cthe_0898
WP_003517254.1,CLO1313_RS06690,Cthe_0899
WP_003517255.1,CLO1313_RS06685,Cthe_0900
WP_003517257.1,CLO1313_RS06680,Cthe_0901
WP_003517259.1,CLO1313_RS06675,Cthe_0902
WP_003517262.1,CLO1313_RS06670,Cthe_0903
WP_003517266.1,CLO1313_RS06660,Cthe_0905
WP_003517268.1,CLO1313_RS06655,Cthe_0906
WP_003517270.1,CLO1313_RS06650,Cthe_0908
WP_003517272.1,CLO1313_RS06645,Cthe_0909
WP_003517278.1,CLO1313_RS06630,Cthe_0912
WP_003517284.1,CLO1313_RS06615,Cthe_0916
WP_003517285.1,CLO1313_RS06610,Cthe_0917
WP_003517308.1,CLO1313_RS11960,Cthe_1591
WP_003517314.1,CLO1313_RS11950,Cthe_1589
WP_003517316.1,CLO1313_RS11945,Cthe_1588
WP_003517318.1,CLO1313_RS11940,Cthe_1587
WP_003517320.1,CLO1313_RS11935,Cthe_1586
WP_003517322.1,CLO1313_RS11930,Cthe_1585
WP_003517324.1,CLO1313_RS11925,Cthe_1584
WP_003517326.1,CLO1313_RS11920,Cthe_1583
WP_003517328.1,CLO1313_RS11915,Cthe_1582
WP_003517330.1,CLO1313_RS11910,Cthe_1581
WP_003517334.1,CLO1313_RS11900,Cthe_1579
WP_003517341.1,CLO1313_RS11885,Cthe_1576
WP_003517343.1,CLO1313_RS11880,Cthe_1575
WP_003517348.1,CLO1313_RS11870,Cthe_1573
WP_003517352.1,CLO1313_RS11860,Cthe_1571
WP_003517353.1,CLO1313_RS11855,Cthe_1570
WP_003517355.1,CLO1313_RS11850,Cthe_1569
WP_003517359.1,CLO1313_RS11840,Cthe_1567
WP_003517362.1,CLO1313_RS11835,Cthe_1566
WP_003517364.1,CLO1313_RS11830,Cthe_1565
WP_003517366.1,CLO1313_RS11825,Cthe_1564
WP_003517368.1,CLO1313_RS11820,Cthe_1563
WP_003517370.1,CLO1313_RS11815,Cthe_1562
WP_003517372.1,CLO1313_RS11810,Cthe_1561
WP_003517374.1,CLO1313_RS11805,Cthe_1560
WP_003517375.1,CLO1313_RS11800,Cthe_1559
WP_003517377.1,CLO1313_RS11790,Cthe_1557
WP_003517378.1,CLO1313_RS11785,Cthe_1556
WP_003517379.1,CLO1313_RS11780,Cthe_1555
WP_003517381.1,CLO1313_RS11775,Cthe_1554
WP_003517383.1,CLO1313_RS11770,Cthe_1553
WP_003517385.1,CLO1313_RS11765,Cthe_1552
WP_003517389.1,CLO1313_RS11750,Cthe_1549
WP_003517391.1,CLO1313_RS11745,Cthe_1548
WP_003517395.1,CLO1313_RS11735,Cthe_1546
WP_003517398.1,CLO1313_RS11720,Cthe_1543
WP_003517399.1,CLO1313_RS11715,Cthe_1542
WP_003517410.1,CLO1313_RS11690,Cthe_1537
WP_003517412.1,CLO1313_RS11685,Cthe_1536
WP_003517414.1,CLO1313_RS11680,Cthe_1535
WP_003517416.1,CLO1313_RS11675,Cthe_1534
WP_003517434.1,CLO1313_RS05200,Cthe_1237
WP_003517442.1,CLO1313_RS05180,Cthe_1241
WP_003517444.1,CLO1313_RS05175,Cthe_1243
WP_003517447.1,CLO1313_RS05165,Cthe_1245
WP_003517454.1,CLO1313_RS05150,Cthe_1248
WP_003517457.1,CLO1313_RS05140,Cthe_1250
WP_003517459.1,CLO1313_RS05135,Cthe_1251
WP_003517461.1,CLO1313_RS05130,Cthe_1252
WP_003517464.1,CLO1313_RS15580,Cthe_1254
WP_003517475.1,CLO1313_RS05120,Cthe_1255
WP_003517480.1,CLO1313_RS05115,Cthe_1256
WP_003517485.1,CLO1313_RS05105,Cthe_1258
WP_003517487.1,CLO1313_RS05100,Cthe_1259
WP_003517488.1,CLO1313_RS05095,Cthe_1260
WP_003517489.1,CLO1313_RS05090,Cthe_1261
WP_003517490.1,CLO1313_RS05085,Cthe_1262
WP_003517491.1,CLO1313_RS05080,Cthe_1263
WP_003517495.1,CLO1313_RS05060,Cthe_1267
WP_003517497.1,CLO1313_RS05050,Cthe_1269
WP_003517498.1,CLO1313_RS05045,Cthe_1270
WP_003517499.1,CLO1313_RS05040,Cthe_1271
WP_003517500.1,CLO1313_RS05035,Cthe_1272
WP_003517501.1,CLO1313_RS05030,Cthe_1273
WP_003517502.1,CLO1313_RS05025,Cthe_1274
WP_003517503.1,CLO1313_RS05020,Cthe_1275
WP_003517504.1,CLO1313_RS05015,Cthe_1276
WP_003517505.1,CLO1313_RS05010,Cthe_1277
WP_003517507.1,CLO1313_RS05000,Cthe_1279
WP_003517508.1,CLO1313_RS04995,Cthe_1280
WP_003517509.1,CLO1313_RS04990,Cthe_1281
WP_003517512.1,CLO1313_RS04980,Cthe_1283
WP_003517514.1,CLO1313_RS04975,Cthe_1284
WP_003517525.1,CLO1313_RS04965,Cthe_1286
WP_003517532.1,CLO1313_RS04950,Cthe_1289
WP_003517534.1,CLO1313_RS04945,Cthe_1290
WP_003517535.1,CLO1313_RS04940,Cthe_1291
WP_003517537.1,CLO1313_RS04935,Cthe_1292
WP_003517539.1,CLO1313_RS04930,Cthe_1293
WP_003517545.1,CLO1313_RS04920,Cthe_1295
WP_003517548.1,CLO1313_RS04915,Cthe_1296
WP_003517549.1,CLO1313_RS04910,Cthe_1297
WP_003517550.1,CLO1313_RS04905,Cthe_1298
WP_003517551.1,CLO1313_RS04900,Cthe_1299
WP_003517561.1,CLO1313_RS08630,Cthe_0530
WP_003517567.1,CLO1313_RS08615,Cthe_0532
WP_003517569.1,CLO1313_RS08610,Cthe_0533
WP_003517578.1,CLO1313_RS08600,Cthe_0535
WP_003517581.1,CLO1313_RS08595,Cthe_0536
WP_003517585.1,CLO1313_RS08585,Cthe_0538
WP_003517588.1,CLO1313_RS08580,Cthe_0539
WP_003517592.1,CLO1313_RS08570,Cthe_0541
WP_003517593.1,CLO1313_RS08565,Cthe_0542
WP_003517595.1,CLO1313_RS08560,Cthe_0543
WP_003517600.1,CLO1313_RS08545,Cthe_0546
WP_003517602.1,CLO1313_RS08540,Cthe_0547
WP_003517604.1,CLO1313_RS08535,Cthe_0548
WP_003517607.1,CLO1313_RS08530,Cthe_0549
WP_003517609.1,CLO1313_RS08525,Cthe_0550
WP_003517611.1,CLO1313_RS08515,Cthe_0551
WP_003517613.1,CLO1313_RS08510,Cthe_0552
WP_003517615.1,CLO1313_RS08505,Cthe_0553
WP_003517619.1,CLO1313_RS08495,Cthe_0555
WP_003517623.1,CLO1313_RS08485,Cthe_0557
WP_003517625.1,CLO1313_RS08480,Cthe_0558
WP_003517627.1,CLO1313_RS08475,Cthe_0559
WP_003517629.1,CLO1313_RS08470,Cthe_0560
WP_003517632.1,CLO1313_RS08460,Cthe_0562
WP_003517633.1,CLO1313_RS08455,Cthe_0563
WP_003517637.1,CLO1313_RS08445,Cthe_0565
WP_003517639.1,CLO1313_RS08440,Cthe_0566
WP_003517641.1,CLO1313_RS08435,Cthe_0567
WP_003517644.1,CLO1313_RS08425,Cthe_0569
WP_003517648.1,CLO1313_RS08420,Cthe_0570
WP_003517649.1,CLO1313_RS08415,Cthe_0571
WP_003517651.1,CLO1313_RS08410,Cthe_0572
WP_003517653.1,CLO1313_RS08405,Cthe_0573
WP_003517654.1,CLO1313_RS08400,Cthe_0574
WP_003517657.1,CLO1313_RS08395,Cthe_0575
WP_003517659.1,CLO1313_RS08390,Cthe_0576
WP_003517666.1,CLO1313_RS08375,Cthe_0579
WP_003517677.1,CLO1313_RS08355,Cthe_0583
WP_003517679.1,CLO1313_RS08350,Cthe_0584
WP_003517712.1,CLO1313_RS11640,Cthe_1526
WP_003517715.1,CLO1313_RS11630,Cthe_1524
WP_003517719.1,CLO1313_RS11620,Cthe_1522
WP_003517724.1,CLO1313_RS11595,Cthe_1520
WP_003517741.1,CLO1313_RS11560,Cthe_1514
WP_003517742.1,CLO1313_RS11555,Cthe_1513
WP_003517768.1,CLO1313_RS11505,Cthe_1503
WP_003517769.1,CLO1313_RS11500,Cthe_1502
WP_003517778.1,CLO1313_RS11470,Cthe_1495
WP_003517779.1,CLO1313_RS11465,Cthe_1494
WP_003517781.1,CLO1313_RS11460,Cthe_1493
WP_003517796.1,CLO1313_RS11425,Cthe_1486
WP_003517800.1,CLO1313_RS11415,Cthe_1484
WP_003517805.1,CLO1313_RS11405,Cthe_1482
WP_003517812.1,CLO1313_RS11390,Cthe_1479
WP_003517815.1,CLO1313_RS11385,Cthe_1478
WP_003517821.1,CLO1313_RS11365,Cthe_3358
WP_003517823.1,CLO1313_RS11360,Cthe_1474
WP_003517830.1,CLO1313_RS11340,Cthe_1470
WP_003517832.1,CLO1313_RS11330,Cthe_1467
WP_003517834.1,CLO1313_RS11325,Cthe_1466
WP_003517839.1,CLO1313_RS11310,Cthe_1463
WP_003517840.1,CLO1313_RS11305,Cthe_1462
WP_003517862.1,CLO1313_RS10825,Cthe_0096
WP_003517864.1,CLO1313_RS10820,Cthe_0097
WP_003517868.1,CLO1313_RS10735,Cthe_0112
WP_003517869.1,CLO1313_RS10730,Cthe_0113
WP_003517870.1,CLO1313_RS10680,Cthe_0123
WP_003517873.1,CLO1313_RS10655,Cthe_0129
WP_003517875.1,CLO1313_RS10645,Cthe_0131
WP_003517880.1,CLO1313_RS10610,Cthe_0138
WP_003517888.1,CLO1313_RS09005,Cthe_0439
WP_003517891.1,CLO1313_RS09000,Cthe_0440
WP_003517897.1,CLO1313_RS08985,Cthe_0443
WP_003517900.1,CLO1313_RS08980,Cthe_0444
WP_003517903.1,CLO1313_RS08975,Cthe_0445
WP_003517906.1,CLO1313_RS08970,Cthe_0446
WP_003517908.1,CLO1313_RS08965,Cthe_0447
WP_003517911.1,CLO1313_RS08960,Cthe_0448
WP_003517913.1,CLO1313_RS08955,Cthe_0449
WP_003517916.1,CLO1313_RS08950,Cthe_0450
WP_003517918.1,CLO1313_RS08945,Cthe_0451
WP_003517923.1,CLO1313_RS08935,Cthe_0453
WP_003517925.1,CLO1313_RS08930,Cthe_0454
WP_003517935.1,CLO1313_RS08910,Cthe_0458
WP_003517936.1,CLO1313_RS08905,Cthe_0459
WP_003517938.1,CLO1313_RS08900,Cthe_0460
WP_003517940.1,CLO1313_RS08895,Cthe_0461
WP_003517944.1,CLO1313_RS08885,Cthe_0463
WP_003517946.1,CLO1313_RS08880,Cthe_0464
WP_003517950.1,CLO1313_RS08870,Cthe_0466
WP_003517951.1,CLO1313_RS08865,Cthe_0467
WP_003517953.1,CLO1313_RS08860,Cthe_0468
WP_003517955.1,CLO1313_RS08855,Cthe_0469
WP_003517957.1,CLO1313_RS08850,Cthe_0470
WP_003517963.1,CLO1313_RS08835,Cthe_0473
WP_003517965.1,CLO1313_RS08830,Cthe_0474
WP_003517969.1,CLO1313_RS08820,Cthe_0476
WP_003517971.1,CLO1313_RS08815,Cthe_0477
WP_003517974.1,CLO1313_RS08805,Cthe_0479
WP_003517976.1,CLO1313_RS08800,Cthe_0480
WP_003517978.1,CLO1313_RS08795,Cthe_0481
WP_003517979.1,CLO1313_RS08790,Cthe_0482
WP_003517981.1,CLO1313_RS08785,Cthe_0483
WP_003517982.1,CLO1313_RS08780,Cthe_0484
WP_003517983.1,CLO1313_RS08775,Cthe_0485
WP_003517984.1,CLO1313_RS08770,Cthe_0486
WP_003517986.1,CLO1313_RS08760,Cthe_0488
WP_003517987.1,CLO1313_RS08755,Cthe_0489
WP_003517991.1,CLO1313_RS08735,Cthe_0493
WP_003517992.1,CLO1313_RS08730,Cthe_0494
WP_003517994.1,CLO1313_RS08720,Cthe_0498
WP_003517995.1,CLO1313_RS08715,Cthe_0499
WP_003517996.1,CLO1313_RS08710,Cthe_0500
WP_003518002.1,CLO1313_RS08685,Cthe_0505
WP_003518003.1,CLO1313_RS08680,Cthe_0506
WP_003518004.1,CLO1313_RS08675,Cthe_0507
WP_003518005.1,CLO1313_RS08670,Cthe_0508
WP_003518007.1,CLO1313_RS08660,Cthe_0509
WP_003518008.1,CLO1313_RS08655,Cthe_0511
WP_003518029.1,CLO1313_RS10550,Cthe_0150
WP_003518031.1,CLO1313_RS10540,Cthe_0152
WP_003518049.1,CLO1313_RS10490,Cthe_0163
WP_003518067.1,CLO1313_RS10365,Cthe_0187
WP_003518069.1,CLO1313_RS10355,Cthe_0189
WP_003518070.1,CLO1313_RS10345,Cthe_0191
WP_003518072.1,CLO1313_RS10330,Cthe_0193
WP_003518077.1,CLO1313_RS10265,Cthe_0206
WP_003518083.1,CLO1313_RS10245,Cthe_0209
WP_003518120.1,CLO1313_RS15290,Cthe_2346
WP_003518136.1,CLO1313_RS15175,Cthe_2313
WP_003518139.1,CLO1313_RS15130,Cthe_2306
WP_003518145.1,CLO1313_RS15095,Cthe_2299
WP_003518160.1,CLO1313_RS10015,Cthe_0249
WP_003518163.1,CLO1313_RS09980,Cthe_0256
WP_003518165.1,CLO1313_RS09975,Cthe_0257
WP_003518171.1,CLO1313_RS09910,Cthe_0270
WP_003518173.1,CLO1313_RS09900,Cthe_0272
WP_003518175.1,CLO1313_RS09890,Cthe_0274
WP_003518177.1,CLO1313_RS09885,Cthe_0275
WP_003518182.1,CLO1313_RS09845,Cthe_0284
WP_003518218.1,CLO1313_RS04480,Cthe_1375
WP_003518220.1,CLO1313_RS04475,Cthe_1376
WP_003518229.1,CLO1313_RS04455,Cthe_1380
WP_003518235.1,CLO1313_RS04440,Cthe_1383
WP_003518237.1,CLO1313_RS04435,Cthe_1384
WP_003518239.1,CLO1313_RS04430,Cthe_1385
WP_003518240.1,CLO1313_RS04425,Cthe_1386
WP_003518242.1,CLO1313_RS04420,Cthe_1387
WP_003518251.1,CLO1313_RS04395,Cthe_1391
WP_003518263.1,CLO1313_RS04380,Cthe_1396
WP_003518265.1,CLO1313_RS04375,Cthe_1397
WP_003518268.1,CLO1313_RS04370,Cthe_1398
WP_003518270.1,CLO1313_RS04365,Cthe_1399
WP_003518272.1,CLO1313_RS04360,Cthe_1400
WP_003518280.1,CLO1313_RS04355,Cthe_1401
WP_003518283.1,CLO1313_RS04350,Cthe_1402
WP_003518285.1,CLO1313_RS04345,Cthe_1403
WP_003518298.1,CLO1313_RS04320,Cthe_1408
WP_003518303.1,CLO1313_RS04305,Cthe_1411
WP_003518307.1,CLO1313_RS04295,Cthe_1413
WP_003518310.1,CLO1313_RS04290,Cthe_1414
WP_003518311.1,CLO1313_RS04285,Cthe_1415
WP_003518315.1,CLO1313_RS04275,Cthe_1419
WP_003518316.1,CLO1313_RS04270,Cthe_1420
WP_003518318.1,CLO1313_RS04265,Cthe_1421
WP_003518337.1,CLO1313_RS00735,Cthe_2555
WP_003518341.1,CLO1313_RS00715,Cthe_2551
WP_003518346.1,CLO1313_RS00705,Cthe_2549
WP_003518355.1,CLO1313_RS00665,Cthe_2543
WP_003518357.1,CLO1313_RS00635,Cthe_2537
WP_003518358.1,CLO1313_RS00615,Cthe_2533
WP_003518359.1,CLO1313_RS00580,Cthe_2526
WP_003518360.1,CLO1313_RS00570,Cthe_2524
WP_003518362.1,CLO1313_RS00500,Cthe_2510
WP_003518381.1,CLO1313_RS11090,Cthe_0043
WP_003518392.1,CLO1313_RS11050,Cthe_0051
WP_003518396.1,CLO1313_RS11035,Cthe_0054
WP_003518398.1,CLO1313_RS11030,Cthe_0055
WP_003518401.1,CLO1313_RS11010,Cthe_0059
WP_003518405.1,CLO1313_RS10995,Cthe_0062
WP_003518407.1,CLO1313_RS10985,Cthe_0064
WP_003518450.1,CLO1313_RS13260,Cthe_1940
WP_003518452.1,CLO1313_RS13255,Cthe_1939
WP_003518456.1,CLO1313_RS15030,Cthe_2284
WP_003518457.1,CLO1313_RS15025,Cthe_2283
WP_003518460.1,CLO1313_RS15000,Cthe_2278
WP_003518468.1,CLO1313_RS14970,Cthe_2273
WP_003518481.1,CLO1313_RS14915,Cthe_2262
WP_003518486.1,CLO1313_RS14860,Cthe_2251
WP_003518494.1,CLO1313_RS14820,Cthe_2243
WP_003518549.1,CLO1313_RS02365,Cthe_2924
WP_003518575.1,CLO1313_RS06575,Cthe_0922
WP_003518577.1,CLO1313_RS06570,Cthe_0923
WP_003518579.1,CLO1313_RS06565,Cthe_0924
WP_003518584.1,CLO1313_RS06555,Cthe_0926
WP_003518588.1,CLO1313_RS06545,Cthe_0928
WP_003518590.1,CLO1313_RS06540,Cthe_0929
WP_003518592.1,CLO1313_RS06535,Cthe_0930
WP_003518593.1,CLO1313_RS06530,Cthe_0931
WP_003518595.1,CLO1313_RS06525,Cthe_0932
WP_003518597.1,CLO1313_RS06520,Cthe_0933
WP_003518601.1,CLO1313_RS06515,Cthe_0934
WP_003518603.1,CLO1313_RS06510,Cthe_0935
WP_003518605.1,CLO1313_RS06505,Cthe_0936
WP_003518607.1,CLO1313_RS06500,Cthe_0937
WP_003518610.1,CLO1313_RS06490,Cthe_0939
WP_003518614.1,CLO1313_RS06480,Cthe_0941
WP_003518616.1,CLO1313_RS06475,Cthe_0942
WP_003518618.1,CLO1313_RS06470,Cthe_0943
WP_003518624.1,CLO1313_RS06455,Cthe_0946
WP_003518626.1,CLO1313_RS06450,Cthe_0947
WP_003518631.1,CLO1313_RS06440,Cthe_0949
WP_003518633.1,CLO1313_RS06435,Cthe_0950
WP_003518635.1,CLO1313_RS06430,Cthe_0951
WP_003518637.1,CLO1313_RS06425,Cthe_0952
WP_003518639.1,CLO1313_RS06420,Cthe_0953
WP_003518641.1,CLO1313_RS06415,Cthe_3332
WP_003518642.1,CLO1313_RS06410,Cthe_0954
WP_003518645.1,CLO1313_RS06405,Cthe_0955
WP_003518647.1,CLO1313_RS06400,Cthe_0956
WP_003518649.1,CLO1313_RS06395,Cthe_0957
WP_003518652.1,CLO1313_RS06385,Cthe_0959
WP_003518656.1,CLO1313_RS06375,Cthe_0961
WP_003518658.1,CLO1313_RS06370,Cthe_0962
WP_003518660.1,CLO1313_RS06365,Cthe_0963
WP_003518661.1,CLO1313_RS06360,Cthe_0964
WP_003518662.1,CLO1313_RS06355,Cthe_0965
WP_003518663.1,CLO1313_RS06350,Cthe_0966
WP_003518664.1,CLO1313_RS06340,Cthe_0968
WP_003518671.1,CLO1313_RS09300,Cthe_0381
WP_003518674.1,CLO1313_RS09280,Cthe_0384
WP_003518679.1,CLO1313_RS09230,Cthe_0396
WP_003518684.1,CLO1313_RS09200,Cthe_0402
WP_003518700.1,CLO1313_RS07180,Cthe_0802
WP_003518702.1,CLO1313_RS07175,Cthe_0803
WP_003518704.1,CLO1313_RS07170,Cthe_0804
WP_003518706.1,CLO1313_RS07165,Cthe_0805
WP_003518707.1,CLO1313_RS07160,Cthe_0806
WP_003518709.1,CLO1313_RS07155,Cthe_0807
WP_003518711.1,CLO1313_RS07150,Cthe_0808
WP_003518712.1,CLO1313_RS07145,Cthe_0809
WP_003518718.1,CLO1313_RS07130,Cthe_0812
WP_003518724.1,CLO1313_RS07115,Cthe_0815
WP_003518725.1,CLO1313_RS07110,Cthe_0816
WP_003518728.1,CLO1313_RS07100,Cthe_0818
WP_003518730.1,CLO1313_RS07095,Cthe_0819
WP_003518741.1,CLO1313_RS07065,Cthe_0826
WP_003518743.1,CLO1313_RS07060,Cthe_0827
WP_003518745.1,CLO1313_RS07055,Cthe_0828
WP_003518747.1,CLO1313_RS07050,Cthe_0829
WP_003518749.1,CLO1313_RS07045,Cthe_0830
WP_003518753.1,CLO1313_RS07035,Cthe_0832
WP_003518755.1,CLO1313_RS07030,Cthe_0833
WP_003518757.1,CLO1313_RS07025,Cthe_0834
WP_003518759.1,CLO1313_RS07020,Cthe_0835
WP_003518761.1,CLO1313_RS07015,Cthe_0836
WP_003518763.1,CLO1313_RS07010,Cthe_0837
WP_003518765.1,CLO1313_RS07005,Cthe_0838
WP_003518767.1,CLO1313_RS07000,Cthe_0839
WP_003518769.1,CLO1313_RS06995,Cthe_0840
WP_003518771.1,CLO1313_RS06990,Cthe_0841
WP_003518773.1,CLO1313_RS06985,Cthe_0842
WP_003518775.1,CLO1313_RS06980,Cthe_0843
WP_003518777.1,CLO1313_RS06975,Cthe_0844
WP_003518779.1,CLO1313_RS06970,Cthe_0845
WP_003518803.1,CLO1313_RS02140,Cthe_2883
WP_003518813.1,CLO1313_RS02055,Cthe_2819
WP_003518842.1,CLO1313_RS05405,Cthe_1195
WP_003518853.1,CLO1313_RS05385,Cthe_1199
WP_003518855.1,CLO1313_RS05380,Cthe_1200
WP_003518858.1,CLO1313_RS05375,Cthe_1201
WP_003518863.1,CLO1313_RS05365,Cthe_1203
WP_003518865.1,CLO1313_RS05360,Cthe_1204
WP_003518866.1,CLO1313_RS05355,Cthe_1205
WP_003518868.1,CLO1313_RS05350,Cthe_1207
WP_003518869.1,CLO1313_RS15800,Cthe_3346
WP_003518870.1,CLO1313_RS05345,Cthe_1208
WP_003518874.1,CLO1313_RS05335,Cthe_1210
WP_003518875.1,CLO1313_RS05330,Cthe_1211
WP_003518879.1,CLO1313_RS05315,Cthe_1214
WP_003518881.1,CLO1313_RS05310,Cthe_1215
WP_003518883.1,CLO1313_RS05305,Cthe_1216
WP_003518885.1,CLO1313_RS05300,Cthe_1217
WP_003518887.1,CLO1313_RS05295,Cthe_1218
WP_003518891.1,CLO1313_RS05285,Cthe_1220
WP_003518897.1,CLO1313_RS05270,Cthe_1223
WP_003518898.1,CLO1313_RS05265,Cthe_1224
WP_003518900.1,CLO1313_RS05255,Cthe_1226
WP_003518901.1,CLO1313_RS05250,Cthe_1227
WP_003518906.1,CLO1313_RS12960,Cthe_1860
WP_003518909.1,CLO1313_RS12930,Cthe_1854
WP_003518917.1,CLO1313_RS12840,Cthe_1841
WP_003518961.1,CLO1313_RS11140,Cthe_0035
WP_003518979.1,CLO1313_RS14670,Cthe_2214
WP_003518982.1,CLO1313_RS14640,Cthe_2208
WP_003519014.1,CLO1313_RS10025,Cthe_0247
WP_003519029.1,CLO1313_RS09135,Cthe_0415
WP_003519031.1,CLO1313_RS09125,Cthe_0417
WP_003519033.1,CLO1313_RS09115,Cthe_0419
WP_003519034.1,CLO1313_RS09110,Cthe_0420
WP_003519036.1,CLO1313_RS09105,Cthe_0421
WP_003519039.1,CLO1313_RS09095,Cthe_0423
WP_003519055.1,CLO1313_RS09085,Cthe_0425
WP_003519056.1,CLO1313_RS09080,Cthe_0426
WP_003519058.1,CLO1313_RS09070,Cthe_0428
WP_003519059.1,CLO1313_RS09065,Cthe_0429
WP_003519061.1,CLO1313_RS09060,Cthe_0430
WP_003519067.1,CLO1313_RS09055,Cthe_0431
WP_003519072.1,CLO1313_RS09045,Cthe_0433
WP_003519073.1,CLO1313_RS09040,Cthe_0434
WP_003519074.1,CLO1313_RS09035,Cthe_0435
WP_003519075.1,CLO1313_RS09030,Cthe_0436
WP_003519077.1,CLO1313_RS09020,Cthe_0438
WP_003519087.1,CLO1313_RS09570,Cthe_0330
WP_003519089.1,CLO1313_RS09560,Cthe_0332
WP_003519094.1,CLO1313_RS09530,Cthe_0338
WP_003519098.1,CLO1313_RS09495,Cthe_0345
WP_003519104.1,CLO1313_RS05240,Cthe_1228
WP_003519106.1,CLO1313_RS05235,Cthe_1229
WP_003519108.1,CLO1313_RS05230,Cthe_1230
WP_003519111.1,CLO1313_RS05225,Cthe_1231
WP_003519126.1,CLO1313_RS05595,Cthe_1110
WP_003519130.1,CLO1313_RS05585,Cthe_1112
WP_003519132.1,CLO1313_RS05580,Cthe_1162
WP_003519133.1,CLO1313_RS05575,Cthe_1163
WP_003519140.1,CLO1313_RS05560,Cthe_1166
WP_003519142.1,CLO1313_RS05555,Cthe_1167
WP_003519146.1,CLO1313_RS05545,Cthe_1169
WP_003519149.1,CLO1313_RS05540,Cthe_1170
WP_003519151.1,CLO1313_RS05535,Cthe_1171
WP_003519155.1,CLO1313_RS05530,Cthe_1172
WP_003519166.1,CLO1313_RS05515,Cthe_1175
WP_003519167.1,CLO1313_RS05510,Cthe_1176
WP_003519168.1,CLO1313_RS05505,Cthe_1177
WP_003519170.1,CLO1313_RS05500,Cthe_1178
WP_003519171.1,CLO1313_RS05495,Cthe_1179
WP_003519182.1,CLO1313_RS04195,Cthe_1434
WP_003519185.1,CLO1313_RS04190,Cthe_1435
WP_003519189.1,CLO1313_RS04175,Cthe_1438
WP_003519190.1,CLO1313_RS04170,Cthe_1439
WP_003519198.1,CLO1313_RS04150,Cthe_1443
WP_003519199.1,CLO1313_RS04145,Cthe_1444
WP_003519202.1,CLO1313_RS04140,Cthe_1445
WP_003519204.1,CLO1313_RS04135,Cthe_1446
WP_003519206.1,CLO1313_RS04130,Cthe_1447
WP_003519208.1,CLO1313_RS04125,Cthe_1448
WP_003519210.1,CLO1313_RS04120,Cthe_1449
WP_003519219.1,CLO1313_RS04115,Cthe_1450
WP_003519231.1,CLO1313_RS04095,Cthe_1454
WP_003519233.1,CLO1313_RS04090,Cthe_1455
WP_003519238.1,CLO1313_RS04080,Cthe_1457
WP_003519241.1,CLO1313_RS04075,Cthe_1458
WP_003519284.1,CLO1313_RS09765,Cthe_0296
WP_003519322.1,CLO1313_RS13180,Cthe_1922
WP_003519333.1,CLO1313_RS09655,Cthe_0318
WP_003519336.1,CLO1313_RS09635,Cthe_0322
WP_003519349.1,CLO1313_RS03160,Cthe_3066
WP_003519351.1,CLO1313_RS03150,Cthe_3064
WP_003519369.1,CLO1313_RS03275,Cthe_3090
WP_003519375.1,CLO1313_RS03220,Cthe_3079
WP_003519385.1,CLO1313_RS04525,Cthe_1369
WP_003519389.1,CLO1313_RS04515,Cthe_1370
WP_003519391.1,CLO1313_RS04510,Cthe_1371
WP_003519398.1,CLO1313_RS04495,Cthe_1372
WP_003519419.1,CLO1313_RS02635,Cthe_2966
WP_003519421.1,CLO1313_RS02620,Cthe_2963
WP_003519428.1,CLO1313_RS05490,Cthe_1180
WP_003519429.1,CLO1313_RS05485,Cthe_1181
WP_003519431.1,CLO1313_RS05475,Cthe_1183
WP_003519432.1,CLO1313_RS05470,Cthe_1184
WP_003519433.1,CLO1313_RS05465,Cthe_1185
WP_003519434.1,CLO1313_RS05460,Cthe_1186
WP_003519435.1,CLO1313_RS05455,Cthe_1187
WP_003519437.1,CLO1313_RS05445,Cthe_1189
WP_003519438.1,CLO1313_RS05440,Cthe_1190
WP_003519439.1,CLO1313_RS05435,Cthe_1191
WP_003519458.1,CLO1313_RS04245,Cthe_1424
WP_003519460.1,CLO1313_RS04235,Cthe_1426
WP_003519461.1,CLO1313_RS04230,Cthe_1427
WP_003519462.1,CLO1313_RS04225,Cthe_1428
WP_003519463.1,CLO1313_RS04220,Cthe_1429
WP_003519464.1,CLO1313_RS04215,Cthe_1430
WP_003519474.1,CLO1313_RS04020,Cthe_3231
WP_003519502.1,CLO1313_RS13030,Cthe_1893
WP_003519503.1,CLO1313_RS13035,Cthe_1894
WP_003519663.1,CLO1313_RS07195,Cthe_0799
WP_003519665.1,CLO1313_RS07190,Cthe_0800
WP_003519693.1,CLO1313_RS12775,Cthe_3229
WP_003519966.1,CLO1313_RS00325,Cthe_2430
WP_003519973.1,CLO1313_RS00165,Cthe_2400
WP_003520172.1,CLO1313_RS04405,Cthe_1389
WP_003520176.1,CLO1313_RS04415,Cthe_1388
WP_003520182.1,CLO1313_RS04470,Cthe_1377
WP_003520198.1,CLO1313_RS05260,Cthe_1225
WP_003520229.1,CLO1313_RS14195,Cthe_2138
WP_003520265.1,CLO1313_RS08365,Cthe_0581
WP_003520277.1,CLO1313_RS08635,Cthe_0528
WP_003520339.1,CLO1313_RS08990,Cthe_0442
WP_003520349.1,CLO1313_RS08700,Cthe_0502
WP_003520369.1,CLO1313_RS06460,Cthe_0945
WP_003520526.1,CLO1313_RS04545,Cthe_1366
WP_003520530.1,CLO1313_RS04605,Cthe_1354
WP_003520546.1,CLO1313_RS04895,Cthe_1300
WP_003520552.1,CLO1313_RS04955,Cthe_1288
WP_003520557.1,CLO1313_RS04985,Cthe_1282
WP_003520620.1,CLO1313_RS11195,Cthe_0025
WP_003520661.1,CLO1313_RS12415,Cthe_1778
WP_003520797.1,CLO1313_RS10225,Cthe_0212
WP_003520820.1,CLO1313_RS09090,Cthe_0424
WP_003520913.1,CLO1313_RS06830,Cthe_0872
WP_003520919.1,CLO1313_RS06770,Cthe_0885
WP_003520929.1,CLO1313_RS06705,Cthe_0896
WP_003520957.1,CLO1313_RS08210,Cthe_0601
WP_003520966.1,CLO1313_RS08120,Cthe_0619
WP_003520969.1,CLO1313_RS08090,Cthe_0625
WP_003520976.1,CLO1313_RS07925,Cthe_0654
WP_003520978.1,CLO1313_RS07810,Cthe_0675
WP_003520979.1,CLO1313_RS07785,Cthe_0680
WP_003520980.1,CLO1313_RS07780,Cthe_0681
WP_003520983.1,CLO1313_RS07745,Cthe_0688
WP_003520984.1,CLO1313_RS07735,Cthe_0690
WP_003520985.1,CLO1313_RS07705,Cthe_0697
WP_003520986.1,CLO1313_RS15600,Cthe_0714
WP_003521052.1,CLO1313_RS00710,Cthe_2550
WP_003521164.1,CLO1313_RS15630,Cthe_3312
WP_003521200.1,CLO1313_RS04250,Cthe_1423
WP_003521203.1,CLO1313_RS04210,Cthe_1431
WP_003521232.1,CLO1313_RS06135,Cthe_1009
WP_003521254.1,CLO1313_RS05680,Cthe_1095
WP_003521255.1,CLO1313_RS05665,Cthe_1098
WP_003521554.1,CLO1313_RS02205,Cthe_2896
WP_003521649.1,CLO1313_RS14795,Cthe_2238
WP_003521788.1,CLO1313_RS11905,Cthe_1580
WP_003521881.1,CLO1313_RS05520,Cthe_1174
WP_004463183.1,CLO1313_RS08740,Cthe_0492
WP_004463341.1,CLO1313_RS07435,Cthe_0752
WP_004463481.1,CLO1313_RS06090,Cthe_1017
WP_004463666.1,CLO1313_RS05005,Cthe_1278
WP_004463712.1,CLO1313_RS04790,Cthe_1319
WP_004463776.1,CLO1313_RS04485,Cthe_1374
WP_004463784.1,CLO1313_RS04450,Cthe_1381
WP_004463813.1,CLO1313_RS04260,Cthe_1422
WP_004463821.1,CLO1313_RS03435,Cthe_1432
WP_004463821.1,CLO1313_RS04205,Cthe_1432
WP_004463821.1,CLO1313_RS10570,Cthe_1432
WP_004464483.1,CLO1313_RS03120,Cthe_3061
WP_011837782.1,CLO1313_RS10070,Cthe_0238
WP_011837904.1,CLO1313_RS07200,Cthe_0798
WP_011837926.1,CLO1313_RS15595,Cthe_0907
WP_011837932.1,CLO1313_RS06495,Cthe_0938
WP_014522636.1,CLO1313_RS11670,Cthe_1531
WP_014522658.1,CLO1313_RS14450,Cthe_2181
WP_020457866.1,CLO1313_RS00795,Cthe_2567
WP_020458025.1,CLO1313_RS03485,Cthe_3120
WP_037294780.1,CLO1313_RS01490,Cthe_2697
WP_037294838.1,CLO1313_RS07325,Cthe_0774
WP_037295095.1,CLO1313_RS12980,Cthe_1864
WP_037295199.1,CLO1313_RS02095,Cthe_2874
WP_080514902.1,CLO1313_RS08995,Cthe_0441
WP_080514903.1,CLO1313_RS08550,Cthe_0545
WP_080514905.1,CLO1313_RS04925,Cthe_1294
WP_080514932.1,CLO1313_RS03595,Cthe_3143
