Gene,class,feature,centrality_degree,centrality_betweenness,centrality_eigenvector_weighted,color,shape,size,border
YALI0A19470g,case_upregulated,,0.006779661016949152,0.00029592024506029305,2.9391515804127045e-07,darkblue,circle,30,2
YALI0B14102g,case_upregulated,,0.01694915254237288,0.0030791213099760745,1.0273641198926697e-06,darkblue,circle,30,2
YALI0B15125g,case_overexpressed,,0.005084745762711864,0.0,2.697969116701883e-07,lightblue,circle,30,2
YALI0E05599g,case_overexpressed,,0.01694915254237288,0.01531484885902681,5.451570892309051e-07,lightblue,circle,30,2
YALI0A00154g,case_overexpressed,,0.00847457627118644,0.0002693995787719714,8.418005618053385e-09,lightblue,circle,30,2
YALI0E05137g,case_upregulated,,0.00847457627118644,0.018623451742003375,8.226229854254226e-09,darkblue,circle,30,2
YALI0E05247g,case_overexpressed,,0.00847457627118644,1.1510460130643722e-05,8.014678619633583e-09,lightblue,circle,30,2
YALI0E05709g,case_overexpressed,,0.011864406779661017,0.01884253416648997,1.014865895969263e-08,lightblue,circle,30,2
YALI0E19426g,case_overexpressed,,0.010169491525423728,0.003169322979400387,8.899344171950866e-09,lightblue,circle,30,2
YALI0E22088g,case_overexpressed,,0.011864406779661017,0.0051901212846221624,9.00540558359358e-09,lightblue,circle,30,2
YALI0A00330g,control_overexpressed,,0.0,0.0,5.616542264280526e-23,orange,circle,30,2
YALI0A00396g,changed_regulation,,0.006779661016949152,0.00012178415620043202,6.486777045144786e-06,green,circle,30,2
YALI0A04697g,changed_regulation,,0.01694915254237288,0.015206610980065486,1.7705021784192303e-05,green,circle,30,2
YALI0D12969g,changed_regulation,,0.003389830508474576,0.0,2.7644794426845645e-06,green,circle,30,2
YALI0D13024g,changed_regulation,,0.01694915254237288,0.005994780937881484,1.6142670278543137e-05,green,circle,30,2
YALI0F30459g,case_upregulated,,0.01694915254237288,0.0017875064814885004,1.648708924315672e-05,darkblue,circle,30,2
YALI0B05874g,case_overexpressed,,0.015254237288135592,0.00012566428899771828,1.0624916344798023e-05,lightblue,circle,30,2
YALI0B10758g,control_overexpressed,,0.003389830508474576,4.604184052257489e-05,2.0689330417824617e-14,orange,circle,30,2
YALI0C12496g,changed_regulation,,0.011864406779661017,1.9032313930302476e-05,9.061451350854613e-06,green,circle,30,2
YALI0D12232g,case_overexpressed,,0.01694915254237288,4.094329696470642e-05,1.1773495554300136e-05,lightblue,circle,30,2
YALI0D17710g,case_overexpressed,,0.015254237288135592,0.0001498004168430919,1.0274751576480744e-05,lightblue,circle,30,2
YALI0E34067g,case_overexpressed,,0.010169491525423728,6.111506212222737e-06,7.763026903281943e-06,lightblue,circle,30,2
YALI0F07128g,case_overexpressed,,0.006779661016949152,0.00018416736209029956,2.6884839215187596e-06,lightblue,circle,30,2
YALI0F23177g,control_overexpressed,,0.003389830508474576,2.8776150326609305e-05,1.4169554024199433e-14,orange,circle,30,2
YALI0C16863g,case_upregulated,Transcription_Factor,0.005084745762711864,0.0036680465979374837,2.2236824528412e-06,darkblue,roundrectangle,80,15
YALI0D22638g,case_upregulated,,0.01694915254237288,0.009805635495033417,2.0118685558094695e-05,darkblue,circle,30,2
YALI0A01452g,changed_regulation,,0.00847457627118644,0.020966131288556625,8.295850117334146e-07,green,circle,30,2
YALI0D17666g,changed_regulation,,0.010169491525423728,0.0014810752850623076,1.4989222077770184e-06,green,circle,30,2
YALI0E02662g,control_overexpressed,,0.003389830508474576,0.0,2.849469018998067e-07,orange,circle,30,2
YALI0E05841g,changed_regulation,,0.015254237288135592,0.022880017909425,4.529668846691759e-06,green,circle,30,2
YALI0F08987g,changed_regulation,,0.003389830508474576,0.006100543869241173,1.9209849853479585e-08,green,circle,30,2
YALI0F19778g,changed_regulation,,0.006779661016949152,0.008152136340989349,2.4918412141629634e-06,green,circle,30,2
YALI0F23507g,changed_regulation,,0.011864406779661017,0.0034466776130615134,4.098380546295964e-06,green,circle,30,2
YALI0A00847g,control_overexpressed,,0.001694915254237288,0.0,3.7210204703965297e-16,orange,circle,30,2
YALI0C12595g,control_overexpressed,,0.003389830508474576,5.755230065321861e-06,5.262317615102656e-16,orange,circle,30,2
YALI0B02728g,case_overexpressed,,0.013559322033898305,0.0021735663698747355,1.2607922066877295e-06,lightblue,circle,30,2
YALI0F05720g,case_overexpressed,,0.015254237288135592,0.016918339116858045,1.308791919317771e-06,lightblue,circle,30,2
YALI0D25872g,case_upregulated,,0.0,0.0,5.616542264280526e-23,darkblue,circle,30,2
YALI0A01067g,changed_regulation,,0.005084745762711864,0.002480504158153722,3.10468138504932e-10,green,circle,30,2
YALI0C06237g,changed_regulation,,0.005084745762711864,0.004920721705850191,2.436189068239411e-09,green,circle,30,2
YALI0D21010g,changed_regulation,,0.001694915254237288,0.0,3.8659161460597493e-11,green,circle,30,2
YALI0F25289g,changed_regulation,,0.001694915254237288,0.0,3.8659161460597493e-11,green,circle,30,2
YALI0A01089g,control_overexpressed,,0.003389830508474576,3.453138039193117e-05,9.502613175294743e-14,orange,circle,30,2
YALI0E31031g,control_overexpressed,,0.001694915254237288,0.0,3.985802240053416e-14,orange,circle,30,2
YALI0E35046g,control_overexpressed,,0.005084745762711864,8.057322091450605e-05,1.8695034713161958e-13,orange,circle,30,2
YALI0A09438g,control_overexpressed,,0.03220338983050847,0.0023415358003658366,0.18765296855745758,orange,circle,30,2
YALI0B01540g,control_upregulated,,0.01694915254237288,7.05296678069985e-05,0.137948824506153,red,circle,30,2
YALI0B20372g,control_overexpressed,,0.020338983050847456,8.648529174612082e-05,0.13889070575725898,orange,circle,30,2
YALI0D00737g,control_overexpressed,,0.03559322033898305,0.0009782154855733475,0.23949998486406093,orange,circle,30,2
YALI0D05467g,control_overexpressed,,0.011864406779661017,0.0006086598223971072,0.07205991367184074,orange,circle,30,2
YALI0D24585g,control_overexpressed,,0.022033898305084745,0.00027409352238188454,0.16201721834412697,orange,circle,30,2
YALI0E29667g,control_overexpressed,,0.02542372881355932,0.00014679485749757387,0.1887150270269758,orange,circle,30,2
YALI0F21219g,control_overexpressed,,0.00847457627118644,0.0,0.052568916170622405,orange,circle,30,2
YALI0F30987g,control_overexpressed,,0.006779661016949152,0.00013419278102308807,0.03237097302080945,orange,circle,30,2
YALI0B16500g,changed_regulation,,0.00847457627118644,0.030043241981644004,1.5427602392540555e-07,green,circle,30,2
YALI0E06083g,changed_regulation,,0.003389830508474576,0.0004390102623291537,3.1513532191435997e-07,green,circle,30,2
YALI0A01485g,control_overexpressed,,0.0,0.0,5.616542264280526e-23,orange,circle,30,2
YALI0A01782g,case_overexpressed,,0.001694915254237288,0.0,1.5399666708155036e-07,lightblue,circle,30,2
YALI0E32813g,case_overexpressed,,0.015254237288135592,0.002408790611749667,1.0667587512118837e-06,lightblue,circle,30,2
YALI0C09904g,case_upregulated,,0.011864406779661017,0.001423939691730547,9.671711330004593e-07,darkblue,circle,30,2
YALI0D22110g,case_upregulated,,0.00847457627118644,0.0008999575956641958,6.254042584033062e-07,darkblue,circle,30,2
YALI0E21604g,case_upregulated,,0.01694915254237288,0.002947807281205226,1.5317640991970868e-06,darkblue,circle,30,2
YALI0F09273g,case_overexpressed,,0.011864406779661017,0.007059266632148172,1.1249345110326126e-06,lightblue,circle,30,2
YALI0A02288g,changed_regulation,,0.001694915254237288,0.0,3.7210204703965297e-16,green,circle,30,2
YALI0C02409g,case_upregulated,,0.003389830508474576,5.755230065321861e-06,5.262317615102656e-16,darkblue,circle,30,2
YALI0C13750g,changed_regulation,Transcription_Factor,0.0,0.0,5.616542264280526e-23,green,roundrectangle,80,15
YALI0D24830g,case_overexpressed,,0.0,0.0,5.616542264280526e-23,lightblue,circle,30,2
YALI0B01738g,case_overexpressed,,0.003389830508474576,0.0024747489280884,1.1662433015026145e-10,lightblue,circle,30,2
YALI0E05621g,case_overexpressed,,0.003389830508474576,0.004903456015654226,7.490131385664752e-09,lightblue,circle,30,2
YALI0E32703g,case_overexpressed,,0.005084745762711864,0.0,5.205432606167579e-09,lightblue,circle,30,2
YALI0F19844g,case_overexpressed,,0.003389830508474576,0.003694857701936635,9.330054354268011e-10,lightblue,circle,30,2
YALI0D00132g,case_upregulated,,0.0,0.0,5.616542264280526e-23,darkblue,circle,30,2
YALI0A02431g,control_overexpressed,,0.003389830508474576,5.755230065321861e-06,5.262317615102656e-16,orange,circle,30,2
YALI0A20482g,control_overexpressed,,0.001694915254237288,0.0,3.7210204703965297e-16,orange,circle,30,2
YALI0F30789g,control_overexpressed,,0.001694915254237288,0.0,3.7210204703965297e-16,orange,circle,30,2
YALI0A02607g,control_overexpressed,,0.001694915254237288,0.0,1.617603590501245e-09,orange,circle,30,2
YALI0C21516g,control_overexpressed,,0.003389830508474576,0.00013237029150240282,1.0780237931001203e-08,orange,circle,30,2
YALI0A02651g,control_overexpressed,,0.0288135593220339,0.00021046837412899103,0.24230558288482074,orange,circle,30,2
YALI0A02915g,control_overexpressed,,0.020338983050847456,6.958458522895318e-05,0.17640711194108638,orange,circle,30,2
YALI0A17946g,control_overexpressed,,0.023728813559322035,0.0005071961687560781,0.1950407452410355,orange,circle,30,2
YALI0A20680g,control_overexpressed,,0.022033898305084745,4.3412703919255015e-05,0.18778103513527294,orange,circle,30,2
YALI0B00792g,control_overexpressed,,0.0288135593220339,0.0001839591680636291,0.23507451390530465,orange,circle,30,2
YALI0B14861g,control_overexpressed,,0.030508474576271184,0.00019985254296908854,0.2598695959984186,orange,circle,30,2
YALI0D04939g,control_overexpressed,,0.023728813559322035,3.731188921255763e-05,0.21440296670908598,orange,circle,30,2
YALI0D07216g,control_overexpressed,,0.03389830508474576,0.0031445646364503315,0.25673600253149065,orange,circle,30,2
YALI0D19030g,control_overexpressed,,0.022033898305084745,4.3412703919255015e-05,0.18778103513527292,orange,circle,30,2
YALI0E23089g,control_overexpressed,,0.03559322033898305,0.0003452882078058028,0.2811278248019514,orange,circle,30,2
YALI0E23749g,control_overexpressed,,0.03728813559322034,0.0004968925008854215,0.2917865593823071,orange,circle,30,2
YALI0E28424g,control_overexpressed,,0.011864406779661017,7.194037581652326e-07,0.09906586764204725,orange,circle,30,2
YALI0F00924g,control_overexpressed,,0.0288135593220339,0.002841083092292526,0.19965415248363536,orange,circle,30,2
YALI0F02123g,control_overexpressed,,0.02542372881355932,0.00025260889203925857,0.20431172328906674,orange,circle,30,2
YALI0F06061g,control_overexpressed,,0.022033898305084745,4.3412703919255015e-05,0.18778103513527294,orange,circle,30,2
YALI0A02673g,control_overexpressed,,0.0,0.0,5.616542264280526e-23,orange,circle,30,2
YALI0E34947g,changed_regulation,,0.005084745762711864,0.0,2.07139858950844e-06,green,circle,30,2
YALI0A14784g,control_overexpressed,,0.015254237288135592,2.238905234502483e-05,0.09660348461887384,orange,circle,30,2
YALI0F03388g,changed_regulation,Transcription_Factor,0.001694915254237288,0.0,1.5620341150574365e-07,green,roundrectangle,80,15
YALI0A03641g,control_overexpressed,,0.001694915254237288,0.0,3.7210204703965297e-16,orange,circle,30,2
YALI0A05995g,control_overexpressed,,0.003389830508474576,5.755230065321861e-06,5.262317615102656e-16,orange,circle,30,2
YALI0B11770g,control_upregulated,,0.006779661016949152,0.0027738290504829614,0.00019063754705244377,red,circle,30,2
YALI0D04763g,control_upregulated,,0.006779661016949152,0.00045485501616260434,2.8821715533747957e-06,red,circle,30,2
YALI0D19954g,control_overexpressed,,0.010169491525423728,0.00036775920117406693,2.387667550916811e-06,orange,circle,30,2
YALI0E06545g,control_upregulated,,0.005084745762711864,0.0022272740352795597,0.00018980123576663253,red,circle,30,2
YALI0F01991g,control_upregulated,,0.003389830508474576,0.00021294351241690895,1.3146229894023617e-05,red,circle,30,2
YALI0F14245g,control_upregulated,,0.011864406779661017,0.0044110001630648515,2.667107906742687e-05,red,circle,30,2
YALI0F14377g,control_upregulated,,0.00847457627118644,0.005606323245527872,0.0025767931798637784,red,circle,30,2
YALI0A03817g,control_overexpressed,,0.0,0.0,5.616542264280526e-23,orange,circle,30,2
YALI0B12628g,control_upregulated,,0.011864406779661017,0.006879741095617349,0.03395362675630002,red,circle,30,2
YALI0D17600g,control_upregulated,,0.005084745762711864,0.00044890794509510517,0.0032413700319240163,red,circle,30,2
YALI0E11363g,control_upregulated,,0.001694915254237288,0.0,0.00017013705492970838,red,circle,30,2
YALI0A19668g,changed_regulation,,0.006779661016949152,0.01361773936764933,2.271029033254356e-06,green,circle,30,2
YALI0C13244g,case_upregulated,,0.01864406779661017,0.014669383785980386,2.0165278340366398e-05,darkblue,circle,30,2
YALI0E05203g,changed_regulation,,0.00847457627118644,0.007706546204879726,4.842251285562005e-06,green,circle,30,2
YALI0E19272g,changed_regulation,,0.015254237288135592,0.001254635553472515,1.9114111997215698e-05,green,circle,30,2
YALI0E20163g,changed_regulation,,0.01694915254237288,0.002082003521962112,1.9488252130433526e-05,green,circle,30,2
YALI0E27896g,changed_regulation,,0.02542372881355932,0.04185666257573368,1.980711807991745e-05,green,circle,30,2
YALI0C03443g,changed_regulation,,0.003389830508474576,0.040192861868704674,1.423265584632566e-07,green,circle,30,2
YALI0D24816g,case_upregulated,,0.003389830508474576,0.03984349199788219,1.9951570911269104e-08,darkblue,circle,30,2
YALI0E34441g,case_upregulated,,0.003389830508474576,0.0,1.290746517972097e-07,darkblue,circle,30,2
YALI0A17020g,case_overexpressed,,0.006779661016949152,0.025163749999950028,2.061622040190703e-08,lightblue,circle,30,2
YALI0E28237g,case_upregulated,,0.003389830508474576,0.001243129694109522,8.052951944876582e-08,darkblue,circle,30,2
YALI0F16709g,changed_regulation,,0.0,0.0,5.616542264280526e-23,green,circle,30,2
YALI0C09350g,control_overexpressed,,0.0,0.0,5.616542264280526e-23,orange,circle,30,2
YALI0F09295g,control_upregulated,,0.003389830508474576,0.00016572111188093455,0.001095022094949699,red,circle,30,2
YALI0C19151g,changed_regulation,Transcription_Factor,0.003389830508474576,0.001243129694109522,5.977037110229843e-08,green,roundrectangle,80,15
YALI0E32417g,changed_regulation,Transcription_Factor,0.005084745762711864,0.0,4.6613316759819146e-07,green,roundrectangle,80,15
YALI0F20262g,control_overexpressed,,0.001694915254237288,0.0,3.7210204703965297e-16,orange,circle,30,2
YALI0A06633g,case_overexpressed,,0.0,0.0,5.616542264280526e-23,lightblue,circle,30,2
YALI0A06787g,case_overexpressed,,0.006779661016949152,0.0037613819680674563,4.711805736153683e-09,lightblue,circle,30,2
YALI0C09460g,case_upregulated,,0.005084745762711864,0.002184615097593213,4.301155672446354e-09,darkblue,circle,30,2
YALI0D06303g,case_upregulated,,0.00847457627118644,0.018477404516879282,1.786722706983263e-08,darkblue,circle,30,2
YALI0E17017g,case_overexpressed,,0.003389830508474576,0.0016662721533236744,8.981926852161388e-09,lightblue,circle,30,2
YALI0E17677g,case_upregulated,,0.001694915254237288,0.0,7.031070283443251e-10,darkblue,circle,30,2
YALI0B14509g,case_overexpressed,,0.003389830508474576,0.0,1.556097586939691e-07,lightblue,circle,30,2
YALI0F04125g,case_overexpressed,,0.0,0.0,5.616542264280526e-23,lightblue,circle,30,2
YALI0D18964g,case_overexpressed,,0.003389830508474576,0.0007888955217405497,3.643649648580428e-08,lightblue,circle,30,2
YALI0D20592g,control_upregulated,,0.00847457627118644,0.0011913326235216252,3.1217244091432673e-07,red,circle,30,2
YALI0F12837g,case_upregulated,,0.003389830508474576,0.0,4.192714464385426e-08,darkblue,circle,30,2
YALI0C12661g,case_overexpressed,,0.010169491525423728,0.0052750445625470675,4.5261693006920055e-07,lightblue,circle,30,2
YALI0A09086g,case_overexpressed,,0.003389830508474576,0.0,3.8095763525576164e-07,lightblue,circle,30,2
YALI0C06864g,case_overexpressed,,0.003389830508474576,0.0,3.8095763525576164e-07,lightblue,circle,30,2
YALI0B20658g,control_upregulated,,0.010169491525423728,0.00037343287695835905,0.059178579733154726,red,circle,30,2
YALI0D24970g,control_overexpressed,,0.00847457627118644,0.0007182346765503443,0.025359380394802216,orange,circle,30,2
YALI0E06215g,control_upregulated,,0.00847457627118644,0.0008437568986782599,0.01880453480816711,red,circle,30,2
YALI0F20504g,control_overexpressed,,0.00847457627118644,0.000819910172734552,0.04498583258695925,orange,circle,30,2
YALI0A09746g,control_overexpressed,,0.0,0.0,5.616542264280526e-23,orange,circle,30,2
YALI0C21043g,case_overexpressed,,0.013559322033898305,0.0031770144428553203,1.0266303123210057e-06,lightblue,circle,30,2
YALI0A09812g,case_upregulated,,0.0,0.0,5.616542264280526e-23,darkblue,circle,30,2
YALI0D11066g,case_overexpressed,,0.0,0.0,5.616542264280526e-23,lightblue,circle,30,2
YALI0E15125g,case_overexpressed,,0.006779661016949152,0.0010549035723173756,3.884916525338402e-07,lightblue,circle,30,2
YALI0F09625g,control_overexpressed,,0.0,0.0,5.616542264280526e-23,orange,circle,30,2
YALI0D15818g,changed_regulation,,0.0,0.0,5.616542264280526e-23,green,circle,30,2
YALI0C01969g,control_overexpressed,,0.003389830508474576,2.516771242851069e-05,0.004402330581377775,orange,circle,30,2
YALI0F20196g,control_upregulated,,0.006779661016949152,0.0004256520240611572,0.03243674061647535,red,circle,30,2
YALI0F30011g,control_overexpressed,,0.001694915254237288,0.0,1.9617129596540803e-07,orange,circle,30,2
YALI0E26653g,case_overexpressed,,0.001694915254237288,0.0,1.472342855327554e-17,lightblue,circle,30,2
YALI0E34243g,changed_regulation,,0.001694915254237288,0.0,4.149850457752128e-09,green,circle,30,2
YALI0A10681g,case_overexpressed,,0.011864406779661017,3.487816989586723e-05,7.296570569611749e-06,lightblue,circle,30,2
YALI0A19646g,case_overexpressed,,0.020338983050847456,6.814782677347784e-05,1.3749827198039553e-05,lightblue,circle,30,2
YALI0D08118g,changed_regulation,,0.003389830508474576,0.0,2.221620047066951e-06,green,circle,30,2
YALI0D26015g,case_overexpressed,,0.006779661016949152,6.015585711134041e-06,5.3486050666974294e-06,lightblue,circle,30,2
YALI0E00792g,case_overexpressed,,0.013559322033898305,2.0288767087420364e-05,1.0169508623513963e-05,lightblue,circle,30,2
YALI0E16973g,case_overexpressed,Transcription_Factor,0.01694915254237288,0.00011636843296363884,1.0603410566931537e-05,lightblue,roundrectangle,80,15
YALI0F13805g,case_overexpressed,,0.011864406779661017,1.0829529980058023e-05,8.933746376554854e-06,lightblue,circle,30,2
YALI0A10747g,changed_regulation,,0.001694915254237288,0.0,1.397094748043637e-07,green,circle,30,2
YALI0E04224g,case_overexpressed,,0.003389830508474576,0.0012431296941095217,1.5136849154800116e-07,lightblue,circle,30,2
YALI0F11671g,case_overexpressed,,0.006779661016949152,0.00011569159008674573,5.403497625389808e-07,lightblue,circle,30,2
YALI0C00275g,case_overexpressed,,0.001694915254237288,0.0,1.472342855327554e-17,lightblue,circle,30,2
YALI0A12177g,case_overexpressed,,0.005084745762711864,0.002480504158153722,2.6674165263559004e-09,lightblue,circle,30,2
YALI0A19426g,case_overexpressed,,0.001694915254237288,0.0,3.8057241719226304e-10,lightblue,circle,30,2
YALI0D12386g,case_overexpressed,,0.005084745762711864,0.04084873884929173,1.8012788336416723e-08,lightblue,circle,30,2
YALI0F09097g,case_overexpressed,,0.001694915254237288,0.0,3.8057241719226304e-10,lightblue,circle,30,2
YALI0A12353g,case_overexpressed,,0.0,0.0,5.616542264280526e-23,lightblue,circle,30,2
YALI0A14454g,case_overexpressed,,0.003389830508474576,5.755230065321861e-06,5.262317615102656e-16,lightblue,circle,30,2
YALI0D20878g,case_overexpressed,,0.001694915254237288,0.0,3.7210204703965297e-16,lightblue,circle,30,2
YALI0E01408g,case_overexpressed,,0.001694915254237288,0.0,3.7210204703965297e-16,lightblue,circle,30,2
YALI0E19338g,control_overexpressed,,0.001694915254237288,0.0,3.571285656287264e-09,orange,circle,30,2
YALI0B22748g,control_overexpressed,,0.0,0.0,5.616542264280526e-23,orange,circle,30,2
YALI0A15906g,changed_regulation,,0.011864406779661017,0.0035155254712799836,4.522925452075391e-07,green,circle,30,2
YALI0B07117g,changed_regulation,,0.010169491525423728,0.007291876492762798,1.743773969711223e-07,green,circle,30,2
YALI0B21780g,case_upregulated,,0.011864406779661017,0.0035155254712799836,4.522925452075392e-07,darkblue,circle,30,2
YALI0D04092g,case_upregulated,,0.010169491525423728,0.00606003444327846,9.334355058361503e-07,darkblue,circle,30,2
YALI0D06501g,case_upregulated,,0.00847457627118644,0.002656873479904466,3.8810484750566373e-07,darkblue,circle,30,2
YALI0E05665g,case_upregulated,,0.00847457627118644,0.002585824448693187,4.064831041191839e-07,darkblue,circle,30,2
YALI0E18788g,case_upregulated,,0.006779661016949152,0.0024747489280884,1.6789547651114803e-07,darkblue,circle,30,2
YALI0E24651g,changed_regulation,,0.013559322033898305,0.007316386276555372,1.0987613724109019e-06,green,circle,30,2
YALI0B02178g,case_overexpressed,,0.010169491525423728,0.007789121370920386,2.709074085188093e-07,lightblue,circle,30,2
YALI0D15114g,case_upregulated,,0.010169491525423728,0.002220068870015334,4.892419374634266e-07,darkblue,circle,30,2
YALI0F14069g,case_overexpressed,,0.00847457627118644,0.0026766633630786667,5.056876136146369e-07,lightblue,circle,30,2
YALI0E25630g,control_overexpressed,,0.001694915254237288,0.0,0.00022018180289828089,orange,circle,30,2
YALI0F26917g,case_overexpressed,,0.003389830508474576,0.001243129694109522,2.63627772016432e-09,lightblue,circle,30,2
YALI0A16819g,case_upregulated,,0.0,0.0,5.616542264280526e-23,darkblue,circle,30,2
YALI0B13200g,case_overexpressed,Transcription_Factor,0.005084745762711864,0.022445362999096347,6.240950022604145e-09,lightblue,roundrectangle,80,15
YALI0C10142g,case_upregulated,,0.001694915254237288,0.0,2.5919808845947457e-09,darkblue,circle,30,2
YALI0D07282g,case_overexpressed,,0.0,0.0,5.616542264280526e-23,lightblue,circle,30,2
YALI0D08646g,control_overexpressed,,0.001694915254237288,0.0,5.88570571760851e-08,orange,circle,30,2
YALI0A17281g,case_upregulated,,0.001694915254237288,0.0,1.5141845941793092e-08,darkblue,circle,30,2
YALI0D09427g,case_overexpressed,,0.00847457627118644,0.03956734372671217,1.0470815683252274e-07,lightblue,circle,30,2
YALI0F22231g,changed_regulation,,0.001694915254237288,0.0,9.21766034109581e-15,green,circle,30,2
YALI0D19206g,case_overexpressed,,0.001694915254237288,0.0,1.472342855327554e-17,lightblue,circle,30,2
YALI0E32967g,changed_regulation,,0.0,0.0,5.616542264280526e-23,green,circle,30,2
YALI0C06490g,case_upregulated,,0.003389830508474576,0.0,2.3456342559322095e-08,darkblue,circle,30,2
YALI0C21186g,changed_regulation,,0.0,0.0,5.616542264280526e-23,green,circle,30,2
YALI0D20680g,case_overexpressed,,0.005084745762711864,0.0006158096169894392,8.054607983675986e-08,lightblue,circle,30,2
YALI0F05016g,changed_regulation,,0.003389830508474576,2.8776150326609305e-05,1.816448814977146e-14,green,circle,30,2
YALI0D10274g,control_overexpressed,,0.015254237288135592,5.3350069176951855e-06,0.12587050603861774,orange,circle,30,2
YALI0F16049g,control_overexpressed,,0.005084745762711864,0.00031472385217601177,0.013543417521174028,orange,circle,30,2
YALI0F18359g,control_upregulated,,0.022033898305084745,4.99365281635841e-05,0.18754137632056953,red,circle,30,2
YALI0E02552g,control_upregulated,,0.001694915254237288,0.0,1.4771868218424582e-07,red,circle,30,2
YALI0E10417g,case_overexpressed,,0.01694915254237288,0.00012633046214813646,1.1192513997872744e-05,lightblue,circle,30,2
YALI0C07656g,case_upregulated,,0.011864406779661017,0.003965792212061311,2.458995887552278e-07,darkblue,circle,30,2
YALI0D09889g,case_overexpressed,,0.003389830508474576,0.001243129694109522,1.546642031280675e-08,lightblue,circle,30,2
YALI0E07810g,case_overexpressed,,0.001694915254237288,0.0,2.2388989314734128e-09,lightblue,circle,30,2
YALI0E23991g,case_overexpressed,,0.006779661016949152,0.0005211500898531487,2.2782951012897624e-07,lightblue,circle,30,2
YALI0B21186g,case_overexpressed,,0.005084745762711864,0.009949648250288608,1.001763498650188e-07,lightblue,circle,30,2
YALI0F01694g,case_overexpressed,,0.001694915254237288,0.0,7.884120169332075e-08,lightblue,circle,30,2
YALI0A19074g,case_overexpressed,,0.006779661016949152,0.004932232165980835,4.1792594988402295e-08,lightblue,circle,30,2
YALI0B20878g,case_upregulated,,0.001694915254237288,0.0,6.042762188548566e-09,darkblue,circle,30,2
YALI0F05654g,case_upregulated,,0.001694915254237288,0.0,6.042762188548566e-09,darkblue,circle,30,2
YALI0F14509g,case_overexpressed,,0.003389830508474576,0.001243129694109522,6.172138053252466e-09,lightblue,circle,30,2
YALI0D03069g,control_overexpressed,,0.0,0.0,5.616542264280526e-23,orange,circle,30,2
YALI0B13948g,case_overexpressed,,0.003389830508474576,0.0,1.9095570997686762e-07,lightblue,circle,30,2
YALI0E07161g,case_upregulated,,0.0,0.0,5.616542264280526e-23,darkblue,circle,30,2
YALI0F15763g,case_overexpressed,,0.010169491525423728,1.1299645842536694e-05,7.742761242683347e-06,lightblue,circle,30,2
YALI0C09232g,control_overexpressed,,0.005084745762711864,0.001547094790602053,3.062280207898714e-07,orange,circle,30,2
YALI0F25861g,control_overexpressed,Transcription_Factor,0.001694915254237288,0.0,2.774199166188187e-07,orange,roundrectangle,80,15
YALI0F30371g,changed_regulation,,0.010169491525423728,0.009760870190785876,3.0134926658813295e-07,green,circle,30,2
YALI0A19690g,control_overexpressed,,0.001694915254237288,0.0,3.0069817646429636e-10,orange,circle,30,2
YALI0B13640g,case_upregulated,Transcription_Factor,0.006779661016949152,0.0036875051447373,1.0989443851481956e-06,darkblue,roundrectangle,80,15
YALI0B20944g,case_upregulated,Transcription_Factor,0.010169491525423728,0.007491711555127707,5.096213030204142e-06,darkblue,roundrectangle,80,15
YALI0D20438g,case_upregulated,,0.006779661016949152,0.0011641356718476803,2.365532177446838e-06,darkblue,circle,30,2
YALI0E11693g,case_upregulated,Transcription_Factor,0.003389830508474576,0.0017438945043906041,6.789896022601852e-07,darkblue,roundrectangle,80,15
YALI0E13750g,changed_regulation,,0.010169491525423728,0.004532642157785579,7.578285601717381e-06,green,circle,30,2
YALI0E33517g,case_upregulated,,0.006779661016949152,0.013221119634748021,4.5920984815972625e-07,darkblue,circle,30,2
YALI0F17468g,case_upregulated,Transcription_Factor,0.010169491525423728,0.02245956045337608,2.9575850348760616e-06,darkblue,roundrectangle,80,15
YALI0A19888g,case_upregulated,,0.005084745762711864,0.0003295134249722464,2.5346083495011e-07,darkblue,circle,30,2
YALI0B03124g,case_overexpressed,,0.00847457627118644,0.01317101335788146,2.369446971125173e-07,lightblue,circle,30,2
YALI0A19932g,case_upregulated,,0.001694915254237288,0.0,1.472342855327554e-17,darkblue,circle,30,2
YALI0F18744g,case_upregulated,,0.001694915254237288,0.0,1.472342855327554e-17,darkblue,circle,30,2
YALI0E04246g,control_overexpressed,,0.001694915254237288,0.0,1.472342855327554e-17,orange,circle,30,2
YALI0B09625g,control_overexpressed,,0.00847457627118644,0.002233681421318003,1.2698749822875605e-07,orange,circle,30,2
YALI0A20174g,changed_regulation,,0.003389830508474576,0.003176306783278735,6.03486895504895e-07,green,circle,30,2
YALI0C03806g,control_overexpressed,,0.006779661016949152,0.0022973872318029992,9.717714372903966e-08,orange,circle,30,2
YALI0B03102g,control_overexpressed,,0.001694915254237288,0.0,7.368216563999626e-09,orange,circle,30,2
YALI0F19448g,control_overexpressed,,0.003389830508474576,0.00013237029150240282,2.5319067029502083e-09,orange,circle,30,2
YALI0A20570g,changed_regulation,,0.005084745762711864,0.0,6.883129680042099e-08,green,circle,30,2
YALI0D06149g,changed_regulation,,0.00847457627118644,0.0002839246832225453,2.283910901617779e-07,green,circle,30,2
YALI0D07535g,control_upregulated,,0.006779661016949152,0.00025323012287416187,7.023779557028768e-08,red,circle,30,2
YALI0D13574g,control_overexpressed,,0.00847457627118644,0.00027433263311367543,1.6020872752624669e-07,orange,circle,30,2
YALI0D11396g,control_overexpressed,,0.010169491525423728,0.0009077916223034354,2.3404526919448092e-06,orange,circle,30,2
YALI0E13728g,control_upregulated,,0.00847457627118644,0.0011103757206027643,2.1651852973701788e-06,red,circle,30,2
YALI0F00902g,control_overexpressed,,0.011864406779661017,0.0006835294907580598,2.3565098566830177e-06,orange,circle,30,2
YALI0A21153g,control_overexpressed,,0.0,0.0,5.616542264280526e-23,orange,circle,30,2
YALI0C08327g,changed_regulation,,0.00847457627118644,0.0018704497712296053,3.125156404242227e-08,green,circle,30,2
YALI0D19140g,changed_regulation,,0.005084745762711864,0.0012431296941095222,2.702864185501195e-08,green,circle,30,2
YALI0F01650g,control_overexpressed,,0.005084745762711864,0.0006100543869241174,2.7608634488885763e-08,orange,circle,30,2
YALI0B21472g,changed_regulation,,0.003389830508474576,5.755230065321861e-06,5.262317615102656e-16,green,circle,30,2
YALI0F17226g,control_overexpressed,,0.0,0.0,5.616542264280526e-23,orange,circle,30,2
YALI0B04928g,changed_regulation,,0.006779661016949152,0.001432149825433472,7.084548510191413e-07,green,circle,30,2
YALI0D02046g,changed_regulation,,0.0,0.0,5.616542264280526e-23,green,circle,30,2
YALI0D23727g,changed_regulation,,0.00847457627118644,0.002520994865972788,5.3455569902986725e-06,green,circle,30,2
YALI0F10541g,changed_regulation,,0.001694915254237288,0.0,5.915752706620462e-07,green,circle,30,2
YALI0B00814g,control_overexpressed,,0.0,0.0,5.616542264280526e-23,orange,circle,30,2
YALI0B00924g,case_overexpressed,,0.010169491525423728,0.023628830913538092,4.3898130968258654e-07,lightblue,circle,30,2
YALI0C05621g,case_overexpressed,,0.010169491525423728,0.0018616855405555602,6.206265059479845e-07,lightblue,circle,30,2
YALI0B01342g,case_upregulated,,0.001694915254237288,0.0,1.472342855327554e-17,darkblue,circle,30,2
YALI0B05280g,case_overexpressed,,0.001694915254237288,0.0,1.472342855327554e-17,lightblue,circle,30,2
YALI0C03696g,changed_regulation,,0.00847457627118644,0.004920721705850191,1.2767654316007948e-06,green,circle,30,2
YALI0B08690g,case_upregulated,,0.001694915254237288,0.0,1.472342855327554e-17,darkblue,circle,30,2
YALI0B01694g,case_overexpressed,,0.0,0.0,5.616542264280526e-23,lightblue,circle,30,2
YALI0F22693g,case_overexpressed,,0.003389830508474576,0.001243129694109522,1.4676210774861992e-11,lightblue,circle,30,2
YALI0B05566g,case_overexpressed,,0.001694915254237288,0.0,8.930886962321241e-10,lightblue,circle,30,2
YALI0C06776g,case_upregulated,,0.003389830508474576,0.0020575836693674313,4.0087190939742134e-08,darkblue,circle,30,2
YALI0B02222g,control_overexpressed,,0.006779661016949152,0.0002761291167848369,0.0031240556810626812,orange,circle,30,2
YALI0E15686g,control_overexpressed,,0.003389830508474576,0.0,0.0003148582473775293,orange,circle,30,2
YALI0F16071g,control_overexpressed,,0.005084745762711864,0.00012954081781951692,0.0015109853482453187,orange,circle,30,2
YALI0B21406g,case_upregulated,,0.01864406779661017,0.003988840737286438,1.5443506061792897e-06,darkblue,circle,30,2
YALI0F08195g,case_overexpressed,,0.006779661016949152,0.0005295616931600374,6.263345318002884e-07,lightblue,circle,30,2
YALI0B02662g,changed_regulation,,0.003389830508474576,0.001243129694109522,1.972399255350451e-08,green,circle,30,2
YALI0C18263g,control_overexpressed,,0.003389830508474576,0.0024747489280884,1.5862323703833435e-07,orange,circle,30,2
YALI0F08943g,changed_regulation,,0.001694915254237288,0.0,2.4198255325907595e-09,green,circle,30,2
YALI0B02684g,case_upregulated,,0.0,0.0,5.616542264280526e-23,darkblue,circle,30,2
YALI0C10494g,control_overexpressed,,0.003389830508474576,0.0,2.175963550516728e-14,orange,circle,30,2
YALI0E32395g,case_upregulated,,0.0,0.0,5.616542264280526e-23,darkblue,circle,30,2
YALI0F16643g,control_upregulated,,0.0,0.0,5.616542264280526e-23,red,circle,30,2
YALI0E12463g,case_upregulated,,0.005084745762711864,0.0004265488672412216,1.2894964465005274e-07,darkblue,circle,30,2
YALI0F19140g,case_upregulated,,0.0,0.0,5.616542264280526e-23,darkblue,circle,30,2
YALI0B07623g,case_overexpressed,,0.006779661016949152,9.592050108869767e-07,4.790778503419493e-06,lightblue,circle,30,2
YALI0B03542g,control_overexpressed,,0.005084745762711864,0.0,1.238210605915188e-06,orange,circle,30,2
YALI0B03630g,case_overexpressed,,0.001694915254237288,0.0,1.472342855327554e-17,lightblue,circle,30,2
YALI0D08866g,case_overexpressed,,0.001694915254237288,0.0,1.472342855327554e-17,lightblue,circle,30,2
YALI0B03652g,case_upregulated,,0.001694915254237288,0.0,1.472342855327554e-17,darkblue,circle,30,2
YALI0D25014g,case_upregulated,,0.001694915254237288,0.0,1.472342855327554e-17,darkblue,circle,30,2
YALI0E19943g,changed_regulation,,0.0,0.0,5.616542264280526e-23,green,circle,30,2
YALI0E26125g,case_overexpressed,,0.001694915254237288,0.0,1.472342855327554e-17,lightblue,circle,30,2
YALI0B04224g,changed_regulation,,0.0,0.0,5.616542264280526e-23,green,circle,30,2
YALI0B09273g,case_upregulated,,0.0,0.0,5.616542264280526e-23,darkblue,circle,30,2
YALI0B04422g,control_overexpressed,,0.005084745762711864,0.00037408995424592097,1.7306674690532883e-08,orange,circle,30,2
YALI0C02343g,control_overexpressed,,0.003389830508474576,0.0004604184052257489,1.1576339616150757e-07,orange,circle,30,2
YALI0F00418g,control_overexpressed,,0.001694915254237288,0.0,2.4799257225152615e-09,orange,circle,30,2
YALI0B04510g,changed_regulation,Transcription_Factor,0.00847457627118644,0.0026737409601938563,2.367806647805811e-06,green,roundrectangle,80,15
YALI0B08206g,changed_regulation,Transcription_Factor,0.003389830508474576,0.0,3.74867506910972e-07,green,roundrectangle,80,15
YALI0D02761g,changed_regulation,,0.020338983050847456,0.031119919377417968,1.2243850911555043e-05,green,circle,30,2
YALI0E19558g,case_upregulated,,0.005084745762711864,0.0002680050422561431,6.981309470944327e-07,darkblue,circle,30,2
YALI0C15741g,changed_regulation,,0.001694915254237288,0.0,1.472342855327554e-17,green,circle,30,2
YALI0D23221g,changed_regulation,,0.001694915254237288,0.0,1.472342855327554e-17,green,circle,30,2
YALI0B04796g,changed_regulation,,0.001694915254237288,0.0,8.683169174112045e-08,green,circle,30,2
YALI0C02629g,changed_regulation,,0.010169491525423728,0.0021306875645890283,2.3527287642935326e-06,green,circle,30,2
YALI0D15862g,changed_regulation,,0.013559322033898305,0.002076356010054329,9.798849429034605e-07,green,circle,30,2
YALI0B21318g,case_overexpressed,,0.006779661016949152,0.002073976132536686,2.969013152428208e-06,lightblue,circle,30,2
YALI0D06193g,changed_regulation,Transcription_Factor,0.006779661016949152,0.006792133141058298,3.1293611275270584e-06,green,roundrectangle,80,15
YALI0E08206g,case_upregulated,,0.0,0.0,5.616542264280526e-23,darkblue,circle,30,2
YALI0F12287g,case_upregulated,,0.003389830508474576,0.0,1.290746517972097e-07,darkblue,circle,30,2
YALI0F29359g,changed_regulation,,0.006779661016949152,0.0034780600393016095,9.27519471766704e-07,green,circle,30,2
YALI0B05038g,case_upregulated,Transcription_Factor,0.001694915254237288,0.0,1.472342855327554e-17,darkblue,roundrectangle,80,15
YALI0E02200g,changed_regulation,,0.001694915254237288,0.0,1.472342855327554e-17,green,circle,30,2
YALI0B05258g,case_overexpressed,,0.001694915254237288,0.0,1.472342855327554e-17,lightblue,circle,30,2
YALI0D15092g,case_upregulated,,0.001694915254237288,0.0,1.472342855327554e-17,darkblue,circle,30,2
YALI0B05456g,control_overexpressed,,0.00847457627118644,1.5011558420381188e-05,6.174639053048586e-07,orange,circle,30,2
YALI0B14619g,control_overexpressed,,0.013559322033898305,0.0002564938794112055,1.021929000398991e-06,orange,circle,30,2
YALI0B21824g,control_overexpressed,,0.006779661016949152,0.00013237029150240282,3.302022625788674e-07,orange,circle,30,2
YALI0B22550g,control_overexpressed,,0.011864406779661017,6.363587397226717e-05,1.0599218774021493e-06,orange,circle,30,2
YALI0E05313g,control_overexpressed,,0.00847457627118644,1.5011558420381188e-05,6.174639053048586e-07,orange,circle,30,2
YALI0E12595g,control_overexpressed,,0.015254237288135592,0.00014810617268100503,1.2792318384621965e-06,orange,circle,30,2
YALI0C20053g,case_upregulated,,0.003389830508474576,0.0,7.803547297971088e-09,darkblue,circle,30,2
YALI0E17457g,control_overexpressed,,0.001694915254237288,0.0,2.1554183197251995e-08,orange,circle,30,2
YALI0F31405g,control_upregulated,,0.0,0.0,5.616542264280526e-23,red,circle,30,2
YALI0B06138g,control_overexpressed,,0.001694915254237288,0.0,1.472342855327554e-17,orange,circle,30,2
YALI0B06413g,changed_regulation,,0.0,0.0,5.616542264280526e-23,green,circle,30,2
YALI0B06710g,changed_regulation,,0.0,0.0,5.616542264280526e-23,green,circle,30,2
YALI0B10406g,changed_regulation,,0.0,0.0,5.616542264280526e-23,green,circle,30,2
YALI0B07755g,changed_regulation,,0.001694915254237288,0.0,3.7210204703965297e-16,green,circle,30,2
YALI0D04268g,changed_regulation,,0.0,0.0,5.616542264280526e-23,green,circle,30,2
YALI0F18458g,changed_regulation,Transcription_Factor,0.001694915254237288,0.0,1.472342855327554e-17,green,roundrectangle,80,15
YALI0F24717g,case_upregulated,,0.001694915254237288,0.0,3.7210204703965297e-16,darkblue,circle,30,2
YALI0B09229g,changed_regulation,,0.0,0.0,5.616542264280526e-23,green,circle,30,2
YALI0B09537g,changed_regulation,,0.001694915254237288,0.0,1.057145093761386e-09,green,circle,30,2
YALI0C16797g,changed_regulation,,0.00847457627118644,0.008546516647002964,8.577244881791912e-09,green,circle,30,2
YALI0C06325g,control_overexpressed,,0.006779661016949152,0.001243129694109522,3.19063187143364e-08,orange,circle,30,2
YALI0D23925g,changed_regulation,,0.010169491525423728,0.004123321093128946,5.682745515748006e-07,green,circle,30,2
YALI0E02354g,control_overexpressed,,0.005084745762711864,0.0,3.147143366585756e-08,orange,circle,30,2
YALI0D10131g,case_upregulated,,0.001694915254237288,0.0,3.5590512445001836e-08,darkblue,circle,30,2
YALI0C04389g,control_overexpressed,,0.0,0.0,5.616542264280526e-23,orange,circle,30,2
YALI0B10736g,control_upregulated,,0.001694915254237288,0.0,1.472342855327554e-17,red,circle,30,2
YALI0D24431g,control_overexpressed,,0.001694915254237288,0.0,1.472342855327554e-17,orange,circle,30,2
YALI0C13926g,changed_regulation,,0.005084745762711864,6.330753071854047e-05,2.65714537475082e-14,green,circle,30,2
YALI0E08932g,case_overexpressed,,0.0,0.0,5.616542264280526e-23,lightblue,circle,30,2
YALI0B20966g,case_upregulated,,0.003389830508474576,5.755230065321861e-06,5.262317615102656e-16,darkblue,circle,30,2
YALI0E14487g,case_overexpressed,,0.001694915254237288,0.0,3.373775517764716e-10,lightblue,circle,30,2
YALI0F09009g,changed_regulation,,0.0,0.0,5.616542264280526e-23,green,circle,30,2
YALI0C21604g,control_overexpressed,,0.003389830508474576,0.0,2.175963550516728e-14,orange,circle,30,2
YALI0C23386g,changed_regulation,,0.001694915254237288,0.0,1.161079796209937e-05,green,circle,30,2
YALI0B12144g,control_overexpressed,,0.001694915254237288,0.0,3.7210204703965297e-16,orange,circle,30,2
YALI0C21692g,control_overexpressed,,0.003389830508474576,5.755230065321861e-06,5.262317615102656e-16,orange,circle,30,2
YALI0F23683g,changed_regulation,,0.0,0.0,5.616542264280526e-23,green,circle,30,2
YALI0F27753g,case_upregulated,,0.005084745762711864,0.010773790682282524,5.8340287820876425e-08,darkblue,circle,30,2
YALI0E26059g,control_upregulated,,0.006779661016949152,0.0011855773934563035,0.0025046365193021453,red,circle,30,2
YALI0F10945g,control_overexpressed,,0.005084745762711864,0.0006051428892042286,0.002691556432069848,orange,circle,30,2
YALI0B12716g,changed_regulation,Transcription_Factor,0.001694915254237288,0.0,9.259485216202473e-07,green,roundrectangle,80,15
YALI0D15158g,changed_regulation,,0.001694915254237288,0.0,3.825058221521803e-07,green,circle,30,2
YALI0B13090g,case_overexpressed,,0.001694915254237288,0.0,4.1325267614499993e-08,lightblue,circle,30,2
YALI0D00495g,case_overexpressed,,0.006779661016949152,0.00013237029150240282,2.755014219754949e-07,lightblue,circle,30,2
YALI0E03036g,case_overexpressed,,0.003389830508474576,0.0009887193337503963,5.737175464474731e-08,lightblue,circle,30,2
YALI0D23815g,control_overexpressed,,0.013559322033898305,9.750810835671702e-05,1.2443224522643679e-06,orange,circle,30,2
YALI0E12573g,control_overexpressed,,0.01694915254237288,0.0005441274886758471,1.390767068483642e-06,orange,circle,30,2
YALI0F22121g,control_overexpressed,,0.00847457627118644,0.00011625564731950161,5.918383827127827e-07,orange,circle,30,2
YALI0B14685g,changed_regulation,,0.001694915254237288,0.0,1.472342855327554e-17,green,circle,30,2
YALI0F00462g,case_overexpressed,,0.001694915254237288,0.0,1.472342855327554e-17,lightblue,circle,30,2
YALI0E12023g,control_overexpressed,,0.001694915254237288,0.0,3.7210204703965297e-16,orange,circle,30,2
YALI0C03894g,changed_regulation,,0.0,0.0,5.616542264280526e-23,green,circle,30,2
YALI0B16060g,changed_regulation,,0.0,0.0,5.616542264280526e-23,green,circle,30,2
YALI0C21934g,control_overexpressed,,0.0,0.0,5.616542264280526e-23,orange,circle,30,2
YALI0E03586g,control_overexpressed,,0.001694915254237288,0.0,1.3488107432253095e-14,orange,circle,30,2
YALI0F02046g,control_overexpressed,,0.0,0.0,5.616542264280526e-23,orange,circle,30,2
YALI0B16148g,case_overexpressed,,0.001694915254237288,0.0,1.472342855327554e-17,lightblue,circle,30,2
YALI0D08228g,case_overexpressed,,0.001694915254237288,0.0,1.472342855327554e-17,lightblue,circle,30,2
YALI0B16214g,control_overexpressed,,0.005084745762711864,0.00013237029150240282,9.63742943490151e-08,orange,circle,30,2
YALI0B19800g,control_overexpressed,,0.006779661016949152,8.441004095805398e-05,2.704048228274972e-07,orange,circle,30,2
YALI0D01243g,control_overexpressed,,0.00847457627118644,0.00016470920329802094,3.576312826084228e-07,orange,circle,30,2
YALI0F16511g,control_overexpressed,Transcription_Factor,0.001694915254237288,0.0,1.445619117949531e-08,orange,roundrectangle,80,15
YALI0B16280g,changed_regulation,,0.0,0.0,5.616542264280526e-23,green,circle,30,2
YALI0B16412g,changed_regulation,,0.001694915254237288,0.0,1.472342855327554e-17,green,circle,30,2
YALI0F22825g,changed_regulation,,0.001694915254237288,0.0,1.472342855327554e-17,green,circle,30,2
YALI0B22308g,case_upregulated,,0.005084745762711864,0.006100543869241173,6.024026340793799e-08,darkblue,circle,30,2
YALI0F18106g,case_upregulated,,0.005084745762711864,0.0071368426076443385,3.306946242530486e-07,darkblue,circle,30,2
YALI0E16819g,control_overexpressed,,0.0,0.0,5.616542264280526e-23,orange,circle,30,2
YALI0B17204g,case_overexpressed,,0.001694915254237288,0.0,2.840117839746387e-09,lightblue,circle,30,2
YALI0E11517g,case_upregulated,,0.003389830508474576,0.001243129694109522,2.181539315215596e-08,darkblue,circle,30,2
YALI0C15554g,case_overexpressed,,0.001694915254237288,0.0,2.1849022926839468e-08,lightblue,circle,30,2
YALI0F11297g,case_overexpressed,,0.0,0.0,5.616542264280526e-23,lightblue,circle,30,2
YALI0B17930g,case_overexpressed,,0.0,0.0,5.616542264280526e-23,lightblue,circle,30,2
YALI0B17996g,case_overexpressed,,0.001694915254237288,0.0,1.472342855327554e-17,lightblue,circle,30,2
YALI0F07216g,case_overexpressed,,0.001694915254237288,0.0,1.472342855327554e-17,lightblue,circle,30,2
YALI0E27390g,control_overexpressed,,0.005084745762711864,2.8776150326609306e-06,9.940145076961675e-13,orange,circle,30,2
YALI0E15147g,case_overexpressed,,0.0,0.0,5.616542264280526e-23,lightblue,circle,30,2
YALI0C00671g,changed_regulation,,0.0,0.0,5.616542264280526e-23,green,circle,30,2
YALI0B19492g,control_upregulated,,0.001694915254237288,0.0,1.472342855327554e-17,red,circle,30,2
YALI0E23474g,control_overexpressed,,0.001694915254237288,0.0,1.472342855327554e-17,orange,circle,30,2
YALI0E25850g,case_upregulated,,0.0,0.0,5.616542264280526e-23,darkblue,circle,30,2
YALI0C05687g,case_overexpressed,,0.0,0.0,5.616542264280526e-23,lightblue,circle,30,2
YALI0C10311g,case_upregulated,,0.01694915254237288,0.00022881150388272487,6.721645923340168e-07,darkblue,circle,30,2
YALI0E00308g,control_upregulated,,0.01694915254237288,0.0005626148476713928,6.76517713132007e-07,red,circle,30,2
YALI0F03795g,case_upregulated,,0.003389830508474576,0.0,9.119717347627149e-07,darkblue,circle,30,2
YALI0D19338g,case_overexpressed,,0.010169491525423728,0.00013237029150240282,4.820234203283974e-07,lightblue,circle,30,2
YALI0E19294g,case_overexpressed,,0.011864406779661017,3.724456027986861e-05,5.798450668891547e-07,lightblue,circle,30,2
YALI0E31108g,case_overexpressed,,0.001694915254237288,0.0,1.539284110681671e-08,lightblue,circle,30,2
YALI0B20328g,case_overexpressed,,0.003389830508474576,0.00013237029150240282,1.0261930088774233e-07,lightblue,circle,30,2
YALI0C02981g,case_overexpressed,,0.01694915254237288,0.0004062644308968156,6.687347993860986e-07,lightblue,circle,30,2
YALI0B20394g,case_upregulated,,0.001694915254237288,0.0,1.472342855327554e-17,darkblue,circle,30,2
YALI0D21978g,changed_regulation,,0.001694915254237288,0.0,1.472342855327554e-17,green,circle,30,2
YALI0F16918g,changed_regulation,,0.010169491525423728,2.302092026128745e-06,5.439100384064137e-07,green,circle,30,2
YALI0C04565g,control_overexpressed,,0.00847457627118644,2.621827029757737e-06,0.0703876410500228,orange,circle,30,2
YALI0B20790g,control_overexpressed,,0.001694915254237288,0.0,1.472342855327554e-17,orange,circle,30,2
YALI0F30591g,control_overexpressed,,0.001694915254237288,0.0,1.472342855327554e-17,orange,circle,30,2
YALI0B20834g,case_upregulated,,0.001694915254237288,0.0,4.5630069763118326e-09,darkblue,circle,30,2
YALI0E33913g,changed_regulation,,0.003389830508474576,0.001243129694109522,3.7364137682265865e-08,green,circle,30,2
YALI0C22572g,case_upregulated,,0.001694915254237288,0.0,3.7210204703965297e-16,darkblue,circle,30,2
YALI0D00451g,changed_regulation,,0.006779661016949152,0.0005342598338085927,3.0586701004275924e-06,green,circle,30,2
YALI0E02024g,case_overexpressed,,0.003389830508474576,0.0,7.364094369038159e-07,lightblue,circle,30,2
YALI0E16555g,case_upregulated,,0.006779661016949152,9.892641418352912e-05,6.546407083720102e-07,darkblue,circle,30,2
YALI0B21428g,case_upregulated,,0.001694915254237288,0.0,3.7210204703965297e-16,darkblue,circle,30,2
YALI0E11385g,changed_regulation,,0.001694915254237288,0.0,3.7210204703965297e-16,green,circle,30,2
YALI0D02497g,changed_regulation,,0.0,0.0,5.616542264280526e-23,green,circle,30,2
YALI0C18645g,control_overexpressed,Transcription_Factor,0.001694915254237288,0.0,4.73208110969018e-08,orange,roundrectangle,80,15
YALI0B21846g,control_overexpressed,,0.001694915254237288,0.0,1.472342855327554e-17,orange,circle,30,2
YALI0B21868g,control_overexpressed,,0.001694915254237288,0.0,1.472342855327554e-17,orange,circle,30,2
YALI0B22110g,case_upregulated,,0.0,0.0,5.616542264280526e-23,darkblue,circle,30,2
YALI0F05038g,control_overexpressed,,0.013559322033898305,0.00010619629220532791,1.2251859132461414e-06,orange,circle,30,2
YALI0D17446g,changed_regulation,,0.0,0.0,5.616542264280526e-23,green,circle,30,2
YALI0F19492g,case_overexpressed,,0.0,0.0,5.616542264280526e-23,lightblue,circle,30,2
YALI0D18403g,case_upregulated,,0.003389830508474576,0.0,8.218964020922532e-09,darkblue,circle,30,2
YALI0C11341g,case_overexpressed,,0.006779661016949152,0.0018589393110989613,8.203786042320191e-08,lightblue,circle,30,2
YALI0C01859g,control_overexpressed,,0.001694915254237288,0.0,4.427439297655824e-08,orange,circle,30,2
YALI0F02607g,control_overexpressed,,0.006779661016949152,0.0001692037639204627,3.0895596493154556e-07,orange,circle,30,2
YALI0F26587g,control_overexpressed,,0.010169491525423728,0.0005544684565432169,7.905384468652518e-07,orange,circle,30,2
YALI0C02607g,case_overexpressed,,0.0,0.0,5.616542264280526e-23,lightblue,circle,30,2
YALI0C13420g,changed_regulation,,0.011864406779661017,0.007803099939185029,2.3440428069338983e-06,green,circle,30,2
YALI0D05041g,changed_regulation,Transcription_Factor,0.010169491525423728,0.00579360072472496,8.873177394048947e-07,green,roundrectangle,80,15
YALI0C02717g,case_overexpressed,,0.001694915254237288,0.0,1.472342855327554e-17,lightblue,circle,30,2
YALI0C16005g,case_overexpressed,,0.001694915254237288,0.0,1.472342855327554e-17,lightblue,circle,30,2
YALI0E05819g,case_overexpressed,,0.011864406779661017,0.00017114957979969062,5.467637674416754e-07,lightblue,circle,30,2
YALI0F18964g,case_overexpressed,,0.005084745762711864,1.1510460130643722e-05,2.2123675484441042e-07,lightblue,circle,30,2
YALI0C03465g,changed_regulation,,0.003389830508474576,0.04059786563015861,1.1446868955432148e-06,green,circle,30,2
YALI0E28259g,case_upregulated,,0.00847457627118644,0.04106403926544968,9.227528870594684e-06,darkblue,circle,30,2
YALI0C03784g,control_overexpressed,,0.005084745762711864,5.947071067499256e-06,3.393456064537532e-07,orange,circle,30,2
YALI0F05104g,control_overexpressed,Transcription_Factor,0.005084745762711864,1.9184100217739534e-06,2.1905484686216535e-07,orange,roundrectangle,80,15
YALI0C04158g,case_overexpressed,,0.0,0.0,5.616542264280526e-23,lightblue,circle,30,2
YALI0C15323g,changed_regulation,,0.0,0.0,5.616542264280526e-23,green,circle,30,2
YALI0C04411g,case_overexpressed,,0.0,0.0,5.616542264280526e-23,lightblue,circle,30,2
YALI0C05324g,changed_regulation,,0.001694915254237288,0.0,1.472342855327554e-17,green,circle,30,2
YALI0F28149g,control_upregulated,,0.0,0.0,5.616542264280526e-23,red,circle,30,2
YALI0D10234g,control_overexpressed,,0.0,0.0,5.616542264280526e-23,orange,circle,30,2
YALI0C06193g,changed_regulation,,0.001694915254237288,0.0,1.472342855327554e-17,green,circle,30,2
YALI0F10923g,changed_regulation,,0.001694915254237288,0.0,1.472342855327554e-17,green,circle,30,2
YALI0E04620g,control_overexpressed,,0.001694915254237288,0.0,3.938015050473252e-09,orange,circle,30,2
YALI0C06347g,changed_regulation,,0.006779661016949152,0.0013567931935958046,1.7466947395414286e-06,green,circle,30,2
YALI0F16159g,changed_regulation,,0.001694915254237288,0.0,4.5630069763118326e-09,green,circle,30,2
YALI0E30481g,case_upregulated,,0.003389830508474576,0.0016970578940018665,6.440204871440458e-09,darkblue,circle,30,2
YALI0E32035g,case_upregulated,,0.0,0.0,5.616542264280526e-23,darkblue,circle,30,2
YALI0E24211g,control_overexpressed,,0.001694915254237288,0.0,7.201223041736943e-15,orange,circle,30,2
YALI0C08723g,control_overexpressed,,0.001694915254237288,0.0,0.0017226458525820727,orange,circle,30,2
YALI0D07304g,case_overexpressed,,0.0,0.0,5.616542264280526e-23,lightblue,circle,30,2
YALI0E09493g,case_overexpressed,,0.0,0.0,5.616542264280526e-23,lightblue,circle,30,2
YALI0F00858g,changed_regulation,,0.003389830508474576,0.00032312317770459483,1.0725443989312986e-07,green,circle,30,2
YALI0F16896g,case_upregulated,,0.003389830508474576,0.0,1.3401029506348478e-07,darkblue,circle,30,2
YALI0F05940g,changed_regulation,,0.003389830508474576,0.0,2.175963550516728e-14,green,circle,30,2
YALI0F05610g,case_overexpressed,,0.0,0.0,5.616542264280526e-23,lightblue,circle,30,2
YALI0D10813g,case_upregulated,,0.001694915254237288,0.0,1.1835684219578008e-08,darkblue,circle,30,2
YALI0E19899g,control_overexpressed,,0.001694915254237288,0.0,3.7210204703965297e-16,orange,circle,30,2
YALI0F25113g,control_upregulated,Transcription_Factor,0.0,0.0,5.616542264280526e-23,red,roundrectangle,80,15
YALI0C13002g,control_overexpressed,Mutated_Gene,0.001694915254237288,0.0,2.1554183197251995e-08,orange,diamond,80,15
YALI0C13178g,changed_regulation,Transcription_Factor,0.0,0.0,5.616542264280526e-23,green,roundrectangle,80,15
YALI0F25509g,case_upregulated,,0.015254237288135592,0.007363692811466092,1.4294317514242987e-05,darkblue,circle,30,2
YALI0D18634g,changed_regulation,,0.00847457627118644,0.0037063681620672787,4.791443497794646e-07,green,circle,30,2
YALI0C14806g,control_overexpressed,,0.003389830508474576,0.0,0.0005318339387030641,orange,circle,30,2
YALI0D23397g,control_overexpressed,,0.006779661016949152,0.0006103278940864833,0.005137647290111676,orange,circle,30,2
YALI0F32065g,changed_regulation,,0.005084745762711864,0.0024747489280884,1.0964024173803288e-09,green,circle,30,2
YALI0D20460g,case_upregulated,Transcription_Factor,0.003389830508474576,0.0,1.8585921374121498e-06,darkblue,roundrectangle,80,15
YALI0C16049g,control_overexpressed,,0.006779661016949152,0.0,6.01709786591244e-07,orange,circle,30,2
YALI0D08690g,control_overexpressed,,0.013559322033898305,9.738759285534919e-05,1.1578808264286187e-06,orange,circle,30,2
YALI0E18502g,control_overexpressed,,0.013559322033898305,0.0001578285762913543,1.0253488729765362e-06,orange,circle,30,2
YALI0E11033g,control_overexpressed,,0.0,0.0,5.616542264280526e-23,orange,circle,30,2
YALI0F10857g,changed_regulation,,0.005084745762711864,0.0024747489280884,1.0964024173803288e-09,green,circle,30,2
YALI0F01210g,case_upregulated,,0.0,0.0,5.616542264280526e-23,darkblue,circle,30,2
YALI0C16995g,changed_regulation,,0.003389830508474576,0.0,1.5569503939554293e-10,green,circle,30,2
YALI0E15708g,case_upregulated,,0.003389830508474576,0.0,1.5569503939554293e-10,darkblue,circle,30,2
YALI0C19682g,control_upregulated,,0.0,0.0,5.616542264280526e-23,red,circle,30,2
YALI0E00990g,case_upregulated,,0.0,0.0,5.616542264280526e-23,darkblue,circle,30,2
YALI0D13662g,control_upregulated,,0.0,0.0,5.616542264280526e-23,red,circle,30,2
YALI0D14608g,control_overexpressed,,0.001694915254237288,0.0,1.472342855327554e-17,orange,circle,30,2
YALI0C21065g,case_overexpressed,,0.0,0.0,5.616542264280526e-23,lightblue,circle,30,2
YALI0C21472g,control_overexpressed,,0.0,0.0,5.616542264280526e-23,orange,circle,30,2
YALI0C21450g,control_overexpressed,,0.0,0.0,5.616542264280526e-23,orange,circle,30,2
YALI0C21780g,control_overexpressed,,0.001694915254237288,0.0,1.472342855327554e-17,orange,circle,30,2
YALI0C21789g,control_overexpressed,,0.001694915254237288,0.0,1.472342855327554e-17,orange,circle,30,2
YALI0C21868g,control_overexpressed,,0.001694915254237288,0.0,3.7210204703965297e-16,orange,circle,30,2
YALI0C21890g,control_overexpressed,,0.003389830508474576,5.755230065321861e-06,5.262317615102656e-16,orange,circle,30,2
YALI0E06193g,control_overexpressed,,0.001694915254237288,0.0,3.7210204703965297e-16,orange,circle,30,2
YALI0C22044g,control_overexpressed,,0.001694915254237288,0.0,4.1173429410161574e-13,orange,circle,30,2
YALI0E18744g,control_overexpressed,,0.006779661016949152,2.0143305228626513e-05,1.10573052773605e-12,orange,circle,30,2
YALI0C22121g,control_overexpressed,,0.006779661016949152,1.840935770894621e-05,5.229633910952629e-07,orange,circle,30,2
YALI0D01001g,control_overexpressed,,0.003389830508474576,0.0,2.2187195208772188e-07,orange,circle,30,2
YALI0C22394g,changed_regulation,,0.0,0.0,5.616542264280526e-23,green,circle,30,2
YALI0F26653g,changed_regulation,,0.003389830508474576,0.00040286610457253026,0.0001709257654837448,green,circle,30,2
YALI0E02728g,control_upregulated,,0.001694915254237288,0.0,0.00020854436115282885,red,circle,30,2
YALI0F10615g,control_upregulated,,0.003389830508474576,0.00040286610457253026,0.0030700146452622406,red,circle,30,2
YALI0E27093g,case_overexpressed,,0.003389830508474576,0.0008161696288340826,3.5077261157943693e-09,lightblue,circle,30,2
YALI0F29909g,case_overexpressed,,0.003389830508474576,0.00037344591659575397,5.805066426993028e-09,lightblue,circle,30,2
YALI0D27236g,case_upregulated,,0.006779661016949152,0.0011518101090533053,4.8443824626565165e-06,darkblue,circle,30,2
YALI0D02167g,case_overexpressed,,0.0,0.0,5.616542264280526e-23,lightblue,circle,30,2
YALI0D02695g,case_upregulated,,0.001694915254237288,0.0,7.230365437572969e-08,darkblue,circle,30,2
YALI0D03480g,changed_regulation,,0.003389830508474576,0.001243129694109522,3.7364137682265865e-08,green,circle,30,2
YALI0F04686g,changed_regulation,,0.001694915254237288,0.0,4.5630069763118326e-09,green,circle,30,2
YALI0D03740g,case_upregulated,,0.001694915254237288,0.0,1.7345828466473595e-09,darkblue,circle,30,2
YALI0D03784g,control_upregulated,,0.0,0.0,5.616542264280526e-23,red,circle,30,2
YALI0E10505g,case_upregulated,,0.001694915254237288,0.0,1.0877036942753417e-07,darkblue,circle,30,2
YALI0E28809g,changed_regulation,,0.001694915254237288,0.0,1.0877036942753417e-07,green,circle,30,2
YALI0F09812g,control_overexpressed,,0.0,0.0,5.616542264280526e-23,orange,circle,30,2
YALI0D09383g,control_overexpressed,,0.0,0.0,5.616542264280526e-23,orange,circle,30,2
YALI0D06930g,changed_regulation,,0.003389830508474576,0.0,1.2908728951405046e-07,green,circle,30,2
YALI0D08052g,control_overexpressed,,0.0,0.0,5.616542264280526e-23,orange,circle,30,2
YALI0D09333g,case_overexpressed,,0.001694915254237288,0.0,3.7210204703965297e-16,lightblue,circle,30,2
YALI0D09339g,case_overexpressed,,0.003389830508474576,5.755230065321861e-06,5.262317615102656e-16,lightblue,circle,30,2
YALI0F24167g,case_overexpressed,,0.001694915254237288,0.0,3.7210204703965297e-16,lightblue,circle,30,2
YALI0D11374g,control_overexpressed,,0.001694915254237288,0.0,0.0003489989376812401,orange,circle,30,2
YALI0F09878g,control_overexpressed,,0.006779661016949152,1.6498326187255998e-05,4.991945978759323e-07,orange,circle,30,2
YALI0E34529g,control_overexpressed,,0.0,0.0,5.616542264280526e-23,orange,circle,30,2
YALI0E26191g,changed_regulation,,0.0,0.0,5.616542264280526e-23,green,circle,30,2
YALI0F05148g,control_overexpressed,,0.0,0.0,5.616542264280526e-23,orange,circle,30,2
YALI0E25982g,control_overexpressed,,0.001694915254237288,0.0,2.4033269189376202e-08,orange,circle,30,2
YALI0E11847g,case_overexpressed,,0.0,0.0,5.616542264280526e-23,lightblue,circle,30,2
YALI0E25091g,control_overexpressed,,0.001694915254237288,0.0,1.472342855327554e-17,orange,circle,30,2
YALI0F27203g,changed_regulation,,0.003389830508474576,0.0,1.9011395584662542e-07,green,circle,30,2
YALI0F02255g,case_upregulated,,0.001694915254237288,0.0,1.7462792574229095e-06,darkblue,circle,30,2
YALI0D16665g,case_overexpressed,,0.0,0.0,5.616542264280526e-23,lightblue,circle,30,2
YALI0D17050g,control_overexpressed,,0.0,0.0,5.616542264280526e-23,orange,circle,30,2
YALI0F08701g,case_overexpressed,,0.001694915254237288,0.0,1.472342855327554e-17,lightblue,circle,30,2
YALI0D19866g,changed_regulation,,0.0,0.0,5.616542264280526e-23,green,circle,30,2
YALI0F04169g,case_upregulated,,0.0,0.0,5.616542264280526e-23,darkblue,circle,30,2
YALI0D20262g,case_upregulated,,0.001694915254237288,0.0,1.841815773378029e-12,darkblue,circle,30,2
YALI0D20526g,case_overexpressed,,0.005084745762711864,0.002480504158153722,1.877495009386867e-09,lightblue,circle,30,2
YALI0D27038g,case_overexpressed,,0.001694915254237288,0.0,3.651560641398506e-10,lightblue,circle,30,2
YALI0E33429g,case_upregulated,,0.001694915254237288,0.0,3.651560641398506e-10,darkblue,circle,30,2
YALI0F00242g,control_overexpressed,,0.001694915254237288,0.0,2.1554183197251995e-08,orange,circle,30,2
YALI0E18612g,changed_regulation,,0.001694915254237288,0.0,1.472342855327554e-17,green,circle,30,2
YALI0F18656g,case_overexpressed,,0.0,0.0,5.616542264280526e-23,lightblue,circle,30,2
YALI0D25278g,control_overexpressed,,0.0,0.0,5.616542264280526e-23,orange,circle,30,2
YALI0D25542g,changed_regulation,,0.001694915254237288,0.0,1.472342855327554e-17,green,circle,30,2
YALI0F23749g,changed_regulation,,0.001694915254237288,0.0,1.472342855327554e-17,green,circle,30,2
YALI0E20713g,case_overexpressed,,0.0,0.0,5.616542264280526e-23,lightblue,circle,30,2
YALI0D26972g,changed_regulation,,0.001694915254237288,0.0,1.472342855327554e-17,green,circle,30,2
YALI0F00968g,changed_regulation,,0.001694915254237288,0.0,1.472342855327554e-17,green,circle,30,2
YALI0E00264g,case_overexpressed,,0.0,0.0,5.616542264280526e-23,lightblue,circle,30,2
YALI0E02684g,case_upregulated,,0.001694915254237288,0.0,1.4779901652385585e-09,darkblue,circle,30,2
YALI0F30613g,control_overexpressed,,0.001694915254237288,0.0,1.472342855327554e-17,orange,circle,30,2
YALI0E04356g,changed_regulation,,0.001694915254237288,0.0,1.3891364053872903e-06,green,circle,30,2
YALI0E04532g,case_overexpressed,,0.001694915254237288,0.0,1.472342855327554e-17,lightblue,circle,30,2
YALI0F04147g,control_overexpressed,,0.0,0.0,5.616542264280526e-23,orange,circle,30,2
YALI0E30921g,control_overexpressed,,0.005084745762711864,0.00020495628043950832,3.4356816612965804e-06,orange,circle,30,2
YALI0E07051g,case_overexpressed,,0.001694915254237288,0.0,3.7210204703965297e-16,lightblue,circle,30,2
YALI0F08415g,case_overexpressed,,0.003389830508474576,5.755230065321861e-06,5.262317615102656e-16,lightblue,circle,30,2
YALI0E10153g,control_overexpressed,,0.003389830508474576,0.0,7.818695527837215e-13,orange,circle,30,2
YALI0F30657g,changed_regulation,,0.0,0.0,5.616542264280526e-23,green,circle,30,2
YALI0E10373g,case_overexpressed,,0.001694915254237288,0.0,5.627082126595753e-08,lightblue,circle,30,2
YALI0E11121g,case_upregulated,,0.001694915254237288,0.0,1.1654424360258611e-08,darkblue,circle,30,2
YALI0F18040g,case_overexpressed,,0.001694915254237288,0.0,1.472342855327554e-17,lightblue,circle,30,2
YALI0E19470g,control_overexpressed,,0.0,0.0,5.616542264280526e-23,orange,circle,30,2
YALI0E13508g,control_overexpressed,,0.005084745762711864,3.453138039193117e-05,2.4887406671327424e-13,orange,circle,30,2
YALI0E32637g,control_overexpressed,,0.003389830508474576,0.0,2.1824862881760972e-13,orange,circle,30,2
YALI0F11121g,control_overexpressed,,0.005084745762711864,6.906276078386234e-05,2.7341673817002296e-13,orange,circle,30,2
YALI0F27621g,control_overexpressed,,0.001694915254237288,0.0,1.039598893622853e-13,orange,circle,30,2
YALI0E16016g,changed_regulation,,0.003389830508474576,0.0,1.5569503939554293e-10,green,circle,30,2
YALI0E18568g,changed_regulation,,0.003389830508474576,0.0,1.5569503939554293e-10,green,circle,30,2
YALI0F27687g,case_overexpressed,,0.0,0.0,5.616542264280526e-23,lightblue,circle,30,2
YALI0E21527g,control_overexpressed,,0.003389830508474576,0.0,7.818695527837215e-13,orange,circle,30,2
YALI0E20625g,control_overexpressed,,0.001694915254237288,0.0,1.472342855327554e-17,orange,circle,30,2
YALI0E19250g,case_upregulated,,0.003389830508474576,0.0,4.192714464385426e-08,darkblue,circle,30,2
YALI0F03883g,changed_regulation,,0.0,0.0,5.616542264280526e-23,green,circle,30,2
YALI0E20647g,control_overexpressed,,0.001694915254237288,0.0,1.472342855327554e-17,orange,circle,30,2
YALI0F30261g,changed_regulation,,0.003389830508474576,0.001243129694109522,3.7364137682265865e-08,green,circle,30,2
YALI0F23573g,control_overexpressed,,0.0,0.0,5.616542264280526e-23,orange,circle,30,2
YALI0F12375g,control_overexpressed,Mutated_Gene,0.0,0.0,5.616542264280526e-23,orange,diamond,80,15
YALI0E33377g,control_overexpressed,,0.0,0.0,5.616542264280526e-23,orange,circle,30,2
YALI0F00880g,control_overexpressed,,0.001694915254237288,0.0,7.827946134702899e-14,orange,circle,30,2
YALI0F01408g,case_upregulated,,0.0,0.0,5.616542264280526e-23,darkblue,circle,30,2
YALI0F29073g,changed_regulation,,0.0,0.0,5.616542264280526e-23,green,circle,30,2
YALI0F02277g,control_overexpressed,,0.0,0.0,5.616542264280526e-23,orange,circle,30,2
YALI0F04620g,case_overexpressed,,0.001694915254237288,0.0,3.7210204703965297e-16,lightblue,circle,30,2
YALI0F07337g,control_overexpressed,,0.001694915254237288,0.0,3.627904052399021e-10,orange,circle,30,2
YALI0F30349g,changed_regulation,,0.0,0.0,5.616542264280526e-23,green,circle,30,2
YALI0F24981g,control_upregulated,,0.0,0.0,5.616542264280526e-23,red,circle,30,2
YALI0F26323g,case_overexpressed,,0.0,0.0,5.616542264280526e-23,lightblue,circle,30,2
