YALI0F06116g,YALI0E23562g
YALI0F06116g,YALI0D17952g
YALI0F06116g,YALI0E29865g
YALI0F06116g,YALI0F06182g
YALI0F06116g,YALI0F22847g
YALI0C00803g,YALI0B21846g
YALI0C00803g,YALI0E21549g
YALI0C00803g,YALI0E05467g
YALI0C00803g,YALI0E00264g
YALI0C00803g,YALI0E32241g
YALI0C00803g,YALI0D15400g
YALI0C00803g,YALI0C04158g
YALI0E27049g,YALI0F30459g
YALI0E27049g,YALI0D10065g
YALI0E27049g,YALI0A06787g
YALI0E27049g,YALI0B04928g
YALI0E27049g,YALI0D22088g
YALI0E27049g,YALI0C23859g
YALI0E27049g,YALI0C18689g
YALI0E27049g,YALI0D17952g
YALI0E27049g,YALI0E29865g
YALI0E27049g,YALI0D15818g
YALI0E27049g,YALI0F13321g
YALI0E27049g,YALI0A19404g
YALI0E27049g,YALI0F06182g
YALI0E27049g,YALI0F22847g
YALI0E27049g,YALI0A19844g
YALI0E27049g,YALI0B02794g
YALI0E26235g,YALI0F20856g
YALI0E26235g,YALI0E05753g
YALI0E26235g,YALI0D13112g
YALI0E26235g,YALI0D14630g
YALI0E26235g,YALI0F26125g
YALI0E26235g,YALI0B14971g
YALI0E26235g,YALI0B00220g
YALI0E26235g,YALI0D17086g
YALI0E26235g,YALI0F27181g
YALI0E26235g,YALI0C20625g
YALI0E26235g,YALI0E26609g
YALI0E26235g,YALI0B09119g
YALI0E26235g,YALI0C11495g
YALI0E26235g,YALI0A02134g
YALI0E26235g,YALI0E32483g
YALI0E26235g,YALI0B12386g
YALI0E26235g,YALI0D10065g
YALI0E26235g,YALI0B06963g
YALI0E26235g,YALI0B14289g
YALI0E26235g,YALI0B02420g
YALI0E26235g,YALI0F24365g
YALI0E26235g,YALI0F26543g
YALI0E26235g,YALI0F29095g
YALI0E26235g,YALI0C02915g
YALI0E26235g,YALI0D22088g
YALI0E26235g,YALI0D13068g
YALI0E26235g,YALI0B16874g
YALI0E26235g,YALI0C18689g
YALI0E26235g,YALI0D17952g
YALI0E26235g,YALI0B07535g
YALI0E26235g,YALI0D13948g
YALI0E26235g,YALI0B05280g
YALI0E26235g,YALI0C04345g
YALI0E26235g,YALI0F10659g
YALI0E26235g,YALI0D07890g
YALI0E26235g,YALI0E12485g
YALI0E26235g,YALI0D26752g
YALI0E26235g,YALI0F13321g
YALI0E26235g,YALI0E32791g
YALI0E26235g,YALI0E26686g
YALI0E26235g,YALI0E05071g
YALI0E26235g,YALI0E22044g
YALI0E26235g,YALI0C19965g
YALI0E26235g,YALI0D20174g
YALI0E26235g,YALI0D15774g
YALI0E26235g,YALI0D11594g
YALI0E26235g,YALI0C01573g
YALI0E26235g,YALI0F28831g
YALI0E26235g,YALI0C23056g
YALI0E26235g,YALI0F13805g
YALI0E26235g,Q3ZBD7
YALI0E26235g,YALI0E27588g
YALI0E26235g,YALI0F01034g
YALI0E26235g,YALI0A19844g
YALI0C11495g,YALI0F20856g
YALI0C11495g,Q12724
YALI0C11495g,YALI0F04730g
YALI0C11495g,YALI0D13112g
YALI0C11495g,YALI0D14630g
YALI0C11495g,YALI0E33649g
YALI0C11495g,YALI0B22440g
YALI0C11495g,YALI0F26521g
YALI0C11495g,YALI0B11572g
YALI0C11495g,YALI0B14971g
YALI0C11495g,YALI0F18898g
YALI0C11495g,YALI0F27181g
YALI0C11495g,YALI0F06826g
YALI0C11495g,YALI0E25696g
YALI0C11495g,YALI0C06996g
YALI0C11495g,YALI0F10153g
YALI0C11495g,YALI0F29095g
YALI0C11495g,YALI0B19162g
YALI0C11495g,YALI0C02915g
YALI0C11495g,YALI0C00187g
YALI0C11495g,YALI0D10879g
YALI0C11495g,YALI0B16874g
YALI0C11495g,YALI0B07535g
YALI0C11495g,YALI0D13948g
YALI0C11495g,YALI0F13343g
YALI0C11495g,YALI0B05280g
YALI0C11495g,YALI0C04345g
YALI0C11495g,YALI0D18810g
YALI0C11495g,YALI0E12485g
YALI0C11495g,YALI0C17237g
YALI0C11495g,YALI0E22044g
YALI0C11495g,YALI0C05324g
YALI0C11495g,YALI0B00198g
YALI0E05643g,YALI0D06303g
YALI0E05643g,YALI0F01100g
YALI0E05643g,YALI0F21615g
YALI0E05643g,YALI0A03597g
YALI0E05643g,YALI0B16500g
YALI0E05643g,YALI0E31493g
YALI0E05643g,YALI0E05467g
YALI0E05643g,YALI0A13299g
YALI0E05643g,YALI0E21307g
YALI0E05643g,YALI0F26125g
YALI0E05643g,YALI0E19899g
YALI0E05643g,YALI0C20625g
YALI0E05643g,YALI0E04763g
YALI0E05643g,YALI0F27951g
YALI0E05643g,YALI0F13409g
YALI0E05643g,YALI0D12452g
YALI0E05643g,YALI0D15532g
YALI0E05643g,YALI0A08448g
YALI0E05643g,YALI0B06963g
YALI0E05643g,YALI0B02420g
YALI0E05643g,YALI0F24365g
YALI0E05643g,YALI0B04928g
YALI0E05643g,YALI0D22088g
YALI0E05643g,YALI0C23859g
YALI0E05643g,YALI0D17952g
YALI0E05643g,YALI0F20196g
YALI0E05643g,YALI0B08404g
YALI0E05643g,YALI0C14190g
YALI0E05643g,YALI0C06127g
YALI0E05643g,YALI0D13948g
YALI0E05643g,YALI0F13343g
YALI0E05643g,YALI0D15818g
YALI0E05643g,YALI0C04345g
YALI0E05643g,YALI0F13321g
YALI0E05643g,YALI0E26686g
YALI0E05643g,YALI0F04147g
YALI0E05643g,YALI0A19404g
YALI0E05643g,YALI0D15774g
YALI0E05643g,YALI0F06182g
YALI0E05643g,YALI0F22847g
YALI0E05643g,YALI0B02794g
YALI0C05951g,YALI0A13299g
YALI0C05951g,YALI0E21307g
YALI0C05951g,YALI0B00220g
YALI0C05951g,YALI0F27181g
YALI0C05951g,YALI0E30217g
YALI0C05951g,YALI0F13409g
YALI0C05951g,YALI0D15532g
YALI0C05951g,YALI0B02420g
YALI0C05951g,YALI0F24365g
YALI0C05951g,YALI0D22088g
YALI0C05951g,YALI0D03465g
YALI0C05951g,YALI0E05225g
YALI0C05951g,YALI0C18689g
YALI0C05951g,YALI0D13024g
YALI0C05951g,YALI0D13948g
YALI0C05951g,YALI0C04345g
YALI0C05951g,YALI0C16346g
YALI0C05951g,YALI0F10659g
YALI0C05951g,YALI0C05819g
YALI0C05951g,YALI0A19404g
YALI0C05951g,YALI0B05456g
YALI0C06798g,YALI0F20856g
YALI0C06798g,Q12724
YALI0C06798g,YALI0E16060g
YALI0C06798g,YALI0E33539g
YALI0C06798g,YALI0C00649g
YALI0C06798g,YALI0B04268g
YALI0C06798g,YALI0A15708g
YALI0C06798g,YALI0B13904g
YALI0C06798g,YALI0F20570g
YALI0C06798g,YALI0B00198g
YALI0C06798g,YALI0D14740g
YALI0B15708g,YALI0E06457g
YALI0E02046g,YALI0E33077g
YALI0E02046g,YALI0F18898g
YALI0E02046g,YALI0F27181g
YALI0E02046g,YALI0F06826g
YALI0E02046g,YALI0E11495g
YALI0E02046g,YALI0E03982g
YALI0E02046g,YALI0A04345g
YALI0E02046g,YALI0E33165g
YALI0E02046g,YALI0F20724g
YALI0E02046g,Q3ZBD7
YALI0B18150g,YALI0C22066g
YALI0E30217g,YALI0B21868g
YALI0E30217g,YALI0E21307g
YALI0E30217g,YALI0B00220g
YALI0E30217g,YALI0F14575g
YALI0E30217g,YALI0E26609g
YALI0E30217g,YALI0F30459g
YALI0E30217g,YALI0B02574g
YALI0E30217g,YALI0B12386g
YALI0E30217g,YALI0F24365g
YALI0E30217g,YALI0F26543g
YALI0E30217g,YALI0D22088g
YALI0E30217g,YALI0C18689g
YALI0E30217g,YALI0D14564g
YALI0E30217g,YALI0F10659g
YALI0E30217g,YALI0F13321g
YALI0E30217g,YALI0F31031g
YALI0E30217g,YALI0D11594g
YALI0E30217g,YALI0B05456g
YALI0E30217g,YALI0F01034g
YALI0E30217g,YALI0A19844g
YALI0E33539g,YALI0E16060g
YALI0C16049g,YALI0C07865g
YALI0A16566g,YALI0D17490g
YALI0A16566g,YALI0E14795g
YALI0A16566g,YALI0E25696g
YALI0A16566g,YALI0F10153g
YALI0A16566g,YALI0A16214g
YALI0A16566g,YALI0B06116g
YALI0A16566g,YALI0D18810g
YALI0A16566g,YALI0E09933g
YALI0A16566g,YALI0C17083g
YALI0A16566g,YALI0C17237g
YALI0A16566g,YALI0B23210g
YALI0A16566g,YALI0F16918g
YALI0E10637g,YALI0E03784g
YALI0B07535g,Q12724
YALI0B07535g,YALI0F01100g
YALI0B07535g,YALI0A03597g
YALI0B07535g,YALI0B16500g
YALI0B07535g,YALI0D13112g
YALI0B07535g,YALI0D04268g
YALI0B07535g,YALI0B00220g
YALI0B07535g,YALI0D17086g
YALI0B07535g,YALI0C20625g
YALI0B07535g,YALI0E32483g
YALI0B07535g,YALI0B12386g
YALI0B07535g,YALI0B23122g
YALI0B07535g,YALI0A03245g
YALI0B07535g,YALI0F31163g
YALI0B07535g,YALI0D03762g
YALI0B07535g,YALI0B06963g
YALI0B07535g,YALI0F15829g
YALI0B07535g,YALI0F26543g
YALI0B07535g,YALI0F29095g
YALI0B07535g,YALI0B19162g
YALI0B07535g,YALI0D22088g
YALI0B07535g,YALI0C23859g
YALI0B07535g,YALI0D10879g
YALI0B07535g,YALI0D13068g
YALI0B07535g,YALI0D17952g
YALI0B07535g,YALI0E29865g
YALI0B07535g,YALI0D13948g
YALI0B07535g,YALI0F13343g
YALI0B07535g,YALI0B05280g
YALI0B07535g,YALI0D25124g
YALI0B07535g,YALI0C04345g
YALI0B07535g,YALI0F10659g
YALI0B07535g,YALI0C05500g
YALI0B07535g,YALI0E12485g
YALI0B07535g,YALI0F13321g
YALI0B07535g,YALI0E32791g
YALI0B07535g,YALI0D20174g
YALI0B07535g,YALI0C05324g
YALI0B07535g,YALI0F06182g
YALI0B07535g,YALI0F04598g
YALI0B07535g,YALI0F22847g
YALI0B07535g,YALI0A19844g
YALI0A13299g,YALI0F21615g
YALI0A13299g,YALI0D13112g
YALI0A13299g,YALI0E21307g
YALI0A13299g,YALI0F26125g
YALI0A13299g,YALI0F13409g
YALI0A13299g,YALI0B02574g
YALI0A13299g,YALI0E17105g
YALI0A13299g,YALI0B06963g
YALI0A13299g,YALI0D23705g
YALI0A13299g,YALI0B02420g
YALI0A13299g,YALI0F24365g
YALI0A13299g,YALI0B04928g
YALI0A13299g,P13647
YALI0A13299g,YALI0F26543g
YALI0A13299g,YALI0D22088g
YALI0A13299g,YALI0D03465g
YALI0A13299g,YALI0C18689g
YALI0A13299g,YALI0C14190g
YALI0A13299g,YALI0C06127g
YALI0A13299g,YALI0C04345g
YALI0A13299g,YALI0F10659g
YALI0A13299g,YALI0C05500g
YALI0A13299g,YALI0E12485g
YALI0A13299g,YALI0D11044g
YALI0A13299g,YALI0F13321g
YALI0A13299g,YALI0E26686g
YALI0A13299g,YALI0A19404g
YALI0A13299g,YALI0F31031g
YALI0A13299g,YALI0D15774g
YALI0A13299g,YALI0B11418g
YALI0A13299g,YALI0F09581g
YALI0A13299g,YALI0B05456g
YALI0A13299g,YALI0C23056g
YALI0A13299g,YALI0F22847g
YALI0A13299g,YALI0A19844g
YALI0E06919g,YALI0C11473g
YALI0E06919g,YALI0E14795g
YALI0E06919g,YALI0F06826g
YALI0E06919g,YALI0A02134g
YALI0E06919g,YALI0A04367g
YALI0E06919g,YALI0F10153g
YALI0E06919g,YALI0E18590g
YALI0E06919g,YALI0B06116g
YALI0E06919g,YALI0B10758g
YALI0E06919g,YALI0C17083g
YALI0E06919g,YALI0F26807g
YALI0E06919g,YALI0C17237g
YALI0E06919g,YALI0F27247g
YALI0E06919g,YALI0B23210g
YALI0E06919g,YALI0D07788g
YALI0E06919g,YALI0F16918g
YALI0E06919g,YALI0A03685g
YALI0E06919g,Q3ZBD7
YALI0E06919g,YALI0F00132g
YALI0E06919g,YALI0A11407g
YALI0B22440g,YALI0A16698g
YALI0B22440g,YALI0B19162g
YALI0B22440g,YALI0C17237g
YALI0D13112g,Q12724
YALI0D13112g,YALI0E05753g
YALI0D13112g,YALI0D14630g
YALI0D13112g,YALI0E33077g
YALI0D13112g,YALI0F26125g
YALI0D13112g,YALI0B14971g
YALI0D13112g,YALI0F18898g
YALI0D13112g,YALI0D17086g
YALI0D13112g,YALI0F27181g
YALI0D13112g,YALI0F06826g
YALI0D13112g,YALI0E26609g
YALI0D13112g,YALI0B09119g
YALI0D13112g,YALI0F13409g
YALI0D13112g,YALI0E32483g
YALI0D13112g,YALI0B10560g
YALI0D13112g,YALI0E17105g
YALI0D13112g,YALI0F24365g
YALI0D13112g,YALI0F26543g
YALI0D13112g,YALI0F29095g
YALI0D13112g,YALI0B19162g
YALI0D13112g,YALI0C02915g
YALI0D13112g,YALI0D22088g
YALI0D13112g,YALI0C00187g
YALI0D13112g,YALI0D13068g
YALI0D13112g,YALI0B16874g
YALI0D13112g,YALI0C06127g
YALI0D13112g,YALI0D13948g
YALI0D13112g,YALI0F13343g
YALI0D13112g,YALI0B05280g
YALI0D13112g,YALI0C04345g
YALI0D13112g,YALI0F10659g
YALI0D13112g,YALI0E12485g
YALI0D13112g,YALI0F13321g
YALI0D13112g,YALI0E32791g
YALI0D13112g,YALI0E22044g
YALI0D13112g,YALI0C19965g
YALI0D13112g,YALI0D15774g
YALI0D13112g,YALI0D11594g
YALI0D13112g,YALI0F28831g
YALI0D13112g,YALI0C23056g
YALI0D13112g,YALI0F13805g
YALI0D13112g,Q3ZBD7
YALI0D13112g,YALI0E27588g
YALI0D13112g,YALI0E28006g
YALI0D13112g,YALI0F01034g
YALI0D13112g,YALI0A19844g
YALI0D13640g,YALI0F03454g
YALI0C21494g,YALI0A17985g
YALI0D12749g,YALI0B05896g
YALI0D12749g,YALI0F06826g
YALI0D12749g,YALI0F26411g
YALI0D12749g,YALI0B09119g
YALI0D12749g,Q3ZBD7
YALI0D25124g,YALI0A09042g
YALI0D25124g,YALI0C02915g
YALI0D25124g,YALI0E12485g
YALI0A11407g,YALI0C11473g
YALI0A11407g,YALI0F04730g
YALI0A11407g,YALI0E29579g
YALI0A11407g,YALI0E14949g
YALI0A11407g,YALI0F26521g
YALI0A11407g,YALI0A12705g
YALI0A11407g,YALI0A04367g
YALI0A11407g,YALI0A16214g
YALI0A11407g,YALI0B06116g
YALI0A11407g,YALI0F11297g
YALI0A11407g,YALI0F18656g
YALI0A11407g,YALI0E09933g
YALI0A11407g,YALI0C17083g
YALI0A11407g,YALI0C17237g
YALI0A11407g,YALI0B23210g
YALI0A11407g,YALI0D07788g
YALI0A11407g,YALI0A10164g
YALI0F18656g,YALI0F04730g
YALI0F18656g,YALI0D12144g
YALI0F18656g,YALI0A04367g
YALI0F18656g,YALI0B23210g
YALI0F18656g,YALI0D07788g
YALI0F18656g,YALI0D14740g
YALI0B04928g,YALI0F21615g
YALI0B04928g,YALI0E21307g
YALI0B04928g,YALI0D17086g
YALI0B04928g,YALI0B11704g
YALI0B04928g,YALI0E03212g
YALI0B04928g,YALI0C20625g
YALI0B04928g,YALI0E04763g
YALI0B04928g,YALI0C09548g
YALI0B04928g,YALI0F13409g
YALI0B04928g,YALI0E12353g
YALI0B04928g,YALI0B02574g
YALI0B04928g,YALI0D10065g
YALI0B04928g,YALI0A06787g
YALI0B04928g,YALI0A07799g
YALI0B04928g,YALI0D22088g
YALI0B04928g,YALI0E05225g
YALI0B04928g,YALI0C23859g
YALI0B04928g,YALI0C18689g
YALI0B04928g,YALI0D17952g
YALI0B04928g,YALI0F20196g
YALI0B04928g,YALI0D14564g
YALI0B04928g,YALI0C14190g
YALI0B04928g,YALI0E29865g
YALI0B04928g,YALI0F13343g
YALI0B04928g,YALI0D15818g
YALI0B04928g,YALI0C04158g
YALI0B04928g,YALI0C04345g
YALI0B04928g,YALI0C05500g
YALI0B04928g,YALI0E12485g
YALI0B04928g,YALI0F13321g
YALI0B04928g,YALI0F04147g
YALI0B04928g,YALI0A19404g
YALI0B04928g,YALI0D15774g
YALI0B04928g,YALI0F06182g
YALI0B04928g,YALI0F04598g
YALI0B04928g,YALI0F06226g
YALI0B04928g,YALI0F22847g
YALI0B04928g,YALI0A19844g
YALI0B04928g,YALI0B02794g
YALI0E13794g,YALI0E21307g
YALI0E13794g,YALI0A16797g
YALI0E13794g,YALI0E17105g
YALI0E13794g,YALI0D23705g
YALI0E13794g,YALI0B02420g
YALI0E13794g,YALI0F24365g
YALI0E13794g,YALI0F26543g
YALI0E13794g,YALI0D03465g
YALI0E13794g,YALI0E05225g
YALI0E13794g,YALI0C06127g
YALI0E13794g,YALI0F10659g
YALI0E13794g,YALI0F09581g
YALI0E13794g,YALI0D11594g
YALI0E13794g,YALI0C23056g
YALI0E13794g,YALI0F13805g
YALI0E13794g,YALI0F01034g
YALI0E13794g,YALI0A19844g
YALI0E05709g,YALI0F19514g
YALI0E10747g,YALI0F18898g
YALI0B19162g,YALI0F04730g
YALI0B19162g,YALI0A16379g
YALI0B19162g,YALI0E33077g
YALI0B19162g,YALI0F26521g
YALI0B19162g,YALI0E14795g
YALI0B19162g,YALI0B00220g
YALI0B19162g,YALI0F18898g
YALI0B19162g,YALI0D17086g
YALI0B19162g,YALI0F06826g
YALI0B19162g,YALI0F26411g
YALI0B19162g,YALI0B09119g
YALI0B19162g,YALI0A02134g
YALI0B19162g,YALI0F10153g
YALI0B19162g,YALI0C02915g
YALI0B19162g,YALI0B06116g
YALI0B19162g,YALI0D13068g
YALI0B19162g,YALI0B16874g
YALI0B19162g,YALI0B10758g
YALI0B19162g,YALI0C10945g
YALI0B19162g,YALI0F01738g
YALI0B19162g,YALI0D13948g
YALI0B19162g,YALI0F13343g
YALI0B19162g,YALI0B05280g
YALI0B19162g,YALI0C04345g
YALI0B19162g,YALI0E12485g
YALI0B19162g,YALI0E25223g
YALI0B19162g,YALI0C17083g
YALI0B19162g,YALI0F26807g
YALI0B19162g,YALI0C17237g
YALI0B19162g,YALI0E22044g
YALI0B19162g,YALI0C05324g
YALI0B19162g,YALI0D21912g
YALI0B19162g,YALI0B23210g
YALI0B19162g,YALI0D07788g
YALI0B19162g,Q3ZBD7
YALI0D18810g,YALI0F04730g
YALI0D18810g,YALI0E25696g
YALI0D18810g,YALI0B21516g
YALI0D18810g,YALI0F10153g
YALI0D18810g,YALI0D22088g
YALI0D18810g,YALI0C00187g
YALI0D18810g,YALI0D17952g
YALI0D18810g,YALI0A15576g
YALI0D18810g,YALI0B05280g
YALI0D18810g,YALI0C17237g
YALI0D18810g,YALI0C05324g
YALI0D18810g,YALI0D22506g
YALI0D15356g,YALI0B16060g
YALI0B14058g,YALI0E14795g
YALI0B14058g,YALI0A15081g
YALI0B14058g,YALI0F31163g
YALI0B14058g,YALI0F10153g
YALI0B14058g,YALI0A18722g
YALI0B14058g,YALI0F16918g
YALI0D07890g,YALI0E05753g
YALI0D07890g,YALI0F26125g
YALI0D07890g,YALI0C04906g
YALI0D07890g,YALI0E13189g
YALI0D07890g,YALI0A09042g
YALI0D07890g,YALI0F24365g
YALI0D07890g,YALI0C16346g
YALI0D07890g,YALI0C05819g
YALI0D07890g,YALI0E05071g
YALI0D07890g,YALI0F11583g
YALI0D07890g,YALI0B05456g
YALI0B00220g,YALI0F04730g
YALI0B00220g,YALI0E29579g
YALI0B00220g,YALI0D14630g
YALI0B00220g,YALI0E33077g
YALI0B00220g,YALI0B21868g
YALI0B00220g,YALI0F26521g
YALI0B00220g,YALI0D17086g
YALI0B00220g,YALI0F27181g
YALI0B00220g,YALI0C11803g
YALI0B00220g,YALI0F06826g
YALI0B00220g,YALI0C20625g
YALI0B00220g,YALI0F26411g
YALI0B00220g,YALI0B09119g
YALI0B00220g,YALI0F09339g
YALI0B00220g,YALI0F30459g
YALI0B00220g,YALI0E09471g
YALI0B00220g,YALI0A02134g
YALI0B00220g,YALI0E32483g
YALI0B00220g,YALI0B12386g
YALI0B00220g,YALI0D10065g
YALI0B00220g,YALI0D25542g
YALI0B00220g,YALI0B10560g
YALI0B00220g,YALI0B23122g
YALI0B00220g,YALI0B02420g
YALI0B00220g,YALI0F24365g
YALI0B00220g,YALI0F15829g
YALI0B00220g,YALI0F29095g
YALI0B00220g,YALI0D22088g
YALI0B00220g,YALI0F31603g
YALI0B00220g,YALI0B06116g
YALI0B00220g,YALI0C23859g
YALI0B00220g,YALI0D13068g
YALI0B00220g,YALI0C18689g
YALI0B00220g,YALI0D17952g
YALI0B00220g,YALI0D14564g
YALI0B00220g,YALI0D13948g
YALI0B00220g,YALI0D15818g
YALI0B00220g,YALI0C04345g
YALI0B00220g,YALI0F10659g
YALI0B00220g,YALI0E12485g
YALI0B00220g,YALI0E25223g
YALI0B00220g,YALI0D26752g
YALI0B00220g,YALI0F13321g
YALI0B00220g,YALI0E32791g
YALI0B00220g,YALI0A19404g
YALI0B00220g,YALI0F20724g
YALI0B00220g,YALI0C05324g
YALI0B00220g,YALI0D11594g
YALI0B00220g,YALI0F04598g
YALI0B00220g,YALI0F22847g
YALI0B00220g,Q3ZBD7
YALI0B00220g,YALI0E27588g
YALI0B00220g,YALI0A19844g
YALI0F12991g,YALI0E16060g
YALI0F12991g,YALI0F16291g
YALI0F12991g,YALI0E05753g
YALI0F12991g,YALI0F04730g
YALI0F12991g,YALI0D14630g
YALI0F12991g,YALI0B14971g
YALI0F12991g,YALI0F18898g
YALI0F12991g,YALI0C00649g
YALI0F12991g,YALI0B14289g
YALI0F12991g,YALI0D13948g
YALI0F12991g,YALI0B05280g
YALI0F12991g,YALI0E21824g
YALI0A01045g,YALI0D06303g
YALI0A01045g,YALI0B21868g
YALI0A01045g,YALI0E21307g
YALI0A01045g,YALI0E03212g
YALI0A01045g,YALI0F30459g
YALI0A01045g,YALI0E09471g
YALI0A01045g,YALI0E32483g
YALI0A01045g,YALI0B02420g
YALI0A01045g,YALI0D15818g
YALI0A01045g,YALI0F10659g
YALI0A01045g,YALI0D26752g
YALI0A01045g,YALI0F13321g
YALI0A01045g,YALI0A19844g
YALI0A01045g,YALI0B02794g
YALI0C05819g,YALI0F24365g
YALI0C05819g,YALI0D18403g
YALI0C05819g,YALI0F28083g
YALI0C05819g,YALI0F11583g
YALI0C05819g,YALI0B05456g
YALI0F28831g,YALI0F26125g
YALI0F28831g,YALI0B18414g
YALI0F28831g,YALI0E32791g
YALI0F28831g,YALI0C23056g
YALI0F28831g,YALI0E27588g
YALI0F28831g,YALI0E28006g
YALI0F20724g,YALI0E33077g
YALI0F20724g,YALI0F27181g
YALI0F20724g,YALI0F06826g
YALI0F20724g,YALI0F26411g
YALI0F20724g,YALI0B06116g
YALI0F20724g,YALI0D13068g
YALI0F20724g,YALI0A04345g
YALI0F20724g,YALI0C06127g
YALI0F20724g,YALI0B18414g
YALI0F20724g,YALI0E33165g
YALI0F20724g,YALI0E25223g
YALI0F20724g,YALI0E09449g
YALI0F20724g,Q3ZBD7
YALI0F20724g,YALI0E27588g
YALI0E05225g,YALI0E21307g
YALI0E05225g,YALI0B11704g
YALI0E05225g,YALI0F30459g
YALI0E05225g,YALI0F13409g
YALI0E05225g,YALI0D10065g
YALI0E05225g,YALI0B02420g
YALI0E05225g,YALI0C18689g
YALI0E05225g,YALI0D17952g
YALI0E05225g,YALI0D15818g
YALI0E05225g,YALI0F10659g
YALI0E05225g,YALI0D26752g
YALI0E05225g,YALI0F13321g
YALI0E05225g,YALI0A19404g
YALI0E05225g,YALI0F22847g
YALI0E05225g,YALI0A19844g
YALI0E03784g,YALI0E14949g
YALI0E03784g,YALI0F14663g
YALI0A16445g,YALI0C18315g
YALI0B04224g,YALI0B06116g
YALI0C02321g,YALI0B12386g
YALI0C02321g,YALI0F23573g
YALI0F24365g,YALI0D06303g
YALI0F24365g,YALI0E05753g
YALI0F24365g,YALI0D14630g
YALI0F24365g,YALI0E21307g
YALI0F24365g,YALI0F26125g
YALI0F24365g,YALI0B14971g
YALI0F24365g,YALI0D17086g
YALI0F24365g,YALI0F27181g
YALI0F24365g,YALI0A16797g
YALI0F24365g,YALI0E26609g
YALI0F24365g,YALI0F13409g
YALI0F24365g,YALI0E32483g
YALI0F24365g,YALI0B12386g
YALI0F24365g,YALI0D12452g
YALI0F24365g,YALI0D15532g
YALI0F24365g,YALI0E17105g
YALI0F24365g,YALI0B06963g
YALI0F24365g,YALI0D23705g
YALI0F24365g,YALI0B02420g
YALI0F24365g,YALI0F26543g
YALI0F24365g,YALI0F29095g
YALI0F24365g,YALI0D22088g
YALI0F24365g,YALI0D03465g
YALI0F24365g,YALI0B16874g
YALI0F24365g,YALI0C18689g
YALI0F24365g,YALI0D18403g
YALI0F24365g,YALI0C06127g
YALI0F24365g,YALI0D13948g
YALI0F24365g,YALI0B05280g
YALI0F24365g,YALI0C04345g
YALI0F24365g,YALI0C16346g
YALI0F24365g,YALI0F10659g
YALI0F24365g,YALI0F13321g
YALI0F24365g,YALI0E32791g
YALI0F24365g,YALI0E26686g
YALI0F24365g,YALI0A19404g
YALI0F24365g,YALI0E05071g
YALI0F24365g,YALI0F11583g
YALI0F24365g,YALI0C19965g
YALI0F24365g,YALI0D15774g
YALI0F24365g,YALI0F09581g
YALI0F24365g,YALI0D11594g
YALI0F24365g,YALI0B05456g
YALI0F24365g,YALI0C23056g
YALI0F24365g,YALI0F13805g
YALI0F24365g,YALI0F01034g
YALI0F24365g,YALI0A19844g
YALI0D11594g,YALI0E05753g
YALI0D11594g,YALI0D14630g
YALI0D11594g,YALI0E33077g
YALI0D11594g,YALI0D17086g
YALI0D11594g,YALI0A16797g
YALI0D11594g,YALI0E26609g
YALI0D11594g,YALI0B09119g
YALI0D11594g,YALI0F30459g
YALI0D11594g,YALI0E32483g
YALI0D11594g,YALI0E13189g
YALI0D11594g,YALI0D10065g
YALI0D11594g,YALI0B10560g
YALI0D11594g,YALI0E17105g
YALI0D11594g,YALI0F26543g
YALI0D11594g,YALI0D22088g
YALI0D11594g,YALI0D13948g
YALI0D11594g,YALI0B18414g
YALI0D11594g,YALI0F10659g
YALI0D11594g,YALI0D26752g
YALI0D11594g,YALI0E32791g
YALI0D11594g,YALI0C19965g
YALI0D11594g,YALI0D07612g
YALI0D11594g,YALI0D15774g
YALI0D11594g,YALI0E10263g
YALI0D11594g,YALI0C23056g
YALI0D11594g,YALI0F13805g
YALI0D11594g,YALI0E28006g
YALI0D11594g,YALI0F01034g
YALI0D11594g,YALI0A19844g
YALI0A03685g,YALI0E27830g
YALI0A03685g,YALI0E14795g
YALI0A03685g,YALI0F06826g
YALI0A03685g,YALI0E25696g
YALI0A03685g,YALI0D21956g
YALI0A03685g,YALI0B06116g
YALI0A03685g,YALI0C17083g
YALI0A03685g,YALI0C17237g
YALI0A03685g,YALI0F00132g
YALI0F04147g,YALI0F21615g
YALI0F04147g,YALI0B16500g
YALI0F04147g,YALI0F13409g
YALI0F04147g,YALI0C23859g
YALI0F04147g,YALI0B08404g
YALI0F04147g,YALI0C14190g
YALI0F04147g,YALI0C04345g
YALI0F04147g,YALI0D08580g
YALI0F04147g,YALI0F22847g
YALI0C12918g,YALI0F04730g
YALI0C12918g,YALI0D04422g
YALI0C12918g,YALI0F18898g
YALI0C12918g,YALI0F26411g
YALI0C12918g,YALI0E09471g
YALI0C12918g,YALI0E04807g
YALI0C12918g,YALI0D16797g
YALI0C12918g,YALI0F31119g
YALI0C12918g,YALI0B02772g
YALI0C12918g,YALI0F01738g
YALI0C12918g,YALI0D26752g
YALI0C12918g,YALI0F26807g
YALI0C12918g,YALI0F20570g
YALI0D06303g,YALI0E06457g
YALI0D06303g,YALI0C06171g
YALI0D06303g,YALI0A19888g
YALI0D06303g,YALI0E31493g
YALI0D06303g,YALI0E21307g
YALI0D06303g,YALI0E19899g
YALI0D06303g,YALI0B11704g
YALI0D06303g,YALI0E32483g
YALI0D06303g,YALI0D15532g
YALI0D06303g,YALI0D23705g
YALI0D06303g,YALI0B02420g
YALI0D06303g,YALI0D13948g
YALI0D06303g,YALI0F10659g
YALI0D06303g,YALI0F13321g
YALI0D06303g,YALI0E32791g
YALI0D06303g,YALI0E26686g
YALI0D06303g,YALI0D15774g
YALI0D06303g,YALI0F09581g
YALI0D06303g,YALI0B02794g
YALI0E07513g,YALI0A16698g
YALI0D15774g,YALI0F01100g
YALI0D15774g,YALI0D14630g
YALI0D15774g,YALI0E21307g
YALI0D15774g,YALI0F26125g
YALI0D15774g,YALI0D17086g
YALI0D15774g,YALI0F27181g
YALI0D15774g,YALI0B11704g
YALI0D15774g,YALI0E26609g
YALI0D15774g,YALI0F13409g
YALI0D15774g,YALI0B02574g
YALI0D15774g,YALI0E32483g
YALI0D15774g,YALI0E17105g
YALI0D15774g,YALI0D03762g
YALI0D15774g,YALI0B06963g
YALI0D15774g,YALI0D23705g
YALI0D15774g,YALI0F26543g
YALI0D15774g,YALI0F29095g
YALI0D15774g,YALI0D22088g
YALI0D15774g,YALI0C18689g
YALI0D15774g,YALI0D13948g
YALI0D15774g,YALI0C04345g
YALI0D15774g,YALI0F10659g
YALI0D15774g,YALI0C05500g
YALI0D15774g,YALI0E12485g
YALI0D15774g,YALI0D11044g
YALI0D15774g,YALI0F13321g
YALI0D15774g,YALI0E32791g
YALI0D15774g,YALI0E26686g
YALI0D15774g,YALI0C19965g
YALI0D15774g,YALI0F09581g
YALI0D15774g,YALI0C23056g
YALI0D15774g,YALI0F13805g
YALI0D15774g,YALI0F22847g
YALI0D15774g,YALI0E27588g
YALI0D15774g,YALI0F01034g
YALI0D15774g,YALI0A19844g
YALI0C23122g,YALI0A15708g
YALI0C23122g,YALI0C12947g
YALI0C23122g,YALI0F03157g
YALI0B21846g,YALI0F01100g
YALI0B21846g,YALI0E05467g
YALI0B21846g,YALI0E00264g
YALI0B21846g,YALI0B16742g
YALI0B21846g,YALI0E27984g
YALI0B21846g,YALI0D15400g
YALI0F11319g,YALI0F11341g
YALI0B16874g,YALI0F20856g
YALI0B16874g,Q12724
YALI0B16874g,YALI0D14630g
YALI0B16874g,YALI0E14795g
YALI0B16874g,YALI0F18898g
YALI0B16874g,YALI0D17086g
YALI0B16874g,YALI0F30899g
YALI0B16874g,YALI0D21956g
YALI0B16874g,YALI0A15081g
YALI0B16874g,YALI0F10153g
YALI0B16874g,YALI0A16214g
YALI0B16874g,YALI0D22088g
YALI0B16874g,YALI0B10758g
YALI0B16874g,YALI0D13948g
YALI0B16874g,YALI0B05280g
YALI0B16874g,YALI0C17083g
YALI0B16874g,YALI0E32791g
YALI0B16874g,YALI0C17237g
YALI0B16874g,YALI0E22044g
YALI0B16874g,YALI0C19965g
YALI0B16874g,YALI0D07788g
YALI0B16874g,YALI0F13805g
YALI0B16874g,YALI0F00132g
YALI0B16874g,YALI0E28006g
YALI0E19899g,YALI0F01100g
YALI0E19899g,YALI0F21615g
YALI0E19899g,YALI0E31493g
YALI0E19899g,YALI0C11803g
YALI0E19899g,YALI0C20625g
YALI0E19899g,YALI0B06963g
YALI0E19899g,YALI0D14762g
YALI0E19899g,YALI0C14190g
YALI0E19899g,YALI0E26686g
YALI0E19899g,YALI0B11418g
YALI0F16291g,YALI0E06457g
YALI0F16291g,YALI0E16060g
YALI0F16918g,YALI0A16379g
YALI0F16918g,YALI0E14949g
YALI0F16918g,YALI0E14795g
YALI0F16918g,YALI0F08701g
YALI0F16918g,YALI0A04367g
YALI0F16918g,YALI0F10153g
YALI0F16918g,YALI0B06116g
YALI0F16918g,YALI0B10758g
YALI0F16918g,YALI0E09933g
YALI0F16918g,YALI0C17083g
YALI0F16918g,YALI0F26807g
YALI0F16918g,YALI0C17237g
YALI0F16918g,YALI0F27247g
YALI0F16918g,YALI0E03762g
YALI0F16918g,YALI0B23210g
YALI0F16918g,YALI0E00902g
YALI0B16742g,YALI0F01100g
YALI0B16742g,YALI0E31493g
YALI0E25223g,YALI0E33077g
YALI0E25223g,YALI0F18898g
YALI0E25223g,YALI0F06826g
YALI0E25223g,YALI0F26411g
YALI0E25223g,YALI0E12991g
YALI0E25223g,YALI0B06116g
YALI0E25223g,YALI0D13948g
YALI0E25223g,YALI0C04345g
YALI0E25223g,YALI0C16346g
YALI0C06996g,YALI0D14630g
YALI0C06996g,YALI0E14795g
YALI0C06996g,YALI0F18898g
YALI0C06996g,YALI0F06826g
YALI0C06996g,YALI0C00187g
YALI0C06996g,YALI0B05280g
YALI0C06996g,YALI0E12485g
YALI0C06996g,YALI0C17083g
YALI0C06996g,YALI0C17237g
YALI0C06996g,Q3ZBD7
YALI0C12947g,YALI0E33649g
YALI0C12947g,YALI0B04136g
YALI0C12947g,YALI0A12705g
YALI0C12947g,YALI0B00198g
YALI0C22165g,YALI0D04422g
YALI0C22165g,YALI0E22044g
YALI0A05665g,YALI0B09647g
YALI0B09647g,YALI0B05896g
YALI0C20625g,YALI0F01100g
YALI0C20625g,YALI0F21615g
YALI0C20625g,YALI0A19888g
YALI0C20625g,YALI0B16500g
YALI0C20625g,YALI0D04268g
YALI0C20625g,YALI0C11803g
YALI0C20625g,YALI0F09339g
YALI0C20625g,YALI0B12386g
YALI0C20625g,YALI0D10065g
YALI0C20625g,YALI0B23122g
YALI0C20625g,YALI0A08448g
YALI0C20625g,YALI0B06963g
YALI0C20625g,YALI0A07799g
YALI0C20625g,YALI0D14762g
YALI0C20625g,YALI0F29095g
YALI0C20625g,YALI0D22088g
YALI0C20625g,YALI0C23859g
YALI0C20625g,YALI0D17952g
YALI0C20625g,YALI0F20196g
YALI0C20625g,YALI0E29865g
YALI0C20625g,YALI0D13948g
YALI0C20625g,YALI0F13343g
YALI0C20625g,YALI0D15818g
YALI0C20625g,YALI0F10659g
YALI0C20625g,YALI0F13321g
YALI0C20625g,YALI0F06182g
YALI0C20625g,YALI0F04598g
YALI0C20625g,YALI0F22847g
YALI0C20625g,YALI0A19844g
YALI0C20625g,YALI0B02794g
YALI0E05071g,YALI0B12386g
YALI0E05071g,YALI0D12452g
YALI0E05071g,YALI0B06963g
YALI0E05071g,YALI0F29095g
YALI0E05071g,YALI0F17798g
YALI0B21472g,YALI0F05632g
YALI0C01133g,YALI0E14443g
YALI0F24123g,YALI0B05896g
YALI0F24123g,YALI0D13104g
YALI0F24123g,YALI0E23584g
YALI0F24123g,YALI0E12705g
YALI0B10758g,YALI0E27830g
YALI0B10758g,YALI0C11473g
YALI0B10758g,YALI0F04730g
YALI0B10758g,YALI0A16379g
YALI0B10758g,YALI0E29579g
YALI0B10758g,YALI0E33077g
YALI0B10758g,YALI0E14949g
YALI0B10758g,YALI0F26521g
YALI0B10758g,YALI0E14795g
YALI0B10758g,YALI0F18898g
YALI0B10758g,YALI0F27181g
YALI0B10758g,YALI0F06826g
YALI0B10758g,YALI0F26411g
YALI0B10758g,YALI0B09119g
YALI0B10758g,YALI0F30899g
YALI0B10758g,YALI0F08701g
YALI0B10758g,YALI0E09471g
YALI0B10758g,YALI0A02134g
YALI0B10758g,YALI0C22341g
YALI0B10758g,YALI0A04367g
YALI0B10758g,YALI0B10560g
YALI0B10758g,YALI0E04807g
YALI0B10758g,YALI0E03080g
YALI0B10758g,YALI0F10153g
YALI0B10758g,YALI0E18590g
YALI0B10758g,YALI0B06116g
YALI0B10758g,YALI0D13068g
YALI0B10758g,YALI0E09933g
YALI0B10758g,YALI0C17083g
YALI0B10758g,YALI0F26807g
YALI0B10758g,YALI0C17237g
YALI0B10758g,YALI0F27247g
YALI0B10758g,YALI0B23210g
YALI0B10758g,Q3ZBD7
YALI0B10758g,YALI0F00132g
YALI0E10109g,YALI0E12353g
YALI0E10109g,YALI0D25542g
YALI0E10109g,YALI0D22418g
YALI0D16797g,YALI0D17086g
YALI0D16797g,YALI0E09471g
YALI0D16797g,YALI0D10065g
YALI0D16797g,YALI0E04807g
YALI0D16797g,YALI0E22044g
YALI0D16797g,YALI0F23573g
YALI0D16797g,YALI0C19965g
YALI0A09042g,YALI0F20856g
YALI0A09042g,YALI0A00154g
YALI0A09042g,YALI0C02915g
YALI0A09042g,YALI0A15708g
YALI0A10164g,YALI0A16379g
YALI0A10164g,YALI0A12705g
YALI0A19404g,YALI0D14630g
YALI0A19404g,YALI0E21307g
YALI0A19404g,YALI0D17086g
YALI0A19404g,YALI0B11704g
YALI0A19404g,YALI0C12034g
YALI0A19404g,YALI0F13409g
YALI0A19404g,YALI0E32483g
YALI0A19404g,YALI0D10065g
YALI0A19404g,YALI0D15532g
YALI0A19404g,YALI0E08206g
YALI0A19404g,YALI0B02420g
YALI0A19404g,P13647
YALI0A19404g,YALI0F26543g
YALI0A19404g,YALI0F29095g
YALI0A19404g,YALI0E12991g
YALI0A19404g,YALI0D22088g
YALI0A19404g,YALI0D03465g
YALI0A19404g,YALI0C23859g
YALI0A19404g,YALI0C18689g
YALI0A19404g,YALI0D17952g
YALI0A19404g,YALI0E29865g
YALI0A19404g,YALI0C06127g
YALI0A19404g,YALI0D13948g
YALI0A19404g,YALI0F13343g
YALI0A19404g,YALI0D15818g
YALI0A19404g,YALI0C04345g
YALI0A19404g,YALI0F10659g
YALI0A19404g,YALI0C05500g
YALI0A19404g,YALI0E12485g
YALI0A19404g,YALI0D26752g
YALI0A19404g,YALI0F13321g
YALI0A19404g,YALI0F13805g
YALI0A19404g,YALI0F22847g
YALI0A19404g,YALI0A19844g
YALI0A19404g,YALI0B02794g
YALI0E16995g,YALI0D13104g
YALI0B08404g,YALI0F01100g
YALI0B08404g,YALI0A03597g
YALI0B08404g,YALI0A03245g
YALI0B08404g,YALI0D03762g
YALI0B08404g,YALI0C14190g
YALI0B08404g,YALI0F22847g
YALI0F19514g,YALI0A12705g
YALI0E33077g,YALI0E29579g
YALI0E33077g,YALI0F26521g
YALI0E33077g,YALI0F18898g
YALI0E33077g,YALI0D17086g
YALI0E33077g,YALI0F27181g
YALI0E33077g,YALI0F06826g
YALI0E33077g,YALI0F26411g
YALI0E33077g,YALI0B09119g
YALI0E33077g,YALI0E09471g
YALI0E33077g,YALI0A02134g
YALI0E33077g,YALI0E32483g
YALI0E33077g,YALI0D10065g
YALI0E33077g,YALI0B10560g
YALI0E33077g,YALI0E04807g
YALI0E33077g,YALI0D22088g
YALI0E33077g,YALI0E18590g
YALI0E33077g,YALI0B06116g
YALI0E33077g,YALI0D13068g
YALI0E33077g,YALI0A04345g
YALI0E33077g,YALI0D13948g
YALI0E33077g,YALI0B18414g
YALI0E33077g,YALI0C16346g
YALI0E33077g,YALI0F10659g
YALI0E33077g,YALI0E33165g
YALI0E33077g,YALI0D26752g
YALI0E33077g,YALI0C17083g
YALI0E33077g,YALI0E32791g
YALI0E33077g,YALI0F26807g
YALI0E33077g,YALI0F13805g
YALI0E33077g,Q3ZBD7
YALI0E33077g,YALI0F00132g
YALI0E29865g,YALI0D17086g
YALI0E29865g,YALI0C09548g
YALI0E29865g,YALI0D10065g
YALI0E29865g,YALI0A07799g
YALI0E29865g,YALI0D22088g
YALI0E29865g,YALI0F27511g
YALI0E29865g,YALI0C23859g
YALI0E29865g,YALI0D17952g
YALI0E29865g,YALI0F20196g
YALI0E29865g,YALI0F13343g
YALI0E29865g,YALI0D15818g
YALI0E29865g,YALI0C04158g
YALI0E29865g,YALI0C05500g
YALI0E29865g,YALI0E12485g
YALI0E29865g,YALI0F13321g
YALI0E29865g,YALI0F06182g
YALI0E29865g,YALI0F04598g
YALI0E29865g,YALI0F22847g
YALI0E29865g,YALI0B02794g
YALI0A15081g,Q12724
YALI0A15081g,YALI0F31163g
YALI0A15081g,YALI0C17237g
YALI0F23573g,YALI0D08184g
YALI0F23573g,YALI0B12386g
YALI0F23573g,YALI0C19965g
YALI0E21549g,YALI0F21615g
YALI0E21549g,YALI0E05467g
YALI0E21549g,YALI0E32241g
YALI0F10439g,YALI0E03212g
YALI0F10439g,YALI0F06226g
YALI0F22781g,YALI0E14927g
YALI0F22781g,YALI0F10153g
YALI0F22781g,YALI0A15576g
YALI0F22781g,YALI0B05280g
YALI0F22781g,YALI0E00902g
P13647,YALI0E21307g
P13647,YALI0C18535g
P13647,YALI0E12353g
P13647,YALI0B02574g
P13647,YALI0B02420g
P13647,YALI0F26543g
P13647,YALI0F10659g
P13647,YALI0C05500g
P13647,YALI0F13321g
P13647,YALI0B22858g
P13647,YALI0B22836g
P13647,YALI0A19844g
YALI0E28006g,YALI0E32791g
YALI0E28006g,YALI0C23056g
YALI0E28006g,YALI0F01034g
YALI0E09449g,YALI0E33165g
YALI0F20856g,Q12724
YALI0F20856g,YALI0E16060g
YALI0F20856g,YALI0E05753g
YALI0F20856g,YALI0B14971g
YALI0F20856g,YALI0C00649g
YALI0F20856g,YALI0F30899g
YALI0F20856g,YALI0B12386g
YALI0F20856g,YALI0B06963g
YALI0F20856g,YALI0F29095g
YALI0F20856g,YALI0B04268g
YALI0F20856g,YALI0A15708g
YALI0F20856g,YALI0F05764g
YALI0F20856g,YALI0B10890g
YALI0F20856g,YALI0E22044g
YALI0F20856g,YALI0C05324g
YALI0F20856g,YALI0C01573g
YALI0C23056g,YALI0E05753g
YALI0C23056g,YALI0D14630g
YALI0C23056g,YALI0F26125g
YALI0C23056g,YALI0B14971g
YALI0C23056g,YALI0D17086g
YALI0C23056g,YALI0F27181g
YALI0C23056g,YALI0B11704g
YALI0C23056g,YALI0A16797g
YALI0C23056g,YALI0E26609g
YALI0C23056g,YALI0F13409g
YALI0C23056g,YALI0E32483g
YALI0C23056g,YALI0E17105g
YALI0C23056g,YALI0D23705g
YALI0C23056g,YALI0F26543g
YALI0C23056g,YALI0D22088g
YALI0C23056g,YALI0C06127g
YALI0C23056g,YALI0D13948g
YALI0C23056g,YALI0B18414g
YALI0C23056g,YALI0B05280g
YALI0C23056g,YALI0C04345g
YALI0C23056g,YALI0F10659g
YALI0C23056g,YALI0F13321g
YALI0C23056g,YALI0E32791g
YALI0C23056g,YALI0C19965g
YALI0C23056g,YALI0F13805g
YALI0C23056g,YALI0E27588g
YALI0C23056g,YALI0F01034g
YALI0C23056g,YALI0A19844g
YALI0F29095g,YALI0E05753g
YALI0F29095g,YALI0B14971g
YALI0F29095g,YALI0F27181g
YALI0F29095g,YALI0E26609g
YALI0F29095g,YALI0E32483g
YALI0F29095g,YALI0B12386g
YALI0F29095g,YALI0B06963g
YALI0F29095g,YALI0D22088g
YALI0F29095g,YALI0C23859g
YALI0F29095g,YALI0D13068g
YALI0F29095g,YALI0C18689g
YALI0F29095g,YALI0D17952g
YALI0F29095g,YALI0D13948g
YALI0F29095g,YALI0F13343g
YALI0F29095g,YALI0C04345g
YALI0F29095g,YALI0F10659g
YALI0F29095g,YALI0E12485g
YALI0F29095g,YALI0F13321g
YALI0F29095g,YALI0E32791g
YALI0F29095g,YALI0B10890g
YALI0F29095g,YALI0B17534g
YALI0F29095g,YALI0E26983g
YALI0F29095g,YALI0A19844g
YALI0E34309g,YALI0A16379g
YALI0B13904g,Q12724
YALI0B13904g,YALI0A20702g
YALI0B13904g,YALI0A15576g
YALI0B13904g,YALI0B00198g
YALI0B13904g,YALI0E00902g
YALI0B13904g,YALI0D14740g
YALI0C04433g,YALI0D11044g
YALI0B16984g,YALI0F24431g
YALI0C00187g,Q12724
YALI0C00187g,YALI0D17160g
YALI0C00187g,YALI0A03597g
YALI0C00187g,YALI0F26125g
YALI0C00187g,YALI0D08404g
YALI0C00187g,YALI0C00649g
YALI0C00187g,YALI0C02915g
YALI0C00187g,YALI0B05280g
YALI0C00187g,YALI0E27588g
YALI0B00198g,Q12724
YALI0B00198g,YALI0B22902g
YALI0B00198g,YALI0E16060g
YALI0B00198g,YALI0E30481g
YALI0B00198g,YALI0F04730g
YALI0B00198g,YALI0A16379g
YALI0B00198g,YALI0E33649g
YALI0B00198g,YALI0E21021g
YALI0B00198g,YALI0F30899g
YALI0B00198g,YALI0A20702g
YALI0B00198g,YALI0B04136g
YALI0B00198g,YALI0A12705g
YALI0B00198g,YALI0A04367g
YALI0B00198g,YALI0F10153g
YALI0B00198g,YALI0A15576g
YALI0B00198g,YALI0B18722g
YALI0B00198g,YALI0A15708g
YALI0B00198g,YALI0B05280g
YALI0B00198g,YALI0C17083g
YALI0B00198g,YALI0F20570g
YALI0B00198g,YALI0B23210g
YALI0B00198g,YALI0E00902g
YALI0B00198g,YALI0D07788g
YALI0B00198g,Q32PJ2
YALI0B00198g,YALI0D25696g
YALI0B00198g,YALI0F03157g
YALI0B00198g,YALI0D14740g
YALI0C03718g,YALI0E14443g
YALI0F18898g,YALI0E16060g
YALI0F18898g,YALI0E05753g
YALI0F18898g,YALI0F04730g
YALI0F18898g,YALI0D14630g
YALI0F18898g,YALI0D04422g
YALI0F18898g,YALI0F26521g
YALI0F18898g,YALI0E14795g
YALI0F18898g,YALI0B14971g
YALI0F18898g,YALI0F27181g
YALI0F18898g,YALI0F06826g
YALI0F18898g,YALI0E25696g
YALI0F18898g,YALI0F26411g
YALI0F18898g,YALI0B09119g
YALI0F18898g,YALI0C00649g
YALI0F18898g,YALI0E09471g
YALI0F18898g,YALI0F31119g
YALI0F18898g,YALI0B14289g
YALI0F18898g,YALI0A16214g
YALI0F18898g,YALI0B06116g
YALI0F18898g,YALI0E03982g
YALI0F18898g,YALI0A04345g
YALI0F18898g,YALI0D13948g
YALI0F18898g,YALI0C04345g
YALI0F18898g,YALI0C17083g
YALI0F18898g,YALI0F26807g
YALI0F18898g,YALI0C17237g
YALI0F18898g,YALI0E22044g
YALI0F18898g,YALI0C05324g
YALI0F18898g,Q3ZBD7
YALI0F18898g,YALI0F00132g
YALI0F31163g,YALI0D17086g
YALI0F31163g,YALI0B05280g
YALI0F12199g,YALI0E09471g
YALI0E03080g,YALI0C11473g
YALI0E03080g,YALI0A16379g
YALI0E03080g,YALI0E14949g
YALI0E03080g,YALI0E14795g
YALI0E03080g,YALI0A04367g
YALI0E03080g,YALI0E18590g
YALI0E03080g,YALI0B06116g
YALI0E03080g,YALI0F11297g
YALI0E03080g,YALI0E09933g
YALI0E03080g,YALI0C17083g
YALI0E03080g,YALI0B23210g
YALI0E03080g,YALI0F00132g
YALI0F10461g,YALI0E16060g
YALI0E04807g,YALI0F04730g
YALI0E04807g,YALI0E29579g
YALI0E04807g,YALI0F26411g
YALI0E04807g,YALI0E09471g
YALI0E04807g,YALI0E18590g
YALI0E04807g,YALI0B06116g
YALI0E04807g,YALI0D26752g
YALI0E04807g,YALI0C17083g
YALI0E04807g,YALI0C19965g
YALI0B22902g,Q12724
YALI0B22902g,YALI0F01100g
YALI0B22902g,YALI0A20702g
YALI0B22902g,YALI0F18414g
YALI0B06116g,YALI0E16643g
YALI0B06116g,YALI0E27830g
YALI0B06116g,YALI0C11473g
YALI0B06116g,YALI0F04730g
YALI0B06116g,YALI0A16379g
YALI0B06116g,YALI0E29579g
YALI0B06116g,YALI0E14949g
YALI0B06116g,YALI0F26521g
YALI0B06116g,YALI0E14795g
YALI0B06116g,YALI0F27181g
YALI0B06116g,YALI0F06826g
YALI0B06116g,YALI0E25696g
YALI0B06116g,YALI0F26411g
YALI0B06116g,YALI0B09119g
YALI0B06116g,YALI0F08701g
YALI0B06116g,YALI0E09471g
YALI0B06116g,YALI0A02134g
YALI0B06116g,YALI0A04367g
YALI0B06116g,YALI0F10153g
YALI0B06116g,YALI0E18590g
YALI0B06116g,YALI0D13068g
YALI0B06116g,YALI0A04345g
YALI0B06116g,YALI0F01738g
YALI0B06116g,YALI0E09933g
YALI0B06116g,YALI0E33165g
YALI0B06116g,YALI0C17083g
YALI0B06116g,YALI0F26807g
YALI0B06116g,YALI0C17237g
YALI0B06116g,YALI0F27247g
YALI0B06116g,YALI0C05324g
YALI0B06116g,YALI0B23210g
YALI0B06116g,YALI0D07788g
YALI0B06116g,Q3ZBD7
YALI0B06116g,YALI0F00132g
YALI0D21956g,YALI0D25542g
YALI0D21956g,YALI0F10153g
YALI0B02794g,YALI0C06171g
YALI0B02794g,YALI0F01100g
YALI0B02794g,YALI0F21615g
YALI0B02794g,YALI0A19888g
YALI0B02794g,YALI0B16500g
YALI0B02794g,YALI0E31493g
YALI0B02794g,YALI0F08283g
YALI0B02794g,YALI0E05467g
YALI0B02794g,YALI0E21307g
YALI0B02794g,YALI0B11704g
YALI0B02794g,YALI0E03212g
YALI0B02794g,YALI0E04763g
YALI0B02794g,YALI0F27951g
YALI0B02794g,YALI0C09548g
YALI0B02794g,YALI0F13409g
YALI0B02794g,YALI0E32241g
YALI0B02794g,YALI0B06963g
YALI0B02794g,YALI0B02420g
YALI0B02794g,YALI0C23859g
YALI0B02794g,YALI0C18689g
YALI0B02794g,YALI0D17952g
YALI0B02794g,YALI0F20196g
YALI0B02794g,YALI0C14190g
YALI0B02794g,YALI0F13343g
YALI0B02794g,YALI0D15818g
YALI0B02794g,YALI0C04158g
YALI0B02794g,YALI0C05500g
YALI0B02794g,YALI0F13321g
YALI0B02794g,YALI0F06182g
YALI0B02794g,YALI0F04598g
YALI0B02794g,YALI0F30261g
YALI0B02794g,YALI0F22847g
YALI0B02794g,YALI0A19844g
YALI0E26983g,YALI0B17534g
YALI0C09232g,YALI0D14564g
YALI0E32035g,YALI0F11297g
YALI0E32035g,YALI0B19712g
YALI0D03762g,YALI0F01100g
YALI0D03762g,YALI0A03597g
YALI0D03762g,YALI0F26125g
YALI0D03762g,YALI0A03245g
YALI0D03762g,YALI0B06963g
YALI0D03762g,YALI0C14190g
YALI0E33649g,YALI0D25696g
YALI0E01870g,YALI0E31493g
YALI0F06826g,YALI0E27830g
YALI0F06826g,YALI0F04730g
YALI0F06826g,YALI0A16379g
YALI0F06826g,YALI0F26521g
YALI0F06826g,YALI0E14795g
YALI0F06826g,YALI0F27181g
YALI0F06826g,YALI0E25696g
YALI0F06826g,YALI0F26411g
YALI0F06826g,YALI0B09119g
YALI0F06826g,YALI0F30899g
YALI0F06826g,YALI0E09471g
YALI0F06826g,YALI0A02134g
YALI0F06826g,YALI0B10560g
YALI0F06826g,YALI0B23122g
YALI0F06826g,YALI0F10153g
YALI0F06826g,YALI0C02915g
YALI0F06826g,YALI0E18590g
YALI0F06826g,YALI0D13068g
YALI0F06826g,YALI0A04345g
YALI0F06826g,YALI0B05126g
YALI0F06826g,YALI0E33165g
YALI0F06826g,YALI0C17083g
YALI0F06826g,YALI0F26807g
YALI0F06826g,YALI0C17237g
YALI0F06826g,YALI0E22044g
YALI0F06826g,YALI0F27247g
YALI0F06826g,YALI0C05324g
YALI0F06826g,Q3ZBD7
YALI0F06826g,YALI0F00132g
YALI0E26686g,YALI0F01100g
YALI0E26686g,YALI0F26125g
YALI0E26686g,YALI0F13409g
YALI0E26686g,YALI0D14762g
YALI0E26686g,YALI0D18403g
YALI0E26686g,YALI0F13321g
YALI0E26686g,YALI0F22847g
YALI0D06974g,YALI0F25509g
YALI0D06974g,YALI0E00264g
YALI0D25696g,YALI0E30481g
YALI0D25696g,YALI0B04136g
YALI0D25696g,YALI0D14740g
YALI0D04422g,YALI0F04730g
YALI0D04422g,YALI0E09471g
YALI0E12991g,YALI0D14630g
YALI0E12991g,YALI0D17086g
YALI0E12991g,YALI0F27181g
YALI0E12991g,YALI0B23122g
YALI0E12991g,YALI0B02420g
YALI0E12991g,YALI0C06127g
YALI0E12991g,YALI0D13948g
YALI0E12991g,YALI0C04345g
YALI0A04345g,YALI0F27181g
YALI0A04345g,YALI0E11495g
YALI0A04345g,YALI0E03982g
YALI0A04345g,YALI0C06127g
YALI0A04345g,YALI0B18414g
YALI0A04345g,YALI0E33165g
YALI0A04345g,Q3ZBD7
YALI0A04345g,YALI0F00132g
YALI0D22418g,YALI0F10703g
YALI0B05456g,YALI0B19250g
YALI0B05456g,YALI0D13024g
YALI0B05456g,YALI0C16346g
YALI0B05456g,YALI0F11583g
YALI0B05896g,YALI0C11473g
YALI0B05896g,YALI0D13104g
YALI0B05896g,YALI0E23584g
YALI0B05896g,YALI0F26411g
YALI0B05896g,YALI0D25190g
YALI0B05896g,YALI0B09119g
YALI0C01573g,YALI0B12386g
YALI0C01573g,YALI0B04268g
YALI0C01573g,YALI0E22044g
YALI0D07612g,YALI0A16797g
YALI0D07612g,YALI0F01034g
YALI0A12705g,YALI0A16379g
YALI0A12705g,YALI0E29579g
YALI0A12705g,YALI0F30899g
YALI0A12705g,YALI0B04136g
YALI0A12705g,YALI0A04367g
YALI0A12705g,YALI0D12606g
YALI0A12705g,YALI0B23210g
YALI0A12705g,YALI0D07788g
YALI0A12705g,YALI0B18612g
YALI0E24541g,Q12724
YALI0E00902g,YALI0A04367g
YALI0E00902g,YALI0F10153g
YALI0E00902g,YALI0A15576g
YALI0E00902g,YALI0D14740g
YALI0D18106g,YALI0E29579g
YALI0D18106g,YALI0D21912g
YALI0D18106g,YALI0E10263g
YALI0D17086g,Q12724
YALI0D17086g,YALI0D14630g
YALI0D17086g,YALI0F26521g
YALI0D17086g,YALI0E21307g
YALI0D17086g,YALI0B14971g
YALI0D17086g,YALI0F27181g
YALI0D17086g,YALI0B11704g
YALI0D17086g,YALI0F26411g
YALI0D17086g,YALI0E26609g
YALI0D17086g,YALI0B09119g
YALI0D17086g,YALI0F13409g
YALI0D17086g,YALI0E09471g
YALI0D17086g,YALI0A02134g
YALI0D17086g,YALI0E32483g
YALI0D17086g,YALI0B12386g
YALI0D17086g,YALI0D10065g
YALI0D17086g,YALI0B10560g
YALI0D17086g,YALI0B23122g
YALI0D17086g,YALI0B06963g
YALI0D17086g,YALI0B02420g
YALI0D17086g,YALI0F15829g
YALI0D17086g,YALI0F26543g
YALI0D17086g,YALI0D22088g
YALI0D17086g,YALI0D13068g
YALI0D17086g,YALI0C18689g
YALI0D17086g,YALI0D17952g
YALI0D17086g,YALI0D14564g
YALI0D17086g,YALI0D13948g
YALI0D17086g,YALI0F13343g
YALI0D17086g,YALI0B05280g
YALI0D17086g,YALI0D15818g
YALI0D17086g,YALI0C04345g
YALI0D17086g,YALI0F10659g
YALI0D17086g,YALI0E12485g
YALI0D17086g,YALI0D26752g
YALI0D17086g,YALI0F13321g
YALI0D17086g,YALI0E32791g
YALI0D17086g,YALI0E22044g
YALI0D17086g,YALI0C19965g
YALI0D17086g,YALI0E10263g
YALI0D17086g,YALI0F13805g
YALI0D17086g,YALI0F22847g
YALI0D17086g,YALI0F01034g
YALI0D17086g,YALI0A19844g
YALI0C02937g,YALI0E05467g
YALI0D08184g,YALI0A16797g
YALI0D08184g,YALI0C19965g
YALI0D08184g,YALI0F13805g
YALI0D08184g,YALI0F01034g
YALI0F03817g,YALI0F30459g
YALI0F03817g,YALI0F26543g
YALI0F03817g,YALI0A19844g
YALI0E05753g,YALI0E06457g
YALI0E05753g,YALI0E16060g
YALI0E05753g,YALI0D14630g
YALI0E05753g,YALI0F26125g
YALI0E05753g,YALI0B14971g
YALI0E05753g,YALI0C00649g
YALI0E05753g,YALI0E32483g
YALI0E05753g,YALI0B14289g
YALI0E05753g,YALI0D13948g
YALI0E05753g,YALI0B05280g
YALI0E05753g,YALI0E32791g
YALI0E05753g,YALI0E22044g
YALI0E05753g,YALI0C19965g
YALI0D11044g,YALI0F01100g
YALI0D11044g,YALI0E31493g
YALI0D11044g,YALI0F13409g
YALI0D11044g,YALI0B02574g
YALI0D11044g,YALI0F13321g
YALI0D11044g,YALI0F09581g
YALI0D07788g,YALI0F04730g
YALI0D07788g,YALI0A16379g
YALI0D07788g,YALI0E29579g
YALI0D07788g,YALI0F26521g
YALI0D07788g,YALI0E14927g
YALI0D07788g,YALI0E14795g
YALI0D07788g,YALI0A04367g
YALI0D07788g,YALI0F10153g
YALI0D07788g,YALI0E18590g
YALI0D07788g,YALI0A15576g
YALI0D07788g,YALI0B05280g
YALI0D07788g,YALI0C17083g
YALI0D07788g,YALI0C13112g
YALI0D07788g,YALI0C17237g
YALI0D07788g,YALI0B23210g
YALI0D07788g,YALI0D14740g
YALI0B18414g,YALI0F27181g
YALI0B18414g,YALI0F26411g
YALI0B18414g,YALI0E13189g
YALI0B18414g,YALI0E33165g
YALI0B18414g,YALI0E32791g
YALI0B18414g,YALI0C19965g
YALI0B18414g,Q3ZBD7
YALI0B18414g,YALI0E27588g
YALI0D17160g,Q12724
YALI0D17160g,YALI0F01100g
YALI0D17160g,YALI0E07623g
YALI0D17160g,YALI0A03597g
YALI0D17160g,YALI0F26125g
YALI0C23859g,YALI0A19888g
YALI0C23859g,YALI0B16500g
YALI0C23859g,YALI0E21307g
YALI0C23859g,YALI0C11803g
YALI0C23859g,YALI0E03212g
YALI0C23859g,YALI0E04763g
YALI0C23859g,YALI0C09548g
YALI0C23859g,YALI0D10065g
YALI0C23859g,YALI0A06787g
YALI0C23859g,YALI0B23122g
YALI0C23859g,YALI0A08448g
YALI0C23859g,YALI0B06963g
YALI0C23859g,YALI0B02420g
YALI0C23859g,YALI0A07799g
YALI0C23859g,YALI0D14762g
YALI0C23859g,YALI0D22088g
YALI0C23859g,YALI0F27511g
YALI0C23859g,YALI0C18689g
YALI0C23859g,YALI0D17952g
YALI0C23859g,YALI0F20196g
YALI0C23859g,YALI0C14190g
YALI0C23859g,YALI0D13948g
YALI0C23859g,YALI0F13343g
YALI0C23859g,YALI0D15818g
YALI0C23859g,YALI0C04158g
YALI0C23859g,YALI0C04345g
YALI0C23859g,YALI0C05500g
YALI0C23859g,YALI0E12485g
YALI0C23859g,YALI0F13321g
YALI0C23859g,YALI0F06182g
YALI0C23859g,YALI0F04598g
YALI0C23859g,YALI0F22847g
YALI0C23859g,YALI0A19844g
YALI0D23705g,YALI0E21307g
YALI0D23705g,YALI0E26609g
YALI0D23705g,YALI0E32483g
YALI0D23705g,YALI0E08206g
YALI0D23705g,YALI0B02420g
YALI0D23705g,YALI0F26543g
YALI0D23705g,YALI0F10659g
YALI0D23705g,YALI0F09581g
YALI0D23705g,YALI0F01034g
YALI0E16643g,YALI0F08701g
YALI0C18689g,YALI0E21307g
YALI0C18689g,YALI0F13409g
YALI0C18689g,YALI0B12386g
YALI0C18689g,YALI0D10065g
YALI0C18689g,YALI0B06963g
YALI0C18689g,YALI0B02420g
YALI0C18689g,YALI0A07799g
YALI0C18689g,YALI0D22088g
YALI0C18689g,YALI0D17952g
YALI0C18689g,YALI0C14190g
YALI0C18689g,YALI0D13948g
YALI0C18689g,YALI0D15818g
YALI0C18689g,YALI0F10659g
YALI0C18689g,YALI0E12485g
YALI0C18689g,YALI0F13321g
YALI0C18689g,YALI0F06182g
YALI0C18689g,YALI0F04598g
YALI0C18689g,YALI0F22847g
YALI0C18689g,YALI0A19844g
YALI0C16346g,YALI0F27181g
YALI0C16346g,YALI0F13409g
YALI0C16346g,YALI0E17105g
YALI0C16346g,YALI0D13948g
YALI0C16346g,YALI0C04345g
YALI0C16346g,YALI0F10659g
YALI0C16346g,YALI0F13805g
YALI0C04906g,YALI0E13189g
Q3ZBD7,YALI0E27830g
Q3ZBD7,YALI0A16379g
Q3ZBD7,YALI0D14630g
Q3ZBD7,YALI0F26521g
Q3ZBD7,YALI0E14795g
Q3ZBD7,YALI0F27181g
Q3ZBD7,YALI0F26411g
Q3ZBD7,YALI0B09119g
Q3ZBD7,YALI0F30899g
Q3ZBD7,YALI0E09471g
Q3ZBD7,YALI0A02134g
Q3ZBD7,YALI0E32483g
Q3ZBD7,YALI0D25542g
Q3ZBD7,YALI0B10560g
Q3ZBD7,YALI0F10153g
Q3ZBD7,YALI0C02915g
Q3ZBD7,YALI0E18590g
Q3ZBD7,YALI0D13068g
Q3ZBD7,YALI0E33165g
Q3ZBD7,YALI0C17083g
Q3ZBD7,YALI0F26807g
Q3ZBD7,YALI0C17237g
Q3ZBD7,YALI0E22044g
Q3ZBD7,YALI0F27247g
Q3ZBD7,YALI0C05324g
Q3ZBD7,YALI0F13805g
Q3ZBD7,YALI0E27588g
Q3ZBD7,YALI0F00132g
YALI0D14630g,Q12724
YALI0D14630g,YALI0F26125g
YALI0D14630g,YALI0B14971g
YALI0D14630g,YALI0F27181g
YALI0D14630g,YALI0B11704g
YALI0D14630g,YALI0E26609g
YALI0D14630g,YALI0C00649g
YALI0D14630g,YALI0E09471g
YALI0D14630g,YALI0E32483g
YALI0D14630g,YALI0B12386g
YALI0D14630g,YALI0E17105g
YALI0D14630g,YALI0B02420g
YALI0D14630g,YALI0F26543g
YALI0D14630g,YALI0D22088g
YALI0D14630g,YALI0D17952g
YALI0D14630g,YALI0C06127g
YALI0D14630g,YALI0D13948g
YALI0D14630g,YALI0F13343g
YALI0D14630g,YALI0B05280g
YALI0D14630g,YALI0C04345g
YALI0D14630g,YALI0F10659g
YALI0D14630g,YALI0E12485g
YALI0D14630g,YALI0D26752g
YALI0D14630g,YALI0F13321g
YALI0D14630g,YALI0E32791g
YALI0D14630g,YALI0C19965g
YALI0D14630g,YALI0F13805g
YALI0D14630g,YALI0F22847g
YALI0B23210g,YALI0F04730g
YALI0B23210g,YALI0A16379g
YALI0B23210g,YALI0E14795g
YALI0B23210g,YALI0E25696g
YALI0B23210g,YALI0A04367g
YALI0B23210g,YALI0F10153g
YALI0B23210g,YALI0E18590g
YALI0B23210g,YALI0E09933g
YALI0B23210g,YALI0C17083g
YALI0B23210g,YALI0C13112g
YALI0B23210g,YALI0F26807g
YALI0B23210g,YALI0C17237g
YALI0B23210g,YALI0F00132g
YALI0B23210g,YALI0D14740g
YALI0E12705g,YALI0D13104g
YALI0E12705g,YALI0E23584g
YALI0D14564g,YALI0B21868g
YALI0D14564g,YALI0E21307g
YALI0D14564g,YALI0B11704g
YALI0D14564g,YALI0E03212g
YALI0D14564g,YALI0F30459g
YALI0D14564g,YALI0E12353g
YALI0D14564g,YALI0E24475g
YALI0D14564g,YALI0E32483g
YALI0D14564g,YALI0D10065g
YALI0D14564g,YALI0F26543g
YALI0D14564g,YALI0D17952g
YALI0D14564g,YALI0D15818g
YALI0D14564g,YALI0F10659g
YALI0D14564g,YALI0C05500g
YALI0D14564g,YALI0F13321g
YALI0D14564g,YALI0A19844g
YALI0F22759g,YALI0E21021g
YALI0E12353g,YALI0E21307g
YALI0E12353g,YALI0C05500g
YALI0E12353g,YALI0F13321g
YALI0D17952g,YALI0B21868g
YALI0D17952g,YALI0E21307g
YALI0D17952g,YALI0B11704g
YALI0D17952g,YALI0F30459g
YALI0D17952g,YALI0F13409g
YALI0D17952g,YALI0D10065g
YALI0D17952g,YALI0A06787g
YALI0D17952g,YALI0B23122g
YALI0D17952g,YALI0B02420g
YALI0D17952g,YALI0A07799g
YALI0D17952g,YALI0F26543g
YALI0D17952g,YALI0D22088g
YALI0D17952g,YALI0F20196g
YALI0D17952g,YALI0D13948g
YALI0D17952g,YALI0F13343g
YALI0D17952g,YALI0D15818g
YALI0D17952g,YALI0C04345g
YALI0D17952g,YALI0F10659g
YALI0D17952g,YALI0C05500g
YALI0D17952g,YALI0E12485g
YALI0D17952g,YALI0D26752g
YALI0D17952g,YALI0F13321g
YALI0D17952g,YALI0F06182g
YALI0D17952g,YALI0F04598g
YALI0D17952g,YALI0F22847g
YALI0D17952g,YALI0A19844g
YALI0A16214g,YALI0E14949g
YALI0A16214g,YALI0E14795g
YALI0A16214g,YALI0F10153g
YALI0A16214g,YALI0E09933g
YALI0A16214g,YALI0C17237g
YALI0D09119g,YALI0B12386g
YALI0D09119g,YALI0D15532g
YALI0D09119g,YALI0B02420g
YALI0F17798g,YALI0B06963g
YALI0F17798g,YALI0B04268g
YALI0C11803g,YALI0A19888g
YALI0C11803g,YALI0F04730g
YALI0C11803g,YALI0B12386g
YALI0C11803g,YALI0A08448g
YALI0C11803g,YALI0D13948g
YALI0E26609g,YALI0F27181g
YALI0E26609g,YALI0E32483g
YALI0E26609g,YALI0B12386g
YALI0E26609g,YALI0B06963g
YALI0E26609g,YALI0B02420g
YALI0E26609g,YALI0F26543g
YALI0E26609g,YALI0C06127g
YALI0E26609g,YALI0D13948g
YALI0E26609g,YALI0B05280g
YALI0E26609g,YALI0F10659g
YALI0E26609g,YALI0D26752g
YALI0E26609g,YALI0E32791g
YALI0E26609g,YALI0C19965g
YALI0E26609g,YALI0F09581g
YALI0E26609g,YALI0E10263g
YALI0E26609g,YALI0F13805g
YALI0E26609g,YALI0F01034g
YALI0E26609g,YALI0A19844g
YALI0B18722g,YALI0A04367g
YALI0B18722g,YALI0C17083g
YALI0E04763g,YALI0C14190g
YALI0E04763g,YALI0F06182g
YALI0E04763g,YALI0F30261g
YALI0E04763g,YALI0F22847g
YALI0E27984g,YALI0D15400g
YALI0B06963g,Q12724
YALI0B06963g,YALI0F01100g
YALI0B06963g,YALI0F21615g
YALI0B06963g,YALI0A19888g
YALI0B06963g,YALI0D04268g
YALI0B06963g,YALI0B14971g
YALI0B06963g,YALI0B11704g
YALI0B06963g,YALI0E32483g
YALI0B06963g,YALI0B12386g
YALI0B06963g,YALI0D12452g
YALI0B06963g,YALI0D22088g
YALI0B06963g,YALI0D13948g
YALI0B06963g,YALI0F13343g
YALI0B06963g,YALI0B05280g
YALI0B06963g,YALI0C04345g
YALI0B06963g,YALI0F10659g
YALI0B06963g,YALI0F13321g
YALI0B06963g,YALI0B10890g
YALI0B06963g,YALI0B17534g
YALI0B06963g,YALI0E27588g
YALI0B06963g,YALI0A19844g
YALI0D13104g,YALI0C11473g
YALI0D13104g,YALI0E23584g
YALI0D13104g,YALI0D25190g
YALI0B04092g,YALI0F13409g
YALI0E01034g,YALI0F12331g
YALI0E01034g,YALI0F08701g
YALI0E01034g,YALI0C17083g
YALI0E01034g,YALI0F27247g
YALI0E32241g,YALI0E05467g
YALI0D13068g,YALI0F26521g
YALI0D13068g,YALI0E14795g
YALI0D13068g,YALI0F27181g
YALI0D13068g,YALI0F26411g
YALI0D13068g,YALI0B09119g
YALI0D13068g,YALI0A02134g
YALI0D13068g,YALI0D25542g
YALI0D13068g,YALI0B10560g
YALI0D13068g,YALI0F26543g
YALI0D13068g,YALI0C02915g
YALI0D13068g,YALI0D22088g
YALI0D13068g,YALI0E12485g
YALI0D13068g,YALI0F13805g
YALI0D13068g,YALI0E27588g
YALI0D24299g,YALI0D25190g
YALI0E10439g,YALI0C06171g
YALI0E10439g,YALI0F30459g
YALI0E10439g,YALI0D26301g
YALI0E10439g,YALI0D05819g
YALI0E06457g,YALI0E07623g
YALI0E06457g,YALI0D15532g
YALI0E06457g,YALI0B14289g
YALI0D14762g,YALI0B16500g
YALI0D14762g,YALI0F27511g
YALI0D14762g,YALI0F30261g
YALI0D14762g,YALI0F22847g
YALI0D07150g,YALI0E05533g
YALI0C04345g,YALI0F21615g
YALI0C04345g,YALI0A03597g
YALI0C04345g,YALI0B16500g
YALI0C04345g,YALI0E21307g
YALI0C04345g,YALI0F26125g
YALI0C04345g,YALI0F27181g
YALI0C04345g,YALI0B11704g
YALI0C04345g,YALI0F13409g
YALI0C04345g,YALI0E32483g
YALI0C04345g,YALI0D10065g
YALI0C04345g,YALI0B23122g
YALI0C04345g,YALI0A03245g
YALI0C04345g,YALI0A08448g
YALI0C04345g,YALI0E17105g
YALI0C04345g,YALI0B02420g
YALI0C04345g,YALI0D22088g
YALI0C04345g,YALI0C14190g
YALI0C04345g,YALI0C06127g
YALI0C04345g,YALI0D13948g
YALI0C04345g,YALI0F13343g
YALI0C04345g,YALI0B05280g
YALI0C04345g,YALI0F10659g
YALI0C04345g,YALI0E12485g
YALI0C04345g,YALI0F13321g
YALI0C04345g,YALI0E32791g
YALI0C04345g,YALI0F06182g
YALI0C04345g,YALI0F22847g
YALI0C04345g,YALI0E27588g
YALI0C04345g,YALI0A19844g
YALI0F30261g,YALI0F08283g
YALI0F30261g,YALI0C09548g
YALI0F30261g,YALI0F27511g
YALI0F30261g,YALI0C14190g
YALI0F30261g,YALI0C04158g
YALI0F30261g,YALI0F22847g
YALI0E14795g,YALI0A16379g
YALI0E14795g,YALI0E14949g
YALI0E14795g,YALI0F26521g
YALI0E14795g,YALI0B09119g
YALI0E14795g,YALI0F30899g
YALI0E14795g,YALI0A04367g
YALI0E14795g,YALI0F10153g
YALI0E14795g,YALI0A10703g
YALI0E14795g,YALI0C02915g
YALI0E14795g,YALI0E18590g
YALI0E14795g,YALI0E09933g
YALI0E14795g,YALI0C17083g
YALI0E14795g,YALI0F26807g
YALI0E14795g,YALI0C17237g
YALI0E14795g,YALI0F27247g
YALI0E14795g,YALI0F00132g
Q32PJ2,YALI0C17237g
Q32PJ2,YALI0D14740g
YALI0B18942g,YALI0B11352g
YALI0F31031g,YALI0D15532g
YALI0D25740g,YALI0B08756g
YALI0D25740g,YALI0F09581g
YALI0F03157g,YALI0A20702g
YALI0F03157g,YALI0F06072g
YALI0B21868g,YALI0E21307g
YALI0B21868g,YALI0F30459g
YALI0B21868g,YALI0D10065g
YALI0B21868g,YALI0A06787g
YALI0B21868g,YALI0D26301g
YALI0B21868g,YALI0D15818g
YALI0B21868g,YALI0F13321g
YALI0B21868g,YALI0A19844g
YALI0F05214g,YALI0C06171g
YALI0F05214g,YALI0F01100g
YALI0F05214g,YALI0E31493g
YALI0F05214g,YALI0E05533g
YALI0F12749g,YALI0F26411g
YALI0F00132g,YALI0E27830g
YALI0F00132g,YALI0A16379g
YALI0F00132g,YALI0E14949g
YALI0F00132g,YALI0F26411g
YALI0F00132g,YALI0B09119g
YALI0F00132g,YALI0F30899g
YALI0F00132g,YALI0A04367g
YALI0F00132g,YALI0F10153g
YALI0F00132g,YALI0E18590g
YALI0F00132g,YALI0E09933g
YALI0F00132g,YALI0C17083g
YALI0F00132g,YALI0F26807g
YALI0F00132g,YALI0C17237g
YALI0F00132g,YALI0F27247g
YALI0E22044g,YALI0E29579g
YALI0E22044g,YALI0B14971g
YALI0E22044g,YALI0F30899g
YALI0E22044g,YALI0C02915g
YALI0E22044g,YALI0B05280g
YALI0E22044g,YALI0E32791g
YALI0E22044g,YALI0C19965g
YALI0E22044g,YALI0F13805g
YALI0E22044g,YALI0F01034g
YALI0F26543g,YALI0E21307g
YALI0F26543g,YALI0F27181g
YALI0F26543g,YALI0B11704g
YALI0F26543g,YALI0A16797g
YALI0F26543g,YALI0F30459g
YALI0F26543g,YALI0C12034g
YALI0F26543g,YALI0F13409g
YALI0F26543g,YALI0B02574g
YALI0F26543g,YALI0E32483g
YALI0F26543g,YALI0D10065g
YALI0F26543g,YALI0D25542g
YALI0F26543g,YALI0E17105g
YALI0F26543g,YALI0B02420g
YALI0F26543g,YALI0D22088g
YALI0F26543g,YALI0C06127g
YALI0F26543g,YALI0D13948g
YALI0F26543g,YALI0B05280g
YALI0F26543g,YALI0F10659g
YALI0F26543g,YALI0C05500g
YALI0F26543g,YALI0E12485g
YALI0F26543g,YALI0F13321g
YALI0F26543g,YALI0E32791g
YALI0F26543g,YALI0C19965g
YALI0F26543g,YALI0F09581g
YALI0F26543g,YALI0F13805g
YALI0F26543g,YALI0F01034g
YALI0F26543g,YALI0A19844g
YALI0C22341g,YALI0E23155g
YALI0C22341g,YALI0F26411g
YALI0C22341g,YALI0E18590g
YALI0C22341g,YALI0E22715g
YALI0F25509g,YALI0C06171g
YALI0D13948g,Q12724
YALI0D13948g,YALI0A19888g
YALI0D13948g,YALI0B16500g
YALI0D13948g,YALI0F04730g
YALI0D13948g,YALI0E21307g
YALI0D13948g,YALI0F26125g
YALI0D13948g,YALI0B14971g
YALI0D13948g,YALI0F27181g
YALI0D13948g,YALI0B11704g
YALI0D13948g,YALI0F26411g
YALI0D13948g,YALI0B09119g
YALI0D13948g,YALI0C00649g
YALI0D13948g,YALI0F13409g
YALI0D13948g,YALI0A02134g
YALI0D13948g,YALI0E32483g
YALI0D13948g,YALI0B12386g
YALI0D13948g,YALI0D10065g
YALI0D13948g,YALI0D12452g
YALI0D13948g,YALI0A08448g
YALI0D13948g,YALI0E17105g
YALI0D13948g,YALI0B02420g
YALI0D13948g,YALI0A00638g
YALI0D13948g,YALI0D22088g
YALI0D13948g,YALI0D03465g
YALI0D13948g,YALI0D18403g
YALI0D13948g,YALI0F13343g
YALI0D13948g,YALI0B05280g
YALI0D13948g,YALI0F10659g
YALI0D13948g,YALI0E12485g
YALI0D13948g,YALI0D26752g
YALI0D13948g,YALI0F13321g
YALI0D13948g,YALI0E32791g
YALI0D13948g,YALI0C19965g
YALI0D13948g,YALI0F13805g
YALI0D13948g,YALI0F22847g
YALI0D13948g,YALI0A19844g
YALI0F08283g,YALI0E03872g
YALI0F08283g,YALI0C09548g
YALI0F08283g,YALI0C04158g
YALI0F08283g,YALI0F06182g
YALI0E13189g,YALI0A16797g
YALI0E13189g,YALI0E18590g
YALI0E13189g,YALI0F11583g
YALI0E13189g,YALI0C19965g
YALI0E13189g,YALI0F13805g
YALI0E13189g,YALI0F01034g
YALI0F27511g,YALI0E06519g
YALI0F27511g,YALI0F22847g
YALI0E14949g,YALI0C11473g
YALI0E14949g,YALI0A16379g
YALI0E14949g,YALI0F26521g
YALI0E14949g,YALI0E23584g
YALI0E14949g,YALI0A04367g
YALI0E14949g,YALI0A10703g
YALI0E14949g,YALI0F01738g
YALI0E14949g,YALI0E09933g
YALI0E14949g,YALI0C17083g
YALI0E14949g,YALI0C17237g
YALI0E14949g,YALI0F27247g
YALI0B19250g,YALI0D13024g
YALI0B19250g,YALI0F11583g
YALI0B03366g,YALI0B12078g
YALI0D22088g,YALI0E21307g
YALI0D22088g,YALI0B11704g
YALI0D22088g,YALI0B09119g
YALI0D22088g,YALI0F13409g
YALI0D22088g,YALI0B12386g
YALI0D22088g,YALI0D10065g
YALI0D22088g,YALI0E17105g
YALI0D22088g,YALI0B02420g
YALI0D22088g,YALI0A07799g
YALI0D22088g,YALI0F31603g
YALI0D22088g,YALI0F13343g
YALI0D22088g,YALI0B05280g
YALI0D22088g,YALI0D15818g
YALI0D22088g,YALI0F10659g
YALI0D22088g,YALI0E12485g
YALI0D22088g,YALI0D26752g
YALI0D22088g,YALI0F13321g
YALI0D22088g,YALI0E32791g
YALI0D22088g,YALI0F06182g
YALI0D22088g,YALI0F04598g
YALI0D22088g,YALI0F22847g
YALI0D22088g,YALI0E27588g
YALI0D22088g,YALI0F01034g
YALI0D22088g,YALI0A19844g
YALI0E25696g,YALI0F04730g
YALI0E25696g,YALI0F27181g
YALI0E25696g,YALI0B23122g
YALI0E25696g,YALI0F31119g
YALI0E25696g,YALI0F10153g
YALI0E25696g,YALI0A15576g
YALI0E25696g,YALI0B05280g
YALI0E25696g,YALI0C17083g
YALI0E25696g,YALI0F26807g
YALI0E25696g,YALI0F27247g
Q12724,YALI0F01100g
Q12724,YALI0A03597g
Q12724,YALI0B14971g
Q12724,YALI0D08404g
Q12724,YALI0C00649g
Q12724,YALI0A20702g
Q12724,YALI0B05280g
Q12724,YALI0D14740g
YALI0E30481g,YALI0B04136g
YALI0B02574g,YALI0E21307g
YALI0B02574g,YALI0F13409g
YALI0B02574g,YALI0F13321g
YALI0B02574g,YALI0B11418g
YALI0B02574g,YALI0F09581g
YALI0B02574g,YALI0A19844g
YALI0E21021g,YALI0F30899g
YALI0B14289g,YALI0E16060g
YALI0B14289g,YALI0E07623g
YALI0B14289g,YALI0B14971g
YALI0B14289g,YALI0C00649g
YALI0B14289g,YALI0A16291g
YALI0B14289g,YALI0E21824g
YALI0E10263g,YALI0E29579g
YALI0E10263g,YALI0C19965g
YALI0E10263g,YALI0F13805g
YALI0E10263g,YALI0F01034g
YALI0F10703g,YALI0D25542g
YALI0D25190g,YALI0E23155g
YALI0D25190g,YALI0E29579g
YALI0D25190g,YALI0D08470g
YALI0D10879g,YALI0D21912g
YALI0E00264g,YALI0B16896g
YALI0D06688g,YALI0E14663g
YALI0E23584g,YALI0C11473g
YALI0E23584g,YALI0D13728g
YALI0F06226g,YALI0A06787g
YALI0F06226g,YALI0B15642g
YALI0F06226g,YALI0C05500g
YALI0F06226g,YALI0F06182g
YALI0F06226g,YALI0A19844g
YALI0C06171g,YALI0B18744g
YALI0C19965g,YALI0B14971g
YALI0C19965g,YALI0F27181g
YALI0C19965g,YALI0B11704g
YALI0C19965g,YALI0E32483g
YALI0C19965g,YALI0B12386g
YALI0C19965g,YALI0E17105g
YALI0C19965g,YALI0B05280g
YALI0C19965g,YALI0F10659g
YALI0C19965g,YALI0D26752g
YALI0C19965g,YALI0E32791g
YALI0C19965g,YALI0F13805g
YALI0C19965g,YALI0F01034g
YALI0C19965g,YALI0A19844g
YALI0C10945g,YALI0E09933g
YALI0B08756g,YALI0E03212g
YALI0B08756g,YALI0E17105g
YALI0B08756g,YALI0A19844g
YALI0E06149g,YALI0A02134g
YALI0E06149g,YALI0D14080g
YALI0F26345g,YALI0A03597g
YALI0C14190g,YALI0F01100g
YALI0C14190g,YALI0F21615g
YALI0C14190g,YALI0E05467g
YALI0C14190g,YALI0C09548g
YALI0C14190g,YALI0F13409g
YALI0C14190g,YALI0F20196g
YALI0C14190g,YALI0C04158g
YALI0C14190g,YALI0F06182g
YALI0C14190g,YALI0F22847g
YALI0A08448g,YALI0F21615g
YALI0A08448g,YALI0C00649g
YALI0A08448g,YALI0D12452g
YALI0A08448g,YALI0F13343g
YALI0A08448g,YALI0F22847g
YALI0F22847g,YALI0F01100g
YALI0F22847g,YALI0F21615g
YALI0F22847g,YALI0B16500g
YALI0F22847g,YALI0E31493g
YALI0F22847g,YALI0E21307g
YALI0F22847g,YALI0B11704g
YALI0F22847g,YALI0C09548g
YALI0F22847g,YALI0F13409g
YALI0F22847g,YALI0D10065g
YALI0F22847g,YALI0B23122g
YALI0F22847g,YALI0B02420g
YALI0F22847g,YALI0A07799g
YALI0F22847g,YALI0F20196g
YALI0F22847g,YALI0F13343g
YALI0F22847g,YALI0D15818g
YALI0F22847g,YALI0C04158g
YALI0F22847g,YALI0A21241g
YALI0F22847g,YALI0C05500g
YALI0F22847g,YALI0E12485g
YALI0F22847g,YALI0F13321g
YALI0F22847g,YALI0B11418g
YALI0F22847g,YALI0F06182g
YALI0F22847g,YALI0F04598g
YALI0F22847g,YALI0A19844g
YALI0E32483g,YALI0E21307g
YALI0E32483g,YALI0F27181g
YALI0E32483g,YALI0B11704g
YALI0E32483g,YALI0F26411g
YALI0E32483g,YALI0F13409g
YALI0E32483g,YALI0E09471g
YALI0E32483g,YALI0B12386g
YALI0E32483g,YALI0D25542g
YALI0E32483g,YALI0B23122g
YALI0E32483g,YALI0E17105g
YALI0E32483g,YALI0E08206g
YALI0E32483g,YALI0B02420g
YALI0E32483g,YALI0D03465g
YALI0E32483g,YALI0C06127g
YALI0E32483g,YALI0B05280g
YALI0E32483g,YALI0F10659g
YALI0E32483g,YALI0E12485g
YALI0E32483g,YALI0D26752g
YALI0E32483g,YALI0F13321g
YALI0E32483g,YALI0E32791g
YALI0E32483g,YALI0F09581g
YALI0E32483g,YALI0F13805g
YALI0E32483g,YALI0F01034g
YALI0E32483g,YALI0A19844g
YALI0E28578g,YALI0F26411g
YALI0E28578g,YALI0B09119g
YALI0F13343g,YALI0F01100g
YALI0F13343g,YALI0A03597g
YALI0F13343g,YALI0A19888g
YALI0F13343g,YALI0E21307g
YALI0F13343g,YALI0B11704g
YALI0F13343g,YALI0F13409g
YALI0F13343g,YALI0B23122g
YALI0F13343g,YALI0B02420g
YALI0F13343g,YALI0B05280g
YALI0F13343g,YALI0D15818g
YALI0F13343g,YALI0F10659g
YALI0F13343g,YALI0C05500g
YALI0F13343g,YALI0E12485g
YALI0F13343g,YALI0F13321g
YALI0F13343g,YALI0F06182g
YALI0F13343g,YALI0F04598g
YALI0F13343g,YALI0A19844g
YALI0B10890g,YALI0D04268g
YALI0B10890g,YALI0B12386g
YALI0F22165g,YALI0C09570g
YALI0F10659g,YALI0E21307g
YALI0F10659g,YALI0F27181g
YALI0F10659g,YALI0B11704g
YALI0F10659g,YALI0F26411g
YALI0F10659g,YALI0B09119g
YALI0F10659g,YALI0F30459g
YALI0F10659g,YALI0F13409g
YALI0F10659g,YALI0E09471g
YALI0F10659g,YALI0B12386g
YALI0F10659g,YALI0D10065g
YALI0F10659g,YALI0D25542g
YALI0F10659g,YALI0E17105g
YALI0F10659g,YALI0E08206g
YALI0F10659g,YALI0B02420g
YALI0F10659g,YALI0D03465g
YALI0F10659g,YALI0C06127g
YALI0F10659g,YALI0B05280g
YALI0F10659g,YALI0D15818g
YALI0F10659g,YALI0E12485g
YALI0F10659g,YALI0D26752g
YALI0F10659g,YALI0F13321g
YALI0F10659g,YALI0E32791g
YALI0F10659g,YALI0F09581g
YALI0F10659g,YALI0F13805g
YALI0F10659g,YALI0F01034g
YALI0F10659g,YALI0A19844g
YALI0F01738g,YALI0E29579g
YALI0F01738g,YALI0F26521g
YALI0F30459g,YALI0E21307g
YALI0F30459g,YALI0E03212g
YALI0F30459g,YALI0D10065g
YALI0F30459g,YALI0B02420g
YALI0F30459g,YALI0D26301g
YALI0F30459g,YALI0D15818g
YALI0F30459g,YALI0D26752g
YALI0F30459g,YALI0F13321g
YALI0F30459g,YALI0A19844g
YALI0F26125g,YALI0F01100g
YALI0F26125g,YALI0E07623g
YALI0F26125g,YALI0A03597g
YALI0F26125g,YALI0E17105g
YALI0F26125g,YALI0B05280g
YALI0F26125g,YALI0E32791g
YALI0B16500g,YALI0F01100g
YALI0B16500g,YALI0F21615g
YALI0B16500g,YALI0A19888g
YALI0B16500g,YALI0A03245g
YALI0B16500g,YALI0D08580g
YALI0B16500g,YALI0B11418g
YALI0B16500g,YALI0F06182g
YALI0E29579g,YALI0E23155g
YALI0E29579g,YALI0F04730g
YALI0E29579g,YALI0F26521g
YALI0E29579g,YALI0F26411g
YALI0E29579g,YALI0B09119g
YALI0E29579g,YALI0F30899g
YALI0E29579g,YALI0A02134g
YALI0E29579g,YALI0B10560g
YALI0E29579g,YALI0E18590g
YALI0B05280g,YALI0A03597g
YALI0B05280g,YALI0F04730g
YALI0B05280g,YALI0E31493g
YALI0B05280g,YALI0D04268g
YALI0B05280g,YALI0B14971g
YALI0B05280g,YALI0F27181g
YALI0B05280g,YALI0B11704g
YALI0B05280g,YALI0C00649g
YALI0B05280g,YALI0F13409g
YALI0B05280g,YALI0B12386g
YALI0B05280g,YALI0F10153g
YALI0B05280g,YALI0A15576g
YALI0B05280g,YALI0D26752g
YALI0B05280g,YALI0F13321g
YALI0B05280g,YALI0E32791g
YALI0B05280g,YALI0E27588g
YALI0B02420g,YALI0E21307g
YALI0B02420g,YALI0F27181g
YALI0B02420g,YALI0B11704g
YALI0B02420g,YALI0F13409g
YALI0B02420g,YALI0E09471g
YALI0B02420g,YALI0B12386g
YALI0B02420g,YALI0D10065g
YALI0B02420g,YALI0D15532g
YALI0B02420g,YALI0B23122g
YALI0B02420g,YALI0E08206g
YALI0B02420g,YALI0D03465g
YALI0B02420g,YALI0C06127g
YALI0B02420g,YALI0D15818g
YALI0B02420g,YALI0D26752g
YALI0B02420g,YALI0F13321g
YALI0B02420g,YALI0F09581g
YALI0B02420g,YALI0F13805g
YALI0B02420g,YALI0A19844g
YALI0D20174g,YALI0E12485g
YALI0D20174g,YALI0F13321g
YALI0D20174g,YALI0F04598g
YALI0F13321g,YALI0F01100g
YALI0F13321g,YALI0E31493g
YALI0F13321g,YALI0D04268g
YALI0F13321g,YALI0E21307g
YALI0F13321g,YALI0B11704g
YALI0F13321g,YALI0E03212g
YALI0F13321g,YALI0F13409g
YALI0F13321g,YALI0B12386g
YALI0F13321g,YALI0D10065g
YALI0F13321g,YALI0B23122g
YALI0F13321g,YALI0A07799g
YALI0F13321g,YALI0F20196g
YALI0F13321g,YALI0C06127g
YALI0F13321g,YALI0D15818g
YALI0F13321g,YALI0C05500g
YALI0F13321g,YALI0E12485g
YALI0F13321g,YALI0E32791g
YALI0F13321g,YALI0B11418g
YALI0F13321g,YALI0F06182g
YALI0F13321g,YALI0F04598g
YALI0F13321g,YALI0E27588g
YALI0F13321g,YALI0A19844g
YALI0C05324g,YALI0E27830g
YALI0C05324g,YALI0F04730g
YALI0C05324g,YALI0F27181g
YALI0C05324g,YALI0F26411g
YALI0C05324g,YALI0B12386g
YALI0C05324g,YALI0B23122g
YALI0C05324g,YALI0F15829g
YALI0C05324g,YALI0C17083g
YALI0C05324g,YALI0F26807g
YALI0C05324g,YALI0C17237g
YALI0C05324g,YALI0E27588g
YALI0D14740g,YALI0E16060g
YALI0D14740g,YALI0F04730g
YALI0D14740g,YALI0A16379g
YALI0D14740g,YALI0A04367g
YALI0D14740g,YALI0F10153g
YALI0D14740g,YALI0A15576g
YALI0D14740g,YALI0C17237g
YALI0D14740g,YALI0D22770g
YALI0D18700g,YALI0B23122g
YALI0B02772g,YALI0E09471g
YALI0F01100g,YALI0F21615g
YALI0F01100g,YALI0A03597g
YALI0F01100g,YALI0E31493g
YALI0F01100g,YALI0D04268g
YALI0F01100g,YALI0E05467g
YALI0F01100g,YALI0A03245g
YALI0F01100g,YALI0B11418g
YALI0F01100g,YALI0F06182g
YALI0F01100g,YALI0F04598g
YALI0B11418g,YALI0F21615g
YALI0B11418g,YALI0D04268g
YALI0A07799g,YALI0F06182g
YALI0A07799g,YALI0F04598g
YALI0E32791g,YALI0B14971g
YALI0E32791g,YALI0F27181g
YALI0E32791g,YALI0B11704g
YALI0E32791g,YALI0A16797g
YALI0E32791g,YALI0B09119g
YALI0E32791g,YALI0F13409g
YALI0E32791g,YALI0D10065g
YALI0E32791g,YALI0B10560g
YALI0E32791g,YALI0E17105g
YALI0E32791g,YALI0E12485g
YALI0E32791g,YALI0D26752g
YALI0E32791g,YALI0F13805g
YALI0E32791g,YALI0E27588g
YALI0E32791g,YALI0F01034g
YALI0E32791g,YALI0A19844g
YALI0C23232g,YALI0F10153g
YALI0B09119g,YALI0E23155g
YALI0B09119g,YALI0F26521g
YALI0B09119g,YALI0F27181g
YALI0B09119g,YALI0F26411g
YALI0B09119g,YALI0C12034g
YALI0B09119g,YALI0A02134g
YALI0B09119g,YALI0D10065g
YALI0B09119g,YALI0B10560g
YALI0B09119g,YALI0C02915g
YALI0B09119g,YALI0E18590g
YALI0B09119g,YALI0E12485g
YALI0B09119g,YALI0F13805g
YALI0E33165g,YALI0F27181g
YALI0E33165g,YALI0F26411g
YALI0E33165g,YALI0E18590g
YALI0E33165g,YALI0E20669g
YALI0F27247g,YALI0A16379g
YALI0F27247g,YALI0F30899g
YALI0F27247g,YALI0F08701g
YALI0F27247g,YALI0A04367g
YALI0F27247g,YALI0F10153g
YALI0F27247g,YALI0E18590g
YALI0F27247g,YALI0C17083g
YALI0F27247g,YALI0F26807g
YALI0F27247g,YALI0E14663g
YALI0A16797g,YALI0D25542g
YALI0A16797g,YALI0D03465g
YALI0A16797g,YALI0F13805g
YALI0A16797g,YALI0F01034g
YALI0F26411g,YALI0E23155g
YALI0F26411g,YALI0F04730g
YALI0F26411g,YALI0F26521g
YALI0F26411g,YALI0F27181g
YALI0F26411g,YALI0E09471g
YALI0F26411g,YALI0A02134g
YALI0F26411g,YALI0B12386g
YALI0F26411g,YALI0D10065g
YALI0F26411g,YALI0D25542g
YALI0F26411g,YALI0B10560g
YALI0F26411g,YALI0E18590g
YALI0F26411g,YALI0D26752g
YALI0F26411g,YALI0C17083g
YALI0F26411g,YALI0F26807g
YALI0F26411g,YALI0F13805g
YALI0F09581g,YALI0E21307g
YALI0F09581g,YALI0F13409g
YALI0F09581g,YALI0E17105g
YALI0F09581g,YALI0D03465g
YALI0F09581g,YALI0C06127g
YALI0B15642g,YALI0C05500g
YALI0F11033g,YALI0A07018g
YALI0F11033g,YALI0E22935g
YALI0D26301g,YALI0F09339g
YALI0D26301g,YALI0B15202g
YALI0D26301g,YALI0D05819g
YALI0D12452g,YALI0B12386g
YALI0E21307g,YALI0B11704g
YALI0E21307g,YALI0E03212g
YALI0E21307g,YALI0F13409g
YALI0E21307g,YALI0D10065g
YALI0E21307g,YALI0D25542g
YALI0E21307g,YALI0D15532g
YALI0E21307g,YALI0B23122g
YALI0E21307g,YALI0E17105g
YALI0E21307g,YALI0E08206g
YALI0E21307g,YALI0D03465g
YALI0E21307g,YALI0F20196g
YALI0E21307g,YALI0C06127g
YALI0E21307g,YALI0D15818g
YALI0E21307g,YALI0C05500g
YALI0E21307g,YALI0E12485g
YALI0E21307g,YALI0F06182g
YALI0E21307g,YALI0B22836g
YALI0E21307g,YALI0A19844g
YALI0F13805g,YALI0F27181g
YALI0F13805g,YALI0C12034g
YALI0F13805g,YALI0A02134g
YALI0F13805g,YALI0B10560g
YALI0F13805g,YALI0E17105g
YALI0F13805g,YALI0D26752g
YALI0F13805g,YALI0F01034g
YALI0F04598g,YALI0D10065g
YALI0F04598g,YALI0B23122g
YALI0F04598g,YALI0D15818g
YALI0F04598g,YALI0C05500g
YALI0F04598g,YALI0E12485g
YALI0F04598g,YALI0F06182g
YALI0F04598g,YALI0A19844g
YALI0C02915g,YALI0F26521g
YALI0C02915g,YALI0B14971g
YALI0C02915g,YALI0F27181g
YALI0C02915g,YALI0F10153g
YALI0C02915g,YALI0D21912g
YALI0E03212g,YALI0A06787g
YALI0E03212g,YALI0F20196g
YALI0E03212g,YALI0D15818g
YALI0E03212g,YALI0C05500g
YALI0E03212g,YALI0F06182g
YALI0E03212g,YALI0A19844g
YALI0E18590g,YALI0F30899g
YALI0E18590g,YALI0A02134g
YALI0E18590g,YALI0B10560g
YALI0E18590g,YALI0F10153g
YALI0E18590g,YALI0C17083g
YALI0E18590g,YALI0F26807g
YALI0F08701g,YALI0C17083g
YALI0F08701g,YALI0F26807g
YALI0A07018g,YALI0F04730g
YALI0E23155g,YALI0F26521g
YALI0E23155g,YALI0E09471g
YALI0E23155g,YALI0B10560g
YALI0D10065g,YALI0B11704g
YALI0D10065g,YALI0F13409g
YALI0D10065g,YALI0E09471g
YALI0D10065g,YALI0B23122g
YALI0D10065g,YALI0F31603g
YALI0D10065g,YALI0D15818g
YALI0D10065g,YALI0E12485g
YALI0D10065g,YALI0D26752g
YALI0D10065g,YALI0F06182g
YALI0D10065g,YALI0A19844g
YALI0E09933g,YALI0C11473g
YALI0E09933g,YALI0A16379g
YALI0E09933g,YALI0F26521g
YALI0E09933g,YALI0A04367g
YALI0E09933g,YALI0F10153g
YALI0E09933g,YALI0A10703g
YALI0E09933g,YALI0C17083g
YALI0E09933g,YALI0C17237g
YALI0E03762g,YALI0A04367g
YALI0E03762g,YALI0C17237g
YALI0F20570g,YALI0B05126g
YALI0B11704g,YALI0F13409g
YALI0B11704g,YALI0B12386g
YALI0B11704g,YALI0F20196g
YALI0B11704g,YALI0D15818g
YALI0B11704g,YALI0D26752g
YALI0B11704g,YALI0F06182g
YALI0B11704g,YALI0A19844g
YALI0C05500g,YALI0C09548g
YALI0C05500g,YALI0F20196g
YALI0C05500g,YALI0D15818g
YALI0C05500g,YALI0C04158g
YALI0C05500g,YALI0E12485g
YALI0C05500g,YALI0F06182g
YALI0C05500g,YALI0A19844g
YALI0F26807g,YALI0E27830g
YALI0F26807g,YALI0F04730g
YALI0F26807g,YALI0A16379g
YALI0F26807g,YALI0F27181g
YALI0F26807g,YALI0F30899g
YALI0F26807g,YALI0E09471g
YALI0F26807g,YALI0A04367g
YALI0F26807g,YALI0F31119g
YALI0F26807g,YALI0F10153g
YALI0F26807g,YALI0C17083g
YALI0F26807g,YALI0C17237g
YALI0F09339g,YALI0B12386g
YALI0F09339g,YALI0B15202g
YALI0F09339g,YALI0B04268g
YALI0F04730g,YALI0F26521g
YALI0F04730g,YALI0E09471g
YALI0F04730g,YALI0F31119g
YALI0F04730g,YALI0A00638g
YALI0F04730g,YALI0A15576g
YALI0F04730g,YALI0D26752g
YALI0F04730g,YALI0C17083g
YALI0F04730g,YALI0C17237g
YALI0C04158g,YALI0F19470g
YALI0C04158g,YALI0C09548g
YALI0C04158g,YALI0A06787g
YALI0C04158g,YALI0F20196g
YALI0C04158g,YALI0F06182g
YALI0A03245g,YALI0A03597g
YALI0A03245g,YALI0D08580g
YALI0A15576g,YALI0F10153g
YALI0E16060g,YALI0E07623g
YALI0E16060g,YALI0C00649g
YALI0B12386g,YALI0B14971g
YALI0B12386g,YALI0F27181g
YALI0B12386g,YALI0E09471g
YALI0B12386g,YALI0D25542g
YALI0B12386g,YALI0B23122g
YALI0B12386g,YALI0F15829g
YALI0B12386g,YALI0B04268g
YALI0B12386g,YALI0F05764g
YALI0B12386g,YALI0E27588g
YALI0B12386g,YALI0A19844g
YALI0A19844g,YALI0C12034g
YALI0A19844g,YALI0F13409g
YALI0A19844g,YALI0A06787g
YALI0A19844g,YALI0E17105g
YALI0A19844g,YALI0F20196g
YALI0A19844g,YALI0D15818g
YALI0A19844g,YALI0E12485g
YALI0A19844g,YALI0D26752g
YALI0A19844g,YALI0F06182g
YALI0A19844g,YALI0F01034g
YALI0A15708g,YALI0A16379g
YALI0A15708g,YALI0F05632g
YALI0A15708g,YALI0F30899g
YALI0B18744g,YALI0E22649g
YALI0F12331g,YALI0E35046g
YALI0A02134g,YALI0F26521g
YALI0A02134g,YALI0F27181g
YALI0A02134g,YALI0B10560g
YALI0A02134g,YALI0D14080g
YALI0A04367g,YALI0A16379g
YALI0A04367g,YALI0F30899g
YALI0A04367g,YALI0F10153g
YALI0A04367g,YALI0C17083g
YALI0A04367g,YALI0C17237g
YALI0B04136g,YALI0A16379g
YALI0B04136g,YALI0F30899g
YALI0F10153g,YALI0A16379g
YALI0F10153g,YALI0F27181g
YALI0F10153g,YALI0F30899g
YALI0F10153g,YALI0C17083g
YALI0F10153g,YALI0C17237g
YALI0B05126g,YALI0B23122g
YALI0E03872g,YALI0F06182g
YALI0B10560g,YALI0F26521g
YALI0B10560g,YALI0F01034g
YALI0F01034g,YALI0E17105g
YALI0E07623g,YALI0C00649g
YALI0B04268g,YALI0F05764g
YALI0D14080g,YALI0F11583g
YALI0A16379g,YALI0F26521g
YALI0A16379g,YALI0F30899g
YALI0A16379g,YALI0C17083g
YALI0F31119g,YALI0E09471g
YALI0F31119g,YALI0A00638g
YALI0F13409g,YALI0E31493g
YALI0F13409g,YALI0E17105g
YALI0F13409g,YALI0D03465g
YALI0F13409g,YALI0C06127g
YALI0A06787g,YALI0F20196g
YALI0A06787g,YALI0D15818g
YALI0A06787g,YALI0F06182g
YALI0E17105g,YALI0D03465g
YALI0C09548g,YALI0F20196g
YALI0C09548g,YALI0F06182g
YALI0F19470g,YALI0A19888g
YALI0F19470g,YALI0F06182g
YALI0C06127g,YALI0F27181g
YALI0C06127g,YALI0D25542g
YALI0C06127g,YALI0B23122g
YALI0C06127g,YALI0E08206g
YALI0C06127g,YALI0D03465g
YALI0C06127g,YALI0E27588g
YALI0D15532g,YALI0D03465g
YALI0F06182g,YALI0F21615g
YALI0F06182g,YALI0F20196g
YALI0F06182g,YALI0D15818g
YALI0D13024g,YALI0F11583g
YALI0F20196g,YALI0F21615g
YALI0F20196g,YALI0F27951g
YALI0F20196g,YALI0D15818g
YALI0B14971g,YALI0F26521g
YALI0B14971g,YALI0F27181g
YALI0B14971g,YALI0C00649g
YALI0B14971g,YALI0E27588g
YALI0F27181g,YALI0E09471g
YALI0F27181g,YALI0D25542g
YALI0F27181g,YALI0B23122g
YALI0F27181g,YALI0F15829g
YALI0F27181g,YALI0C17083g
YALI0F27181g,YALI0E27588g
YALI0E12485g,YALI0B23122g
YALI0E05467g,YALI0F21615g
YALI0E05467g,YALI0E31493g
YALI0E05467g,YALI0F27951g
YALI0F20416g,YALI0E22649g
YALI0E08206g,YALI0D03465g
YALI0D25542g,YALI0B23122g
YALI0D25542g,YALI0E27588g
YALI0C17237g,YALI0C17083g
YALI0E27588g,YALI0B23122g
YALI0E27588g,YALI0F15829g
YALI0F21615g,YALI0E31493g
YALI0F21615g,YALI0F27951g
YALI0D04268g,YALI0E31493g
YALI0D04268g,YALI0B23122g
YALI0D26752g,YALI0E09471g
YALI0F11297g,YALI0F26521g
YALI0F30899g,YALI0C17083g
YALI0C17083g,YALI0F26521g
YALI0B23122g,YALI0F15829g
