Gene,border,centrality_betweenness,centrality_degree,centrality_eigenvector_weighted,class,color,feature,shape,size
YALI0B03982g,2,0.006547597857727792,0.02478448275862069,0.012218513455886516,downregulated,darkblue,,circle,30
YALI0C00605g,2,7.817772338900645e-06,0.003232758620689655,0.00014138012574852523,lowly_expressed,lightblue,,circle,30
YALI0D17160g,2,0.016308218638325125,0.02586206896551724,0.005915333278673327,downregulated,darkblue,,circle,30
YALI0F24717g,2,0.0,0.0021551724137931034,0.00015225464641254905,lowly_expressed,lightblue,,circle,30
YALI0B03080g,2,0.0026478525064019907,0.010775862068965518,0.0004986089975962401,lowly_expressed,lightblue,,circle,30
YALI0F17182g,2,0.001878510582896254,0.0021551724137931034,0.00014049661460404584,downregulated,darkblue,,circle,30
YALI0F15587g,2,0.004251401553906746,0.034482758620689655,0.0009114112991184711,lowly_expressed,lightblue,,circle,30
YALI0D22891g,2,0.017736335078769903,0.032327586206896554,0.002351491215608117,lowly_expressed,lightblue,,circle,30
YALI0E02684g,2,0.0020375613756051926,0.008620689655172414,0.0004064560693971844,downregulated,darkblue,,circle,30
YALI0B04312g,2,0.019330977546601884,0.028017241379310345,0.003956523070073837,downregulated,darkblue,,circle,30
YALI0A09768g,2,0.01343698094342452,0.04310344827586207,0.0031945673797906743,lowly_expressed,lightblue,,circle,30
YALI0E24013g,2,0.008837270466802445,0.018318965517241378,0.0031613204881794305,downregulated,darkblue,,circle,30
YALI0B02728g,2,0.0005843806901272763,0.02586206896551724,0.0005118960707567447,downregulated,darkblue,,circle,30
YALI0D01089g,2,0.00043535746761029113,0.0075431034482758615,0.0007701158091258287,downregulated,darkblue,,circle,30
YALI0B22506g,2,0.0,0.0021551724137931034,6.052325955263148e-05,lowly_expressed,lightblue,,circle,30
YALI0F02343g,2,0.0011121215673193675,0.020474137931034482,0.002638389620594173,downregulated,darkblue,,circle,30
YALI0A21417g,2,0.01224462225439719,0.04202586206896552,0.0028399661648591907,lowly_expressed,lightblue,,circle,30
YALI0B08921g,2,0.006055960683881325,0.01939655172413793,0.005622872378937281,downregulated,darkblue,,circle,30
YALI0F01100g,2,0.08641725878182388,0.06034482758620689,0.03262888859739496,downregulated,darkblue,,circle,30
YALI0F27071g,2,0.0003649845209855469,0.030172413793103446,0.000956610889809922,downregulated,darkblue,,circle,30
YALI0F30613g,2,0.006678380391191511,0.03771551724137931,0.0018566780275322626,lowly_expressed,lightblue,,circle,30
YALI0B07007g,2,0.0058560710666422065,0.029094827586206896,0.0017038362090441765,lowly_expressed,lightblue,,circle,30
YALI0E06237g,2,0.0018634142041787957,0.040948275862068964,0.0008276557768778069,lowly_expressed,lightblue,,circle,30
YALI0A12045g,2,0.0007488875557285992,0.028017241379310345,0.0008447547866991203,lowly_expressed,lightblue,,circle,30
YALI0C15554g,2,0.0123335826001833,0.04525862068965517,0.0023987494775226338,downregulated,darkblue,,circle,30
YALI0E02266g,2,0.0010306858173389122,0.03125,0.0008598864116431235,lowly_expressed,lightblue,,circle,30
YALI0D08184g,2,4.3810851184494926e-05,0.005387931034482759,0.0071689813029663365,downregulated,darkblue,,circle,30
YALI0A16797g,2,0.0010453119495488395,0.02478448275862069,0.03336489448137643,downregulated,darkblue,,circle,30
YALI0F23573g,2,5.0937420643710765e-05,0.005387931034482759,0.004487641625379799,downregulated,darkblue,,circle,30
YALI0C19965g,2,0.002557777972663236,0.03771551724137931,0.07590351363690866,downregulated,darkblue,,circle,30
YALI0F13805g,2,0.023560528318135272,0.07650862068965517,0.11754941062361307,changed_regulation,green,,circle,30
YALI0F01034g,2,0.0015934577792394967,0.03556034482758621,0.0707071536397357,downregulated,darkblue,,circle,30
YALI0D07634g,2,0.0,0.010775862068965518,0.0002368771215480172,lowly_expressed,lightblue,,circle,30
YALI0F31548g,2,0.0041734861992154615,0.03987068965517241,0.0009940783838753762,lowly_expressed,lightblue,,circle,30
YALI0D07744g,15,0.0,0.0,1.899861425857035e-39,downregulated,darkblue,Transcription_Factor,roundrectangle,80
YALI0A09812g,2,0.001878510582896254,0.003232758620689655,0.00011342127208856355,downregulated,darkblue,,circle,30
YALI0D20614g,2,0.0021053908080235556,0.008620689655172414,3.81292724682954e-05,changed_regulation,green,,circle,30
YALI0E11847g,2,0.012981501369134032,0.015086206896551723,0.004289156922654818,downregulated,darkblue,,circle,30
YALI0A18205g,2,0.0032278630061428385,0.014008620689655173,0.0003101948426866156,changed_regulation,green,,circle,30
YALI0E30602g,2,0.010889464963981731,0.010775862068965518,0.00020065354540687664,changed_regulation,green,,circle,30
YALI0E23584g,2,0.00822916349705248,0.016163793103448277,0.000665058166231644,changed_regulation,green,,circle,30
YALI0E19701g,2,0.002890345117924002,0.009698275862068966,8.806049817109061e-05,changed_regulation,green,,circle,30
YALI0D07304g,2,0.0019774606499447776,0.0075431034482758615,3.1199603854818197e-05,changed_regulation,green,,circle,30
YALI0E12683g,2,0.007246875369614293,0.015086206896551723,0.00016072225342435694,highly_expressed,orange,,circle,30
YALI0B14509g,2,0.002877628605741711,0.009698275862068966,0.00014691308367471517,highly_expressed,orange,,circle,30
YALI0F02497g,2,0.00019559616762148847,0.008620689655172414,9.021176774400382e-05,highly_expressed,orange,,circle,30
YALI0B21846g,2,0.018168913030073307,0.04956896551724138,0.0019014930509883962,lowly_expressed,lightblue,,circle,30
YALI0F11055g,2,0.009007326686684972,0.015086206896551723,0.00018463397259268658,highly_expressed,orange,,circle,30
YALI0B22550g,2,0.0039737490742763485,0.04310344827586207,0.0010482953490198136,lowly_expressed,lightblue,,circle,30
YALI0F05544g,2,0.0,0.0010775862068965517,3.8194282865042935e-06,highly_expressed,orange,,circle,30
YALI0A00176g,2,0.0,0.0021551724137931034,3.912484135951597e-06,highly_expressed,orange,,circle,30
YALI0B09361g,2,0.002171644197815656,0.03879310344827586,0.0007556436307994659,highly_expressed,orange,,circle,30
YALI0B14399g,2,0.0006101403723540236,0.005387931034482759,2.8017091037051947e-05,highly_expressed,orange,,circle,30
YALI0C22394g,2,0.0,0.0021551724137931034,3.912484135951597e-06,lowly_expressed,lightblue,,circle,30
YALI0D15400g,2,0.0002530970039625687,0.020474137931034482,0.000484683821983431,lowly_expressed,lightblue,,circle,30
YALI0F19580g,2,0.0061945393817284256,0.03125,0.000635292950205995,downregulated,darkblue,,circle,30
YALI0B12936g,2,0.004282883213036729,0.020474137931034482,0.001472635738436554,downregulated,darkblue,,circle,30
YALI0D11506g,2,1.164323366086562e-05,0.0021551724137931034,7.00463850095419e-06,downregulated,darkblue,,circle,30
YALI0F09229g,2,0.005036410056083427,0.02478448275862069,0.014264488450753756,downregulated,darkblue,,circle,30
Q12724,2,0.041549485065766736,0.040948275862068964,0.03284975545458934,downregulated,darkblue,,circle,30
YALI0C05148g,2,0.0,0.0010775862068965517,0.0002900642436161261,downregulated,darkblue,,circle,30
YALI0E16060g,2,0.0022026940085946235,0.018318965517241378,0.006774272378683089,downregulated,darkblue,,circle,30
YALI0F08393g,2,0.005377330950641097,0.021551724137931036,0.012080360944718599,downregulated,darkblue,,circle,30
YALI0F16291g,2,0.0002544362921621986,0.0075431034482758615,0.0019040031470847227,downregulated,darkblue,,circle,30
YALI0E15125g,2,0.0007568250758403644,0.023706896551724137,0.03628394054925449,downregulated,darkblue,,circle,30
YALI0E07073g,2,0.0,0.0021551724137931034,0.0005768568816959956,downregulated,darkblue,,circle,30
YALI0E05753g,2,0.003565755766028291,0.03125,0.050146377619059795,downregulated,darkblue,,circle,30
YALI0D07436g,2,0.004464931252564161,0.010775862068965518,0.00424320888381457,downregulated,darkblue,,circle,30
YALI0C06798g,2,0.005170064602404243,0.01939655172413793,0.0038913020262020892,downregulated,darkblue,,circle,30
YALI0D14630g,2,0.012537304841897396,0.07112068965517242,0.13725253730632295,downregulated,darkblue,,circle,30
YALI0F12991g,2,0.004645551116090331,0.018318965517241378,0.016760024264963758,downregulated,darkblue,,circle,30
YALI0F24497g,2,0.0005609597797294645,0.009698275862068966,0.002128568523957935,downregulated,darkblue,,circle,30
YALI0B14971g,2,0.003123072914253136,0.03879310344827586,0.06343742446414222,downregulated,darkblue,,circle,30
YALI0F18898g,2,0.01838264350151351,0.06465517241379311,0.06354728135865799,downregulated,darkblue,,circle,30
YALI0C00649g,2,0.0024696258723319394,0.023706896551724137,0.018898367577163365,downregulated,darkblue,,circle,30
YALI0B14289g,2,0.003216093547860121,0.01939655172413793,0.009688066818116736,downregulated,darkblue,,circle,30
YALI0A16214g,2,0.0004872534359678703,0.017241379310344827,0.010643887748503347,downregulated,darkblue,,circle,30
YALI0E10747g,2,0.0,0.0021551724137931034,0.0017987390953830634,downregulated,darkblue,,circle,30
YALI0F05698g,2,0.005506810213549744,0.015086206896551723,0.004156997760509244,downregulated,darkblue,,circle,30
YALI0B00198g,2,0.04591552282613509,0.04741379310344827,0.015997717765795682,lowly_expressed,lightblue,,circle,30
YALI0D14740g,2,0.005575585750473184,0.02586206896551724,0.00708636660559174,downregulated,darkblue,,circle,30
YALI0B22066g,2,4.4851440096964576e-05,0.003232758620689655,2.2019949477206843e-05,highly_expressed,orange,,circle,30
YALI0D08272g,2,0.0026951099432793164,0.00646551724137931,0.0007526715122319778,highly_expressed,orange,,circle,30
YALI0B23100g,2,0.0005727307683062681,0.02586206896551724,0.0006694051129928775,lowly_expressed,lightblue,,circle,30
YALI0C07909g,2,0.0022858966928110958,0.034482758620689655,0.0010284633823287384,lowly_expressed,lightblue,,circle,30
YALI0E33341g,2,0.0,0.0,1.899861425857035e-39,lowly_expressed,lightblue,,circle,30
YALI0D22352g,2,0.0,0.0010775862068965517,4.6723382678642774e-08,lowly_expressed,lightblue,,circle,30
YALI0D00869g,2,0.0037546962764572404,0.004310344827586207,1.9677924633548804e-06,lowly_expressed,lightblue,,circle,30
YALI0E20977g,2,0.00413405659337111,0.04418103448275862,0.0010227847578054626,lowly_expressed,lightblue,,circle,30
YALI0F17842g,2,0.0002145333851905979,0.018318965517241378,0.00029845897915654397,lowly_expressed,lightblue,,circle,30
YALI0F19910g,2,0.005961756585160971,0.04202586206896552,0.0007864047812322937,lowly_expressed,lightblue,,circle,30
YALI0D01265g,2,0.006746349376532778,0.030172413793103446,0.000488970074839175,lowly_expressed,lightblue,,circle,30
YALI0B11594g,2,0.006171933887940887,0.03771551724137931,0.0019018559147413302,lowly_expressed,lightblue,,circle,30
YALI0F26587g,2,0.0010787855148176695,0.02478448275862069,0.0005358624566367057,downregulated,darkblue,,circle,30
YALI0E28787g,2,2.7284147716165304e-05,0.003232758620689655,2.5646141173912673e-05,lowly_expressed,lightblue,,circle,30
YALI0D23067g,2,5.764258510996565e-05,0.008620689655172414,0.00022068503512832633,lowly_expressed,lightblue,,circle,30
YALI0E27984g,2,0.002050193768159982,0.015086206896551723,0.0006049273391397604,lowly_expressed,lightblue,,circle,30
YALI0D17446g,2,0.0005777119477037964,0.014008620689655173,0.000407627317672104,lowly_expressed,lightblue,,circle,30
YALI0E12001g,2,5.573519373407378e-06,0.005387931034482759,8.705366339230665e-05,lowly_expressed,lightblue,,circle,30
YALI0F13629g,2,2.407474073177914e-05,0.015086206896551723,0.0004223762256829708,lowly_expressed,lightblue,,circle,30
YALI0A21439g,2,0.006069231012422503,0.028017241379310345,0.008307038593842922,downregulated,darkblue,,circle,30
YALI0B10604g,2,0.008508877049189845,0.03771551724137931,0.0035279913444252655,downregulated,darkblue,,circle,30
YALI0B18546g,2,0.0008471015165471475,0.0075431034482758615,0.00034151997334886335,downregulated,darkblue,,circle,30
YALI0E05467g,2,0.015979273148432876,0.02586206896551724,0.0063355324162645225,downregulated,darkblue,,circle,30
YALI0E18051g,2,0.009919224586657154,0.02478448275862069,0.004604458788574626,downregulated,darkblue,,circle,30
YALI0F20812g,2,0.0016441617903834693,0.01293103448275862,0.000628959587833994,lowly_expressed,lightblue,,circle,30
YALI0A12067g,2,0.002981400166995053,0.02478448275862069,0.0017128379112121021,lowly_expressed,lightblue,,circle,30
YALI0F04774g,2,0.0,0.0010775862068965517,3.3378770450199594e-06,downregulated,darkblue,,circle,30
YALI0E35046g,2,0.0,0.0,1.899861425857035e-39,lowly_expressed,lightblue,,circle,30
YALI0E11099g,2,0.006246724118886334,0.022629310344827586,0.006400855449853932,lowly_expressed,lightblue,,circle,30
YALI0C21043g,2,0.0001433493034019624,0.003232758620689655,6.827292643542856e-05,lowly_expressed,lightblue,,circle,30
YALI0F26345g,2,0.01839511984800207,0.009698275862068966,0.0006432516762301593,lowly_expressed,lightblue,,circle,30
YALI0B02852g,2,0.005080574835379055,0.0075431034482758615,5.744336248889582e-05,lowly_expressed,lightblue,,circle,30
YALI0F21153g,2,0.004404181108449446,0.01293103448275862,0.0012431905477308098,lowly_expressed,lightblue,,circle,30
YALI0C19668g,2,0.001930241775879754,0.004310344827586207,0.0001405978989033881,lowly_expressed,lightblue,,circle,30
YALI0F14289g,2,0.0018785105828962544,0.0021551724137931034,5.585757562255718e-05,lowly_expressed,lightblue,,circle,30
YALI0B04268g,2,0.0004259205683827156,0.0075431034482758615,0.0033804241400964123,downregulated,darkblue,,circle,30
YALI0F09790g,2,0.0,0.0010775862068965517,1.3853277775849166e-05,upregulated,red,,circle,30
YALI0A19448g,2,0.001878510582896254,0.003232758620689655,0.000583566024260114,upregulated,red,,circle,30
YALI0D09361g,2,0.00046023575424162345,0.00646551724137931,0.004100242884614023,downregulated,darkblue,,circle,30
YALI0C11803g,2,0.0015648496395505676,0.014008620689655173,0.017071646352028624,downregulated,darkblue,,circle,30
YALI0E03212g,2,0.0019827044609259012,0.01939655172413793,0.026087424953645164,downregulated,darkblue,,circle,30
YALI0D26301g,2,0.0012825722341709173,0.008620689655172414,0.0020419030596290234,changed_regulation,green,,circle,30
YALI0D15818g,2,0.0012794735354828475,0.03879310344827586,0.06824609045156152,downregulated,darkblue,,circle,30
YALI0C02321g,2,4.326982342087523e-05,0.003232758620689655,0.002393852710785675,downregulated,darkblue,,circle,30
YALI0F06182g,2,0.009229660282060076,0.04849137931034483,0.05690193038489183,downregulated,darkblue,,circle,30
YALI0E13992g,2,0.0015629389898848551,0.01293103448275862,0.002024286123100461,downregulated,darkblue,,circle,30
YALI0F23551g,2,0.0008931372188948693,0.014008620689655173,0.0027199828724160068,downregulated,darkblue,,circle,30
YALI0E23001g,2,6.817378695055998e-06,0.005387931034482759,0.0009493970789756759,downregulated,darkblue,,circle,30
YALI0D01045g,2,6.817378695055998e-06,0.005387931034482759,0.0009493970789756759,downregulated,darkblue,,circle,30
YALI0E07623g,2,0.001242595047966903,0.010775862068965518,0.0029724528386319182,downregulated,darkblue,,circle,30
YALI0E02244g,2,0.0,0.0010775862068965517,9.648807537957805e-06,downregulated,darkblue,,circle,30
YALI0A03597g,2,0.015827709580015753,0.023706896551724137,0.017382839951084483,downregulated,darkblue,,circle,30
YALI0E12463g,2,0.01146691828675105,0.021551724137931036,0.015998903360007394,downregulated,darkblue,,circle,30
YALI0F12771g,2,0.002207622721154158,0.018318965517241378,0.001310870334867718,downregulated,darkblue,,circle,30
YALI0C18645g,15,9.456031450676684e-05,0.0075431034482758615,0.0005181956258017782,downregulated,darkblue,Transcription_Factor,roundrectangle,80
YALI0C00187g,2,0.009611363277383893,0.022629310344827586,0.01675689632333982,downregulated,darkblue,,circle,30
YALI0C22484g,2,0.0,0.0010775862068965517,9.392401856533092e-05,lowly_expressed,lightblue,,circle,30
YALI0B01276g,2,0.0,0.0021551724137931034,0.0001057612228518157,lowly_expressed,lightblue,,circle,30
YALI0E17787g,2,0.00013221259945353378,0.004310344827586207,0.0004845270541680395,downregulated,darkblue,,circle,30
YALI0F11297g,2,0.0037612611087868976,0.005387931034482759,0.0014684874657373667,downregulated,darkblue,,circle,30
YALI0E14707g,2,0.0,0.0,1.899861425857035e-39,downregulated,darkblue,,circle,30
YALI0F05214g,2,0.0048463502957288756,0.0075431034482758615,0.0016975020527865876,downregulated,darkblue,,circle,30
YALI0B07359g,2,0.009698148211880189,0.02693965517241379,0.015142337641901342,downregulated,darkblue,,circle,30
YALI0C06171g,2,0.002715114569205673,0.005387931034482759,0.002712835408700414,downregulated,darkblue,,circle,30
YALI0E31493g,2,0.010872076467889067,0.021551724137931036,0.01887851134123228,downregulated,darkblue,,circle,30
YALI0E05533g,2,0.001878510582896254,0.0021551724137931034,4.0315159397943015e-05,lowly_expressed,lightblue,,circle,30
YALI0C21362g,2,0.0002455494871588621,0.008620689655172414,0.00026928758114367745,lowly_expressed,lightblue,,circle,30
YALI0C23379g,2,6.997046827591045e-05,0.005387931034482759,0.00010447166860417212,lowly_expressed,lightblue,,circle,30
YALI0A02024g,2,0.0035553221822462737,0.018318965517241378,0.00046303994712074706,lowly_expressed,lightblue,,circle,30
YALI0C07414g,2,0.0,0.003232758620689655,0.000616663632789669,downregulated,darkblue,,circle,30
YALI0D13948g,2,0.02776537508150279,0.09375,0.17015607066018157,downregulated,darkblue,,circle,30
YALI0D07898g,2,0.006198711917472062,0.022629310344827586,0.00032001170821909257,lowly_expressed,lightblue,,circle,30
YALI0D01914g,2,2.723500613926993e-05,0.008620689655172414,0.00018915602039336048,upregulated,red,,circle,30
YALI0C00803g,2,0.004967867233417578,0.02693965517241379,0.0009248256147392719,downregulated,darkblue,,circle,30
YALI0F21219g,2,0.0,0.0075431034482758615,0.00015936023688998527,lowly_expressed,lightblue,,circle,30
YALI0C15422g,2,0.0,0.0075431034482758615,0.0001775624980092471,downregulated,darkblue,,circle,30
YALI0D02739g,2,0.0019351765193731285,0.0075431034482758615,9.983542652755333e-05,lowly_expressed,lightblue,,circle,30
YALI0D03597g,2,5.490158014465013e-07,0.0075431034482758615,0.00010008753110306006,lowly_expressed,lightblue,,circle,30
YALI0A01452g,2,0.0,0.008620689655172414,0.00017737362710425737,lowly_expressed,lightblue,,circle,30
YALI0B11022g,2,0.0007477090347263085,0.009698275862068966,0.00013402731716542245,lowly_expressed,lightblue,,circle,30
YALI0A01485g,2,0.0,0.004310344827586207,0.00011231367162173389,lowly_expressed,lightblue,,circle,30
YALI0E13277g,2,0.0003514195862293926,0.004310344827586207,3.435897584478547e-05,upregulated,red,,circle,30
YALI0A20966g,2,0.0012440061187073267,0.01293103448275862,0.00031125410402486225,downregulated,darkblue,,circle,30
YALI0A06765g,2,0.0019641992782908407,0.01293103448275862,0.0001309766988378815,lowly_expressed,lightblue,,circle,30
YALI0F18634g,2,0.001878510582896254,0.005387931034482759,4.503546348482568e-05,changed_regulation,green,,circle,30
YALI0F23221g,2,0.009210905611124304,0.01293103448275862,0.0049022826728697035,changed_regulation,green,,circle,30
YALI0B08965g,2,0.0,0.0010775862068965517,0.00011636774742172448,changed_regulation,green,,circle,30
YALI0F03454g,2,0.00031330008077085336,0.0021551724137931034,0.00011671709985369343,changed_regulation,green,,circle,30
YALI0F30459g,2,0.008974501734183397,0.030172413793103446,0.0438226896931059,downregulated,darkblue,,circle,30
YALI0C12034g,2,0.00237588639058392,0.009698275862068966,0.015720154241975447,changed_regulation,green,,circle,30
YALI0E10901g,2,0.001878510582896254,0.003232758620689655,0.00018557609371401307,changed_regulation,green,,circle,30
YALI0E31647g,2,0.004681970300672066,0.017241379310344827,0.01966690786689341,changed_regulation,green,,circle,30
YALI0F23991g,2,0.0,0.0010775862068965517,0.00011636774742172448,changed_regulation,green,,circle,30
YALI0A15686g,2,0.0,0.003232758620689655,0.0032798726737343505,upregulated,red,,circle,30
YALI0E16907g,2,0.0007036552113771612,0.0075431034482758615,0.002452146901398798,changed_regulation,green,,circle,30
YALI0E26345g,2,0.0013463562123561292,0.003232758620689655,0.0029111277097920237,changed_regulation,green,,circle,30
YALI0D15928g,2,0.002157016335732615,0.00646551724137931,5.0826370982974894e-05,highly_expressed,orange,,circle,30
YALI0E27390g,2,0.00011909138192356359,0.005387931034482759,3.938060531077327e-05,lowly_expressed,lightblue,,circle,30
YALI0E03036g,2,0.0,0.0,1.899861425857035e-39,highly_expressed,orange,,circle,30
YALI0D12584g,2,0.0,0.0010775862068965517,8.519787736410096e-05,upregulated,red,,circle,30
YALI0E03696g,2,0.002046036261371911,0.004310344827586207,0.003589302844614942,upregulated,red,,circle,30
YALI0D27148g,2,0.001051158138666689,0.003232758620689655,5.52079149078769e-06,changed_regulation,green,,circle,30
YALI0C10901g,2,0.001878510582896254,0.003232758620689655,2.998689245723229e-06,changed_regulation,green,,circle,30
YALI0F20856g,2,0.01053086444899453,0.029094827586206896,0.0248421078689203,downregulated,darkblue,,circle,30
YALI0D14344g,2,0.002551757117471966,0.015086206896551723,0.014844377533740407,downregulated,darkblue,,circle,30
YALI0B08404g,2,0.0014385569162189845,0.017241379310344827,0.007844643109361936,downregulated,darkblue,,circle,30
YALI0C21912g,2,0.003752371387121973,0.0021551724137931034,0.0003799937990668182,downregulated,darkblue,,circle,30
YALI0F05038g,2,0.002025426197222158,0.017241379310344827,0.017213117820801503,upregulated,red,,circle,30
YALI0E27808g,2,0.007506896341208059,0.014008620689655173,0.0024480752245586205,highly_expressed,orange,,circle,30
YALI0E14795g,2,0.009616550811113032,0.061422413793103446,0.03989558682707322,downregulated,darkblue,,circle,30
YALI0E31449g,2,0.005877152918717634,0.022629310344827586,0.024633070256020267,upregulated,red,,circle,30
YALI0D14322g,2,0.0020658313694834505,0.008620689655172414,0.006570088782696084,highly_expressed,orange,,circle,30
YALI0B08250g,2,0.01618625794813071,0.04849137931034483,0.07626981776500996,upregulated,red,,circle,30
YALI0F16181g,2,0.01676990997226476,0.015086206896551723,0.0027323337920543535,highly_expressed,orange,,circle,30
YALI0B10736g,2,0.0,0.0,1.899861425857035e-39,highly_expressed,orange,,circle,30
YALI0D16335g,2,0.0,0.0021551724137931034,0.00012299166009946375,upregulated,red,,circle,30
YALI0B14245g,2,0.0,0.0021551724137931034,0.0001485001495518787,highly_expressed,orange,,circle,30
YALI0E05665g,2,0.005570588775356168,0.0075431034482758615,0.0001473860151514617,highly_expressed,orange,,circle,30
YALI0E06457g,2,0.0020710177582230413,0.0075431034482758615,0.003264223646802506,downregulated,darkblue,,circle,30
YALI0D06303g,2,0.003779767679764682,0.028017241379310345,0.04839646715872694,downregulated,darkblue,,circle,30
YALI0B15708g,2,0.0,0.0010775862068965517,7.748289097658961e-05,changed_regulation,green,,circle,30
YALI0D15532g,2,0.0007566085894525214,0.015086206896551723,0.02433061663771245,downregulated,darkblue,,circle,30
YALI0D11374g,2,0.0002593047750350286,0.00646551724137931,0.00048081792048056994,lowly_expressed,lightblue,,circle,30
YALI0E00264g,2,0.0018840190031439853,0.0075431034482758615,0.00017698277714946634,lowly_expressed,lightblue,,circle,30
YALI0C02937g,2,1.4641114294623728e-06,0.003232758620689655,0.00020696237795544606,lowly_expressed,lightblue,,circle,30
YALI0E21549g,2,0.00037675400997743287,0.008620689655172414,0.0009296945435228183,downregulated,darkblue,,circle,30
YALI0E27940g,2,2.649095499166096e-06,0.004310344827586207,8.727498006250656e-05,downregulated,darkblue,,circle,30
YALI0E21758g,2,0.0,0.0021551724137931034,6.912337726106907e-05,downregulated,darkblue,,circle,30
YALI0D04884g,2,0.0011079851345502441,0.0075431034482758615,0.002449135175804182,upregulated,red,,circle,30
YALI0B13222g,2,0.00253096563818834,0.00646551724137931,0.0009589808128883753,downregulated,darkblue,,circle,30
YALI0E09801g,2,0.0,0.0010775862068965517,5.830574574922737e-05,downregulated,darkblue,,circle,30
YALI0A00264g,2,0.0038318325278781456,0.010775862068965518,0.01337204480607319,highly_expressed,orange,,circle,30
YALI0B04950g,2,0.002336078234507511,0.010775862068965518,0.013435788622617914,downregulated,darkblue,,circle,30
YALI0D24387g,2,0.001878510582896254,0.003232758620689655,0.00012723651648220623,highly_expressed,orange,,circle,30
YALI0E13343g,2,0.0,0.0021551724137931034,3.705652723734227e-05,lowly_expressed,lightblue,,circle,30
YALI0E34749g,2,0.003752371387121973,0.0021551724137931034,1.1628349541021828e-05,lowly_expressed,lightblue,,circle,30
YALI0F30987g,2,0.006120906052076661,0.036637931034482756,0.0374437827986341,downregulated,darkblue,,circle,30
YALI0F30899g,2,0.008541614901495603,0.028017241379310345,0.01794504276691813,lowly_expressed,lightblue,,circle,30
YALI0C11495g,2,0.018997517101756362,0.04956896551724138,0.06310994224841897,downregulated,darkblue,,circle,30
YALI0E26235g,2,0.0072017497426427645,0.06788793103448276,0.1353399644243069,downregulated,darkblue,,circle,30
YALI0B12386g,2,0.010208269729274919,0.05603448275862069,0.09225998722367727,downregulated,darkblue,,circle,30
YALI0E15246g,2,0.0028539455332341657,0.04202586206896552,0.07747219477889439,downregulated,darkblue,,circle,30
YALI0A09042g,2,0.0016701946299904318,0.008620689655172414,0.002595173670836578,downregulated,darkblue,,circle,30
YALI0B06963g,2,0.012777275101018752,0.05064655172413793,0.08484354039814446,downregulated,darkblue,,circle,30
YALI0F29095g,2,0.0036028506356074598,0.04418103448275862,0.09529984241385725,downregulated,darkblue,,circle,30
YALI0B16874g,2,0.01217100557910938,0.04956896551724138,0.06537398527887012,downregulated,darkblue,,circle,30
YALI0A15708g,2,0.005596561938930918,0.010775862068965518,0.002755133898157473,lowly_expressed,lightblue,,circle,30
YALI0F05764g,2,0.0,0.003232758620689655,0.0028599753935631207,downregulated,darkblue,,circle,30
YALI0B10890g,2,0.00011984964937678634,0.0075431034482758615,0.010657748200048169,downregulated,darkblue,,circle,30
YALI0E22044g,2,0.0032470669383420307,0.03771551724137931,0.04888722957336971,downregulated,darkblue,,circle,30
YALI0C05324g,2,0.0023724538762251238,0.029094827586206896,0.03537861390189616,downregulated,darkblue,,circle,30
YALI0C01573g,2,5.598468409856177e-05,0.00646551724137931,0.009071880808321879,downregulated,darkblue,,circle,30
YALI0F06490g,2,0.015136276211958337,0.07112068965517242,0.07431420836276824,downregulated,darkblue,,circle,30
YALI0F05808g,2,7.571912751847233e-05,0.004310344827586207,0.0032237268727505295,upregulated,red,,circle,30
YALI0A04345g,2,0.004515418753459243,0.029094827586206896,0.022272101677388856,downregulated,darkblue,,circle,30
YALI0F11517g,2,0.002791878349679651,0.014008620689655173,0.02004461576469783,upregulated,red,,circle,30
YALI0D11330g,2,0.0,0.0010775862068965517,3.3351416615563468e-06,changed_regulation,green,,circle,30
YALI0C08987g,2,0.0,0.0010775862068965517,2.6937491089972678e-06,downregulated,darkblue,,circle,30
YALI0D04983g,2,6.1357087865785894e-06,0.003232758620689655,3.022493733320879e-05,upregulated,red,,circle,30
YALI0D17864g,2,0.0003051543763476832,0.009698275862068966,0.0038820021993509366,downregulated,darkblue,,circle,30
YALI0B22902g,2,0.007382308002300715,0.005387931034482759,0.0019668975958683638,lowly_expressed,lightblue,,circle,30
YALI0D13112g,2,0.015486541424693924,0.08189655172413793,0.14839639054969053,downregulated,darkblue,,circle,30
YALI0D08404g,2,0.0,0.0021551724137931034,0.001177591027600751,downregulated,darkblue,,circle,30
YALI0D17086g,2,0.017878803466043005,0.08512931034482758,0.16488997660429358,downregulated,darkblue,,circle,30
YALI0A20702g,2,0.001757332937974248,0.0075431034482758615,0.0013337147128147531,lowly_expressed,lightblue,,circle,30
YALI0A15081g,2,0.0051240217395041926,0.008620689655172414,0.003398168229028966,downregulated,darkblue,,circle,30
YALI0B07535g,2,0.01796163439961426,0.05495689655172414,0.0976380890728444,downregulated,darkblue,,circle,30
YALI0B05280g,2,0.029846000051329,0.0625,0.10416657704461812,downregulated,darkblue,,circle,30
YALI0B13904g,2,0.0001759065791597832,0.008620689655172414,0.0017544758785083443,lowly_expressed,lightblue,,circle,30
YALI0E24541g,15,0.0,0.0010775862068965517,0.0007797951549523652,lowly_expressed,lightblue,Transcription_Factor,roundrectangle,80
YALI0B13112g,2,0.007501413219019953,0.017241379310344827,0.012968871023825691,downregulated,darkblue,,circle,30
YALI0C23969g,2,0.0002787076721235787,0.005387931034482759,0.007248058757413867,highly_expressed,orange,,circle,30
YALI0F04334g,15,0.0015211319901839659,0.011853448275862068,0.003521797177542858,highly_expressed,orange,Transcription_Factor,roundrectangle,80
YALI0B20086g,2,0.005095619704911751,0.04525862068965517,0.07518821695843675,upregulated,red,,circle,30
YALI0E23067g,2,0.002982320738817324,0.02478448275862069,0.04153615056466563,upregulated,red,,circle,30
YALI0E12485g,2,0.004793547164066845,0.05064655172413793,0.10882276472470104,downregulated,darkblue,,circle,30
YALI0F21615g,2,0.00370322629934578,0.028017241379310345,0.025285779121041997,downregulated,darkblue,,circle,30
YALI0E05643g,2,0.0175227733092454,0.05495689655172414,0.07333233367992797,downregulated,darkblue,,circle,30
YALI0F26125g,2,0.013781758463629406,0.040948275862068964,0.06185573911444115,downregulated,darkblue,,circle,30
YALI0A03245g,2,0.004220776642543865,0.01939655172413793,0.010179676930478037,downregulated,darkblue,,circle,30
YALI0D03762g,2,0.0024354020592298607,0.018318965517241378,0.016100980261969697,downregulated,darkblue,,circle,30
YALI0F09856g,2,0.0037740633531050624,0.009698275862068966,0.002456441830856004,downregulated,darkblue,,circle,30
YALI0C14190g,2,0.006271160016905994,0.03125,0.027189471980189475,downregulated,darkblue,,circle,30
YALI0F05456g,2,9.533223871410185e-05,0.005387931034482759,0.001737497814298284,upregulated,red,,circle,30
YALI0E03718g,2,0.0,0.0,1.899861425857035e-39,upregulated,red,,circle,30
YALI0D14608g,2,0.0,0.003232758620689655,3.419230356461248e-05,lowly_expressed,lightblue,,circle,30
YALI0F26675g,2,0.0,0.003232758620689655,3.40369573981701e-05,lowly_expressed,lightblue,,circle,30
YALI0D15114g,2,0.0013174102453555783,0.0075431034482758615,0.002160644675212779,lowly_expressed,lightblue,,circle,30
YALI0C10494g,2,0.0029487569733104685,0.011853448275862068,0.0031249192636176636,downregulated,darkblue,,circle,30
YALI0E19008g,2,8.454405044154604e-05,0.00646551724137931,0.0012691711351268203,lowly_expressed,lightblue,,circle,30
YALI0B17732g,2,0.0,0.003232758620689655,0.0009938576814049803,lowly_expressed,lightblue,,circle,30
P02663,2,0.0012433224412153666,0.0021551724137931034,0.0001520562826717448,downregulated,darkblue,,circle,30
YALI0B16742g,2,0.0017226686349300325,0.0075431034482758615,0.0017389816861949439,downregulated,darkblue,,circle,30
YALI0C11561g,2,0.0001459938572423674,0.003232758620689655,0.00010778291557175535,upregulated,red,,circle,30
YALI0B16500g,2,0.0034162145733617802,0.020474137931034482,0.023379964833434956,downregulated,darkblue,,circle,30
YALI0E19899g,2,0.0005583502901460584,0.016163793103448277,0.011504895931462351,downregulated,darkblue,,circle,30
YALI0D08206g,2,0.0,0.0010775862068965517,0.00035941994434398006,lowly_expressed,lightblue,,circle,30
YALI0D11044g,2,0.007809329944373905,0.011853448275862068,0.016253517799404617,downregulated,darkblue,,circle,30
YALI0D15774g,2,0.015299857912693669,0.05711206896551724,0.11716046806100244,downregulated,darkblue,,circle,30
YALI0B11418g,2,0.0030228782958324723,0.01293103448275862,0.011989042379920881,downregulated,darkblue,,circle,30
YALI0F22847g,2,0.018194583785553074,0.07004310344827586,0.09942379384865176,downregulated,darkblue,,circle,30
YALI0E33539g,2,0.0009200050469487174,0.003232758620689655,0.0002535754955537324,lowly_expressed,lightblue,,circle,30
YALI0B06116g,2,0.009081392954289055,0.06034482758620689,0.04757760745996198,downregulated,darkblue,,circle,30
YALI0F24255g,2,0.0005078213214453784,0.023706896551724137,0.035865146949739565,upregulated,red,,circle,30
YALI0E33935g,2,0.0,0.0021551724137931034,0.002458001016863565,upregulated,red,,circle,30
YALI0E13189g,2,0.0011126294770952803,0.011853448275862068,0.011563683280838006,downregulated,darkblue,,circle,30
YALI0C16346g,2,0.002300485438968312,0.022629310344827586,0.041876500139405665,downregulated,darkblue,,circle,30
YALI0C24189g,2,0.0019385273587037347,0.02478448275862069,0.03555164491057355,upregulated,red,,circle,30
YALI0F27401g,2,0.0,0.0,1.899861425857035e-39,upregulated,red,,circle,30
YALI0E32241g,2,0.0015808329821639232,0.00646551724137931,0.001702687711094792,downregulated,darkblue,,circle,30
YALI0F04730g,2,0.015530640355951534,0.04633620689655173,0.037751976760344,downregulated,darkblue,,circle,30
YALI0F06578g,2,0.0,0.004310344827586207,0.006643078404860922,changed_regulation,green,,circle,30
YALI0B18744g,2,0.0,0.0010775862068965517,6.439067900346895e-05,downregulated,darkblue,,circle,30
YALI0E10439g,2,0.0009553569202417903,0.005387931034482759,0.0012130851119451257,downregulated,darkblue,,circle,30
YALI0B02794g,2,0.013364677199267429,0.05172413793103448,0.06292005174908265,downregulated,darkblue,,circle,30
YALI0F05676g,2,0.0009662234353576596,0.004310344827586207,1.6680103531990397e-05,changed_regulation,green,,circle,30
YALI0E25025g,2,0.00046533728492780343,0.004310344827586207,1.0832209607043108e-05,highly_expressed,orange,,circle,30
YALI0F24123g,2,0.007620185682733216,0.014008620689655173,0.00019736012828655298,changed_regulation,green,,circle,30
YALI0E14465g,2,0.0001413185846561606,0.004310344827586207,0.0001498472138972879,changed_regulation,green,,circle,30
YALI0D06149g,2,0.001878510582896254,0.0021551724137931034,2.7679368190719187e-07,highly_expressed,orange,,circle,30
YALI0E15708g,2,0.0,0.0,1.899861425857035e-39,changed_regulation,green,,circle,30
YALI0A16379g,2,0.005004189394004818,0.032327586206896554,0.019208523448881427,lowly_expressed,lightblue,,circle,30
YALI0E14949g,2,0.0092833356838921,0.030172413793103446,0.011843785625845956,downregulated,darkblue,,circle,30
YALI0F26521g,2,0.013019338934611558,0.040948275862068964,0.03967706947351948,downregulated,darkblue,,circle,30
YALI0A12705g,2,0.01395906285623527,0.017241379310344827,0.003470093536677763,downregulated,darkblue,,circle,30
YALI0A04367g,2,0.0030153019043548846,0.03771551724137931,0.016912317511586637,downregulated,darkblue,,circle,30
YALI0F06732g,2,0.005965911737261191,0.01293103448275862,0.006504813835590355,downregulated,darkblue,,circle,30
YALI0E03080g,2,0.0004797011874821518,0.017241379310344827,0.009031257692723043,changed_regulation,green,,circle,30
YALI0A10703g,2,0.0,0.003232758620689655,0.0015700879812834874,downregulated,darkblue,,circle,30
YALI0E31317g,2,0.009446336776014823,0.04849137931034483,0.029737358844117153,downregulated,darkblue,,circle,30
YALI0E09933g,2,0.0014792215560746722,0.030172413793103446,0.014381985952704306,downregulated,darkblue,,circle,30
YALI0C17083g,2,0.006504150973292175,0.05495689655172414,0.03880554845262066,downregulated,darkblue,,circle,30
YALI0C17237g,2,0.008354191074217795,0.05172413793103448,0.030067237306699,downregulated,darkblue,,circle,30
YALI0B07623g,2,0.00039242805911369696,0.02693965517241379,0.018471843845149483,downregulated,darkblue,,circle,30
YALI0D26488g,2,0.005427167418701214,0.04849137931034483,0.027490018437951114,downregulated,darkblue,,circle,30
YALI0B23210g,2,0.0032604349059533124,0.03771551724137931,0.01971624310380732,downregulated,darkblue,,circle,30
YALI0D07788g,2,0.004764899146217307,0.03125,0.019584428899843062,downregulated,darkblue,,circle,30
Q32PJ2,2,2.741563797721147e-06,0.003232758620689655,0.001262053053488251,downregulated,darkblue,,circle,30
YALI0A11407g,2,0.002186228424832689,0.020474137931034482,0.00881523844954253,downregulated,darkblue,,circle,30
YALI0E31911g,2,0.0,0.0,1.899861425857035e-39,downregulated,darkblue,,circle,30
YALI0A13299g,2,0.004096841184566195,0.05064655172413793,0.09663279580006601,downregulated,darkblue,,circle,30
YALI0D11308g,2,0.0,0.0010775862068965517,9.188772247263155e-06,lowly_expressed,lightblue,,circle,30
YALI0E16456g,2,0.0,0.0,1.899861425857035e-39,changed_regulation,green,,circle,30
YALI0E28875g,2,0.005566162825663306,0.06465517241379311,0.1328614513179585,downregulated,darkblue,,circle,30
YALI0E26686g,2,0.0016858385864573695,0.01939655172413793,0.03380844004096392,downregulated,darkblue,,circle,30
YALI0F31031g,2,3.6001797581822285e-06,0.005387931034482759,0.009574349311074001,downregulated,darkblue,,circle,30
YALI0E07381g,2,0.00017234916039340274,0.018318965517241378,0.03727969352177147,downregulated,darkblue,,circle,30
YALI0D17094g,2,0.0,0.0010775862068965517,0.00014041744212606427,downregulated,darkblue,,circle,30
YALI0D13104g,2,0.0011663487293995004,0.011853448275862068,0.00030512039954700695,downregulated,darkblue,,circle,30
YALI0B05896g,2,0.010701648555796238,0.011853448275862068,0.003931266633065918,changed_regulation,green,,circle,30
YALI0D05753g,2,0.001119937584927308,0.008620689655172414,0.0005587664398172007,changed_regulation,green,,circle,30
YALI0F24695g,2,0.007640950495051801,0.011853448275862068,0.002128706595602134,downregulated,darkblue,,circle,30
YALI0D12749g,2,0.001270873742913009,0.008620689655172414,0.007880634217498447,changed_regulation,green,,circle,30
YALI0E12705g,2,0.0,0.004310344827586207,2.9819090941168337e-05,changed_regulation,green,,circle,30
YALI0A00660g,2,0.012440591705902927,0.06896551724137931,0.1324848200846297,upregulated,red,,circle,30
YALI0B15686g,2,0.0,0.0,1.899861425857035e-39,highly_expressed,orange,,circle,30
YALI0D27082g,2,0.0011697927865665847,0.02693965517241379,0.0506462669951759,downregulated,darkblue,,circle,30
YALI0F18414g,2,0.001878510582896254,0.0021551724137931034,4.671852807006457e-05,lowly_expressed,lightblue,,circle,30
YALI0E34397g,2,0.0001680113274709691,0.00646551724137931,0.0007302404619179455,downregulated,darkblue,,circle,30
YALI0C04114g,2,0.0,0.0010775862068965517,1.1837204286484781e-05,lowly_expressed,lightblue,,circle,30
YALI0F16071g,2,0.001878510582896254,0.0021551724137931034,9.025392820763255e-06,lowly_expressed,lightblue,,circle,30
YALI0D06325g,2,0.0037600308351076594,0.00646551724137931,0.00016533366963456886,lowly_expressed,lightblue,,circle,30
YALI0A19888g,2,0.002429708536288367,0.01293103448275862,0.015870030901122965,downregulated,darkblue,,circle,30
YALI0A01045g,2,0.0004445712584911211,0.017241379310344827,0.035119297361071264,downregulated,darkblue,,circle,30
YALI0E21307g,2,0.008388097910846494,0.07112068965517242,0.12517915734342286,downregulated,darkblue,,circle,30
YALI0B11704g,2,0.0015217225412854506,0.03771551724137931,0.08661632193831258,downregulated,darkblue,,circle,30
YALI0E32483g,2,0.01367637065550974,0.07219827586206896,0.142327963710795,downregulated,darkblue,,circle,30
YALI0D04895g,2,0.006046378496024316,0.05603448275862069,0.09503474498217795,changed_regulation,green,,circle,30
YALI0D23705g,2,0.00019170051908153117,0.023706896551724137,0.04844691965493694,downregulated,darkblue,,circle,30
YALI0B02420g,2,0.005708887674282164,0.06465517241379311,0.1274900358077878,downregulated,darkblue,,circle,30
YALI0F24365g,2,0.019884071060381626,0.08728448275862069,0.1540952240565417,downregulated,darkblue,,circle,30
YALI0F10659g,2,0.010889469829895283,0.08620689655172414,0.1704911686612104,downregulated,darkblue,,circle,30
YALI0F13321g,15,0.02748494169829733,0.08297413793103448,0.14805755464631115,downregulated,darkblue,Transcription_Factor,roundrectangle,80
YALI0E32791g,2,0.004045135066171572,0.06788793103448276,0.13620172158949106,downregulated,darkblue,,circle,30
YALI0F09581g,2,0.0021650853071881913,0.02586206896551724,0.05090237772843403,downregulated,darkblue,,circle,30
YALI0D17732g,2,2.188118569774489e-06,0.010775862068965518,0.0059741255310808514,upregulated,red,,circle,30
YALI0C12661g,2,0.001352629317404252,0.030172413793103446,0.015840019123590128,upregulated,red,,circle,30
YALI0F10153g,2,0.007736868758866119,0.052801724137931036,0.03470195112791726,downregulated,darkblue,,circle,30
YALI0B10758g,2,0.007532407897483077,0.059267241379310345,0.046836370604764935,changed_regulation,green,,circle,30
YALI0B18722g,2,0.00011628459160219583,0.004310344827586207,0.0017779953965897767,lowly_expressed,lightblue,,circle,30
YALI0F27247g,2,0.003370641794131344,0.023706896551724137,0.017076702274435647,downregulated,darkblue,,circle,30
YALI0F16918g,2,0.0006719047879662175,0.028017241379310345,0.014378747068549393,downregulated,darkblue,,circle,30
YALI0F00132g,2,0.0031201619149462427,0.04633620689655173,0.03273961917670524,changed_regulation,green,,circle,30
YALI0E27830g,2,1.0496312564353517e-05,0.011853448275862068,0.010793550172927154,downregulated,darkblue,,circle,30
YALI0F06826g,2,0.008962095386377739,0.07435344827586207,0.06686046267143345,downregulated,darkblue,,circle,30
YALI0E10307g,2,0.0010261535342763202,0.02693965517241379,0.020914499558308562,upregulated,red,,circle,30
YALI0D00297g,2,0.004897274744314604,0.05172413793103448,0.05796308775103458,upregulated,red,,circle,30
YALI0F26807g,2,0.0020821439224764492,0.04310344827586207,0.03573217446992031,downregulated,darkblue,,circle,30
YALI0A03685g,2,0.000420616155853024,0.018318965517241378,0.010421036455164723,changed_regulation,green,,circle,30
Q3ZBD7,2,0.013526056907969475,0.07543103448275862,0.08171461221299409,changed_regulation,green,,circle,30
YALI0D24651g,2,0.0,0.0010775862068965517,0.00013346924292804968,downregulated,darkblue,,circle,30
YALI0C11473g,2,0.0032585767219156644,0.014008620689655173,0.0040037278648177455,downregulated,darkblue,,circle,30
YALI0E00484g,2,0.0,0.0010775862068965517,1.593719275583573e-32,changed_regulation,green,,circle,30
YALI0A19910g,2,0.0,0.0010775862068965517,1.593719275583573e-32,changed_regulation,green,,circle,30
YALI0D06688g,2,0.00022942128662400632,0.0021551724137931034,1.0032514412860934e-05,changed_regulation,green,,circle,30
YALI0B09647g,2,0.001878510582896254,0.0021551724137931034,9.33855450257629e-05,downregulated,darkblue,,circle,30
YALI0A05665g,2,0.0,0.0010775862068965517,2.217226008695276e-06,changed_regulation,green,,circle,30
YALI0F26411g,2,0.016167744706666373,0.0625,0.071424010702236,changed_regulation,green,,circle,30
YALI0D25190g,2,0.005707989788730004,0.009698275862068966,0.000898947651519012,changed_regulation,green,,circle,30
YALI0B09119g,2,0.011779693222495167,0.05064655172413793,0.07768894710276229,changed_regulation,green,,circle,30
YALI0F09603g,2,8.698166749238736e-05,0.00646551724137931,0.001121663432209856,downregulated,darkblue,,circle,30
YALI0D04268g,2,0.0007489405891162548,0.011853448275862068,0.01572084060804872,downregulated,darkblue,,circle,30
YALI0C20625g,2,0.004759414313974067,0.04310344827586207,0.06783560750103204,downregulated,darkblue,,circle,30
YALI0C03069g,2,0.0,0.0010775862068965517,0.0007744918878943694,downregulated,darkblue,,circle,30
YALI0F13343g,2,0.009300344820062117,0.04525862068965517,0.08861583931032527,downregulated,darkblue,,circle,30
YALI0F04598g,2,0.0014946045734821937,0.02693965517241379,0.04698999536400201,downregulated,darkblue,,circle,30
YALI0F24387g,2,0.0,0.0010775862068965517,3.5904527323304193e-07,lowly_expressed,lightblue,,circle,30
YALI0B00880g,2,0.001878510582896254,0.0021551724137931034,1.5102255584898378e-05,highly_expressed,orange,,circle,30
YALI0A17127g,2,5.417348156912541e-05,0.00646551724137931,0.001394792206219397,upregulated,red,,circle,30
YALI0F20790g,2,0.0018947449316085742,0.0075431034482758615,0.0022131515829827263,upregulated,red,,circle,30
YALI0E14927g,2,4.0948597109944044e-05,0.005387931034482759,0.0013751772444184516,downregulated,darkblue,,circle,30
YALI0E17479g,2,0.00018762631104532872,0.015086206896551723,0.005717999905818692,upregulated,red,,circle,30
YALI0C04092g,2,0.0004055714290940843,0.0075431034482758615,0.0038539005508812104,highly_expressed,orange,,circle,30
YALI0A09537g,2,0.0,0.0010775862068965517,4.408934755025274e-05,lowly_expressed,lightblue,,circle,30
YALI0E30481g,2,0.0004320611292366055,0.008620689655172414,0.0005470572321240602,lowly_expressed,lightblue,,circle,30
YALI0E05115g,2,0.005370247781828143,0.011853448275862068,0.0035065389277000787,upregulated,red,,circle,30
YALI0B02838g,2,0.015526829829692262,0.017241379310344827,0.0006481378898933165,highly_expressed,orange,,circle,30
YALI0B04136g,2,0.002046865966247808,0.010775862068965518,0.0014111352558985697,lowly_expressed,lightblue,,circle,30
YALI0D09251g,2,0.0019087296423599264,0.00646551724137931,0.00045831197509968316,lowly_expressed,lightblue,,circle,30
YALI0C03916g,2,2.885432348850184e-05,0.004310344827586207,0.00011402206735910942,highly_expressed,orange,,circle,30
YALI0D25696g,2,0.00040464946296078064,0.009698275862068966,0.0007737231690992503,lowly_expressed,lightblue,,circle,30
YALI0E06721g,2,0.0005073384426113267,0.005387931034482759,0.00013055045127952083,highly_expressed,orange,,circle,30
YALI0E27632g,2,0.0002181894133483072,0.0021551724137931034,0.0005676834382274758,downregulated,darkblue,,circle,30
YALI0E11517g,2,0.0,0.0,1.899861425857035e-39,lowly_expressed,lightblue,,circle,30
YALI0E33693g,2,0.004303563231359584,0.018318965517241378,0.017723980941082327,upregulated,red,,circle,30
YALI0B10846g,2,0.0,0.0,1.899861425857035e-39,upregulated,red,,circle,30
YALI0E00550g,2,0.0,0.0021551724137931034,9.415298505031657e-06,highly_expressed,orange,,circle,30
YALI0C04433g,2,0.005992164722228392,0.005387931034482759,0.0003871293880222413,lowly_expressed,lightblue,,circle,30
YALI0D11726g,2,0.0003918687882348981,0.003232758620689655,9.54355157173473e-06,highly_expressed,orange,,circle,30
YALI0F14399g,2,0.0,0.0,1.899861425857035e-39,downregulated,darkblue,,circle,30
YALI0D13068g,2,0.0031269751185739425,0.040948275862068964,0.07133661849003127,downregulated,darkblue,,circle,30
YALI0E26807g,2,0.0,0.0021551724137931034,4.456970750697691e-05,lowly_expressed,lightblue,,circle,30
YALI0F27951g,2,2.8806803043774237e-05,0.005387931034482759,0.0048846102089428675,downregulated,darkblue,,circle,30
YALI0A08448g,2,0.00020995571530616836,0.014008620689655173,0.020446070639542353,downregulated,darkblue,,circle,30
YALI0B04928g,2,0.007465487820037644,0.052801724137931036,0.07500666968018539,downregulated,darkblue,,circle,30
YALI0E34551g,2,0.004035791435064251,0.01293103448275862,0.008901888282727843,changed_regulation,green,,circle,30
YALI0F20196g,2,0.0023000273810301645,0.029094827586206896,0.037915565285039164,downregulated,darkblue,,circle,30
YALI0C04345g,2,0.016206374259699726,0.07219827586206896,0.13898427722143103,downregulated,darkblue,,circle,30
YALI0F04147g,2,0.00045784342046940565,0.01293103448275862,0.01619434156643592,downregulated,darkblue,,circle,30
YALI0E27720g,2,0.0017845647328853021,0.030172413793103446,0.04992546817931401,changed_regulation,green,,circle,30
YALI0D09757g,15,0.0,0.0021551724137931034,0.0018682806081211833,upregulated,red,Transcription_Factor,roundrectangle,80
YALI0B15444g,2,0.0,0.0,1.899861425857035e-39,lowly_expressed,lightblue,,circle,30
YALI0F13937g,2,0.0,0.0021551724137931034,0.0010634491450899305,changed_regulation,green,,circle,30
YALI0B10560g,2,0.007581293233843425,0.030172413793103446,0.042667929555553104,changed_regulation,green,,circle,30
YALI0D14916g,2,0.0,0.0021551724137931034,0.00010227717477992493,highly_expressed,orange,,circle,30
YALI0C12947g,2,0.004574626525534114,0.011853448275862068,0.0006395985629222568,lowly_expressed,lightblue,,circle,30
YALI0C15246g,2,0.0,0.0,1.899861425857035e-39,changed_regulation,green,,circle,30
YALI0B12562g,2,0.0029838174566799575,0.004310344827586207,0.0009033331832770708,highly_expressed,orange,,circle,30
YALI0B18304g,2,0.0019598504503378546,0.03987068965517241,0.07427482249241565,downregulated,darkblue,,circle,30
YALI0D07942g,2,0.0,0.0021551724137931034,0.00011487365423878166,downregulated,darkblue,,circle,30
YALI0F12793g,2,0.0,0.0010775862068965517,8.37542414712917e-05,highly_expressed,orange,,circle,30
YALI0B04092g,2,0.0,0.003232758620689655,0.0050557113582710735,downregulated,darkblue,,circle,30
YALI0C17545g,2,0.0,0.0010775862068965517,0.0007952188498218805,highly_expressed,orange,,circle,30
YALI0B02574g,2,0.0029910528481343415,0.01939655172413793,0.03350244906030463,downregulated,darkblue,,circle,30
YALI0E31766g,2,0.001878510582896254,0.0021551724137931034,3.928333647455582e-06,lowly_expressed,lightblue,,circle,30
YALI0C21472g,2,0.00014094509693151532,0.0021551724137931034,2.6484178233922913e-05,highly_expressed,orange,,circle,30
YALI0F12639g,2,0.0031878392733302703,0.0075431034482758615,0.00021225265582068531,highly_expressed,orange,,circle,30
YALI0F12375g,2,0.0,0.0010775862068965517,4.686749348490256e-06,changed_regulation,green,,circle,30
YALI0E23155g,2,0.0005896544842541455,0.010775862068965518,0.007660808721325001,downregulated,darkblue,,circle,30
YALI0D11264g,2,3.426477499218447e-05,0.00646551724137931,0.005637371302147473,downregulated,darkblue,,circle,30
YALI0E29579g,2,0.009943214282370766,0.02478448275862069,0.020550282929474625,downregulated,darkblue,,circle,30
YALI0E27918g,2,3.403059331261321e-05,0.008620689655172414,0.009880968326849579,upregulated,red,,circle,30
YALI0E09471g,2,0.006983801651078705,0.03556034482758621,0.04987537329764705,downregulated,darkblue,,circle,30
YALI0C22341g,2,0.001886400954097969,0.00646551724137931,0.004393937072959703,downregulated,darkblue,,circle,30
YALI0C09548g,2,7.795534209085207e-05,0.015086206896551723,0.013982510243337486,downregulated,darkblue,,circle,30
YALI0D24750g,2,0.00038483918433204436,0.004310344827586207,0.00618473647506867,highly_expressed,orange,,circle,30
YALI0D15268g,2,1.0144138169725156e-05,0.004310344827586207,0.0010456991824729373,upregulated,red,,circle,30
YALI0F27181g,2,0.017414259588823776,0.08728448275862069,0.1379307419567566,downregulated,darkblue,,circle,30
YALI0B23122g,2,0.00812877118997541,0.03987068965517241,0.06359575401277724,downregulated,darkblue,,circle,30
YALI0B06941g,2,4.073354580796812e-05,0.00646551724137931,0.0050609346999929165,changed_regulation,green,,circle,30
YALI0F19470g,2,8.026563863540975e-06,0.003232758620689655,0.0020657405976705944,downregulated,darkblue,,circle,30
YALI0E07183g,2,0.00010608356274550966,0.01293103448275862,0.022004931976253892,downregulated,darkblue,,circle,30
YALI0C23859g,2,0.005536254824891179,0.05495689655172414,0.08092061423596045,downregulated,darkblue,,circle,30
YALI0F26499g,2,0.0,0.0010775862068965517,0.00037669652560843567,upregulated,red,,circle,30
YALI0D05599g,2,0.000996215491137168,0.028017241379310345,0.029887292686080695,upregulated,red,,circle,30
YALI0E18590g,2,0.0019477058391951581,0.03125,0.02515181083563656,changed_regulation,green,,circle,30
YALI0E12081g,2,0.0028768287395854564,0.0334051724137931,0.03389420543687455,upregulated,red,,circle,30
YALI0E06919g,2,0.0011478283784853065,0.03125,0.02041104523812154,downregulated,darkblue,,circle,30
YALI0E33649g,2,0.00037443811208197824,0.005387931034482759,0.0028005124107866775,lowly_expressed,lightblue,,circle,30
YALI0E25696g,2,0.0015482964510518918,0.02693965517241379,0.02358485631175183,downregulated,darkblue,,circle,30
YALI0E12221g,2,0.0005882917231819976,0.022629310344827586,0.016644227620223783,downregulated,darkblue,,circle,30
YALI0C06996g,2,0.0004194863888568051,0.016163793103448277,0.021868234540615167,downregulated,darkblue,,circle,30
YALI0E14817g,2,0.0019348400699308497,0.028017241379310345,0.02895826332698433,upregulated,red,,circle,30
YALI0B19162g,2,0.01618916205428099,0.061422413793103446,0.07584460625498807,downregulated,darkblue,,circle,30
YALI0C02915g,2,0.003282594319109792,0.03125,0.04020368569159532,downregulated,darkblue,,circle,30
YALI0D18810g,2,0.004497005552072302,0.01939655172413793,0.01733267871385018,downregulated,darkblue,,circle,30
YALI0E12991g,2,0.0006185799193429529,0.018318965517241378,0.034326525005994604,downregulated,darkblue,,circle,30
YALI0B18414g,2,0.0002947090143181639,0.016163793103448277,0.02297459321011568,changed_regulation,green,,circle,30
YALI0E27588g,2,0.0013985606155107267,0.030172413793103446,0.054689787442931,downregulated,darkblue,,circle,30
YALI0A02497g,2,6.742179072276159e-05,0.005387931034482759,8.248235234033728e-25,upregulated,red,,circle,30
YALI0D02717g,2,0.0,0.003232758620689655,6.911378943890356e-25,downregulated,darkblue,,circle,30
YALI0F21725g,2,0.0,0.0010775862068965517,5.03965319433096e-06,highly_expressed,orange,,circle,30
YALI0D13684g,2,0.00019964497809485434,0.004310344827586207,7.875703917673283e-05,lowly_expressed,lightblue,,circle,30
YALI0E07766g,2,0.004503699502271034,0.0075431034482758615,0.0002511669218912604,lowly_expressed,lightblue,,circle,30
YALI0A11869g,2,0.0,0.0010775862068965517,1.0322701751639625e-30,upregulated,red,,circle,30
YALI0F30393g,2,5.152439299338611e-06,0.004310344827586207,0.006022547397975346,upregulated,red,,circle,30
YALI0B21868g,2,0.0008659080411157062,0.016163793103448277,0.027110777060096174,changed_regulation,green,,circle,30
YALI0D26752g,2,0.004584131384923248,0.034482758620689655,0.07101367623709733,downregulated,darkblue,,circle,30
YALI0A19844g,2,0.008498667224461515,0.07327586206896551,0.14062123096803913,downregulated,darkblue,,circle,30
YALI0E14256g,2,5.176409300161245e-06,0.003232758620689655,0.00026361220358247177,downregulated,darkblue,,circle,30
YALI0F08899g,2,0.0,0.0021551724137931034,0.00021754725736289617,changed_regulation,green,,circle,30
YALI0B12100g,2,0.003942323366931934,0.0075431034482758615,0.00198685762886673,changed_regulation,green,,circle,30
YALI0F07469g,2,0.008933737842219099,0.04956896551724138,0.0712353824957777,upregulated,red,,circle,30
YALI0E33077g,2,0.01236107499129145,0.06357758620689655,0.08387421446915906,changed_regulation,green,,circle,30
YALI0B00220g,2,0.02229922293353956,0.07219827586206896,0.12809466857988439,downregulated,darkblue,,circle,30
YALI0D24970g,2,0.003966867381112265,0.04741379310344827,0.08867533956874461,upregulated,red,,circle,30
YALI0B10274g,2,0.004038906776575899,0.010775862068965518,0.007463582470949036,upregulated,red,,circle,30
YALI0E15180g,2,0.0005954267883040411,0.02478448275862069,0.02759108492051415,upregulated,red,,circle,30
YALI0B21186g,2,0.00023043775997066038,0.020474137931034482,0.029479016780865067,upregulated,red,,circle,30
YALI0A02134g,2,0.00409642228040395,0.028017241379310345,0.04636338971136433,changed_regulation,green,,circle,30
YALI0C12918g,2,0.0015887092044359129,0.01939655172413793,0.013333727643475223,downregulated,darkblue,,circle,30
YALI0C16687g,2,0.007266461476593944,0.07219827586206896,0.15057196703549974,upregulated,red,,circle,30
YALI0D20152g,2,0.0005845745039453968,0.023706896551724137,0.030436554418006623,upregulated,red,,circle,30
YALI0F01210g,2,0.0028473447227364097,0.023706896551724137,0.03321685213108615,upregulated,red,,circle,30
YALI0B05126g,2,0.0002447539341649669,0.004310344827586207,0.004809503164312913,downregulated,darkblue,,circle,30
YALI0E08316g,2,7.075268510414671e-06,0.009698275862068966,0.02526777300225858,upregulated,red,,circle,30
YALI0B15510g,2,0.0,0.0010775862068965517,0.0004702477060186539,downregulated,darkblue,,circle,30
YALI0E31427g,2,0.0018854501583426022,0.010775862068965518,0.019811478844511517,upregulated,red,,circle,30
YALI0E19745g,2,2.3664377777298473e-06,0.0021551724137931034,0.00021610080940279774,upregulated,red,,circle,30
YALI0E01870g,2,9.314197605562804e-06,0.0021551724137931034,0.0004654381284749079,downregulated,darkblue,,circle,30
YALI0D14762g,2,4.63416416364992e-05,0.008620689655172414,0.00782589851343322,downregulated,darkblue,,circle,30
YALI0D08580g,2,2.0919402239279243e-06,0.003232758620689655,0.0011809700427424707,downregulated,darkblue,,circle,30
YALI0D07890g,2,0.0036639461107832224,0.01939655172413793,0.017675584995158693,downregulated,darkblue,,circle,30
YALI0D11594g,2,0.0023757213632937054,0.040948275862068964,0.08219555598023645,downregulated,darkblue,,circle,30
YALI0C23056g,15,0.0021451015610552604,0.05603448275862069,0.11565474396412832,downregulated,darkblue,Transcription_Factor,roundrectangle,80
YALI0C17633g,2,0.005540182463796776,0.04849137931034483,0.09055159261048133,downregulated,darkblue,,circle,30
YALI0F01738g,2,0.001265351454909823,0.008620689655172414,0.005096930563246085,downregulated,darkblue,,circle,30
YALI0F19514g,2,0.0017840329508675805,0.003232758620689655,0.00018330908595813223,lowly_expressed,lightblue,,circle,30
YALI0E02706g,2,0.0004367887682473968,0.011853448275862068,0.014754189878030536,upregulated,red,,circle,30
YALI0E11495g,2,1.1624446676338206e-06,0.003232758620689655,0.0008352641554200286,downregulated,darkblue,,circle,30
YALI0D04422g,2,6.540448446841849e-05,0.005387931034482759,0.003988780818787568,downregulated,darkblue,,circle,30
YALI0A07018g,2,0.003752371387121973,0.0021551724137931034,0.0008967977270669967,downregulated,darkblue,,circle,30
YALI0E04807g,2,0.0016639084654184063,0.016163793103448277,0.014288322397655609,downregulated,darkblue,,circle,30
YALI0F31119g,2,9.265524903559062e-05,0.008620689655172414,0.00557001103957934,downregulated,darkblue,,circle,30
YALI0A00638g,2,3.8659297900206914e-05,0.003232758620689655,0.005067594255033444,downregulated,darkblue,,circle,30
YALI0A15576g,2,0.0005568446254070286,0.01293103448275862,0.006388435907602424,downregulated,darkblue,,circle,30
YALI0F18656g,2,0.001884941885646329,0.0075431034482758615,0.002610215723370696,downregulated,darkblue,,circle,30
YALI0B04224g,2,0.0008618457729943172,0.0021551724137931034,0.001141600164453196,downregulated,darkblue,,circle,30
YALI0F22781g,2,0.0007679435961443148,0.008620689655172414,0.003726390691416287,lowly_expressed,lightblue,,circle,30
YALI0C03025g,2,0.00022733713557204053,0.004310344827586207,0.003770543570317757,upregulated,red,,circle,30
YALI0E00880g,2,0.00013115787825739817,0.00646551724137931,0.0009305705338460745,highly_expressed,orange,,circle,30
YALI0F17886g,15,0.0002173777261394779,0.005387931034482759,0.0031642530184181595,downregulated,darkblue,Transcription_Factor,roundrectangle,80
YALI0E00902g,2,0.0001531815073685187,0.010775862068965518,0.002471322296444347,lowly_expressed,lightblue,,circle,30
YALI0F11429g,2,0.0,0.0,1.899861425857035e-39,downregulated,darkblue,,circle,30
YALI0F11121g,2,0.0,0.0010775862068965517,2.2761643406118137e-25,changed_regulation,green,,circle,30
YALI0F05148g,2,2.092400401740877e-05,0.004310344827586207,7.4443634090684495e-25,changed_regulation,green,,circle,30
YALI0C12595g,2,0.000667328159145345,0.02586206896551724,0.053081419524264185,downregulated,darkblue,,circle,30
YALI0E26609g,2,0.0006821132044777121,0.03771551724137931,0.08908467469188663,downregulated,darkblue,,circle,30
YALI0F13409g,2,0.008367932390625402,0.06034482758620689,0.12080853568155456,downregulated,darkblue,,circle,30
YALI0E23749g,2,0.0003924108239421101,0.0334051724137931,0.0879430757991246,upregulated,red,,circle,30
YALI0E17105g,2,0.0009852442006129092,0.03771551724137931,0.08199469060633817,downregulated,darkblue,,circle,30
YALI0F26543g,2,0.0058307076304527266,0.06788793103448276,0.13781442577520728,downregulated,darkblue,,circle,30
YALI0D22088g,2,0.00783192176709327,0.07004310344827586,0.14705299294319493,changed_regulation,green,,circle,30
YALI0C06127g,2,0.002716173272828168,0.032327586206896554,0.0679334037333756,downregulated,darkblue,,circle,30
YALI0F24937g,2,0.0016658063104379181,0.03987068965517241,0.07746296950494164,upregulated,red,,circle,30
YALI0F28831g,2,6.452146684671102e-05,0.009698275862068966,0.017729928978484064,downregulated,darkblue,,circle,30
YALI0E28006g,2,3.3612957041455636e-05,0.009698275862068966,0.018726777511497775,downregulated,darkblue,,circle,30
YALI0E33209g,2,0.00024138851276216092,0.01939655172413793,0.03332595719481702,upregulated,red,,circle,30
YALI0B09427g,2,0.0005491772033737526,0.022629310344827586,0.03925593974104695,upregulated,red,,circle,30
YALI0C13860g,2,0.0,0.0010775862068965517,9.238290324238347e-05,lowly_expressed,lightblue,,circle,30
YALI0F20570g,2,0.00027831036619006475,0.004310344827586207,0.0009029609782450533,downregulated,darkblue,,circle,30
YALI0F01056g,2,0.0,0.0,1.899861425857035e-39,highly_expressed,orange,,circle,30
YALI0A02310g,2,0.0,0.0010775862068965517,0.0009859514342523783,highly_expressed,orange,,circle,30
YALI0E04763g,2,0.0005090067322308832,0.011853448275862068,0.012583349591844184,downregulated,darkblue,,circle,30
YALI0D12452g,2,5.9050744548523006e-05,0.009698275862068966,0.016075904895014922,downregulated,darkblue,,circle,30
YALI0C04928g,2,1.8937870727308657e-05,0.003232758620689655,0.00531389094922452,downregulated,darkblue,,circle,30
YALI0D17952g,2,0.005381353561077667,0.05818965517241379,0.10696549107919719,changed_regulation,green,,circle,30
YALI0C10846g,2,0.004612494758988699,0.022629310344827586,0.0364463035666014,changed_regulation,green,,circle,30
YALI0A19404g,2,0.004532455466219831,0.0625,0.1226310206766951,changed_regulation,green,,circle,30
YALI0D25124g,2,0.0023872851322518478,0.008620689655172414,0.010418504438849977,downregulated,darkblue,,circle,30
YALI0D17490g,2,0.0,0.0010775862068965517,0.0002580010206555165,downregulated,darkblue,,circle,30
YALI0A16566g,2,0.0022295990145615972,0.01939655172413793,0.010864626259158633,downregulated,darkblue,,circle,30
YALI0C04158g,2,0.0043481604679458455,0.018318965517241378,0.014258227073359312,downregulated,darkblue,,circle,30
YALI0F30349g,2,0.0,0.0010775862068965517,0.00011692894599761056,downregulated,darkblue,,circle,30
YALI0F08657g,2,0.008404397822544119,0.01293103448275862,0.004925710022042523,changed_regulation,green,,circle,30
YALI0D27192g,2,0.0,0.0010775862068965517,9.331309489875273e-08,lowly_expressed,lightblue,,circle,30
YALI0D12606g,2,0.00031724018234621207,0.0021551724137931034,8.295038943599482e-05,lowly_expressed,lightblue,,circle,30
YALI0B12188g,2,0.0,0.0,1.899861425857035e-39,changed_regulation,green,,circle,30
YALI0C16753g,2,0.0,0.0021551724137931034,1.5694571467643842e-05,lowly_expressed,lightblue,,circle,30
YALI0E26125g,2,0.0012730969166839952,0.00646551724137931,1.7875583820326905e-05,lowly_expressed,lightblue,,circle,30
YALI0C13090g,2,0.0,0.0010775862068965517,1.6400678693598217e-29,downregulated,darkblue,,circle,30
YALI0E19536g,2,6.974668005802923e-06,0.003232758620689655,2.840680877592554e-29,changed_regulation,green,,circle,30
YALI0B16192g,2,2.324889335267641e-06,0.0021551724137931034,1.4598504817501263e-30,downregulated,darkblue,,circle,30
Q2KJC7,2,0.0,0.0010775862068965517,1.0322701751639625e-30,changed_regulation,green,,circle,30
YALI0C03630g,2,0.0,0.0010775862068965517,1.0322701751639625e-30,downregulated,darkblue,,circle,30
YALI0D12144g,2,0.0,0.0010775862068965517,6.19864330457851e-05,downregulated,darkblue,,circle,30
YALI0A05247g,2,0.0,0.0,1.899861425857035e-39,changed_regulation,green,,circle,30
YALI0D18106g,2,3.0506698190169253e-05,0.003232758620689655,0.0009516383107411195,downregulated,darkblue,,circle,30
YALI0E10263g,2,0.0007935664209942643,0.009698275862068966,0.016599450815074294,downregulated,darkblue,,circle,30
YALI0D08052g,2,0.0,0.0021551724137931034,0.0019068188715788365,upregulated,red,,circle,30
YALI0B07073g,2,1.6048911305709994e-05,0.0021551724137931034,0.0004667614600502634,highly_expressed,orange,,circle,30
YALI0D19888g,2,8.498015545151085e-05,0.009698275862068966,0.02261277632864361,changed_regulation,green,,circle,30
YALI0C09889g,2,0.0005074094397659424,0.02478448275862069,0.0430435835614782,changed_regulation,green,,circle,30
YALI0A09680g,2,0.0031622900157422256,0.03125,0.05739858144064722,upregulated,red,,circle,30
YALI0E02046g,2,0.000608558590136455,0.010775862068965518,0.011863835279022676,downregulated,darkblue,,circle,30
YALI0D10065g,2,0.005664582141061499,0.052801724137931036,0.10059955082752542,changed_regulation,green,,circle,30
YALI0C03894g,2,4.1614537901705476e-05,0.005387931034482759,0.0061250364342539144,upregulated,red,,circle,30
YALI0E33165g,2,0.002396231434527741,0.015086206896551723,0.014929068412749909,changed_regulation,green,,circle,30
YALI0E25223g,2,0.0002993521097530142,0.014008620689655173,0.022647960349732932,downregulated,darkblue,,circle,30
YALI0D01606g,2,0.0010956647701646015,0.023706896551724137,0.022553068217334108,upregulated,red,,circle,30
YALI0F16753g,2,0.0018801621780607284,0.003232758620689655,0.0021794603897178277,changed_regulation,green,,circle,30
YALI0F20724g,2,0.0016402100230616208,0.020474137931034482,0.025454798289815547,downregulated,darkblue,,circle,30
YALI0F29887g,2,0.00011539545942766044,0.008620689655172414,0.006304679310779182,upregulated,red,,circle,30
YALI0E03784g,2,0.001878510582896254,0.003232758620689655,0.00038019882971404616,downregulated,darkblue,,circle,30
YALI0A20680g,2,1.3867753120192014e-06,0.004310344827586207,0.006009148870490152,highly_expressed,orange,,circle,30
YALI0A02673g,2,0.0,0.0010775862068965517,1.593719275583573e-32,changed_regulation,green,,circle,30
YALI0B00264g,2,0.0,0.0010775862068965517,1.593719275583573e-32,changed_regulation,green,,circle,30
YALI0E20625g,2,0.0,0.0,1.899861425857035e-39,changed_regulation,green,,circle,30
YALI0D09119g,2,5.498485696912705e-06,0.003232758620689655,0.005793711232388354,downregulated,darkblue,,circle,30
YALI0A03839g,2,0.0,0.0010775862068965517,3.020319492962166e-06,highly_expressed,orange,,circle,30
YALI0C10945g,2,4.570719436032307e-05,0.003232758620689655,0.00222536461280373,downregulated,darkblue,,circle,30
YALI0D07392g,2,0.010934955841289371,0.0075431034482758615,1.7388063196252556e-05,lowly_expressed,lightblue,,circle,30
YALI0F10637g,2,0.00475182671948499,0.0075431034482758615,1.7326134117464442e-05,lowly_expressed,lightblue,,circle,30
YALI0E23364g,2,0.0,0.0010775862068965517,1.593719275583573e-32,highly_expressed,orange,,circle,30
YALI0F02761g,2,0.0,0.0,1.899861425857035e-39,highly_expressed,orange,,circle,30
YALI0E22484g,2,0.0,0.0010775862068965517,1.593719275583573e-32,downregulated,darkblue,,circle,30
YALI0B01408g,2,0.0,0.0010775862068965517,1.593719275583573e-32,changed_regulation,green,,circle,30
YALI0E15686g,2,0.0,0.0010775862068965517,5.256220364818673e-05,upregulated,red,,circle,30
YALI0D19206g,2,0.0,0.0010775862068965517,2.1444525039591952e-05,highly_expressed,orange,,circle,30
YALI0A20372g,2,0.0,0.0010775862068965517,4.765803763082438e-06,changed_regulation,green,,circle,30
YALI0E30217g,2,0.00430044239505398,0.029094827586206896,0.05450015525841995,downregulated,darkblue,,circle,30
YALI0A06787g,2,0.0027064858192205653,0.016163793103448277,0.018358287763667453,changed_regulation,green,,circle,30
YALI0B03410g,2,1.8254326918772244e-05,0.014008620689655173,0.02938262531367461,downregulated,darkblue,,circle,30
YALI0D14564g,2,0.005271111767744742,0.02586206896551724,0.04612912019535272,downregulated,darkblue,,circle,30
YALI0B06600g,2,0.0,0.0,1.899861425857035e-39,changed_regulation,green,,circle,30
YALI0E13574g,2,0.0009576415815360526,0.0021551724137931034,0.0003982281741476132,upregulated,red,,circle,30
YALI0E21824g,2,0.0,0.0021551724137931034,0.0006278455585772198,downregulated,darkblue,,circle,30
YALI0A16291g,2,0.0,0.0021551724137931034,0.00029455674468646534,changed_regulation,green,,circle,30
YALI0F31405g,2,0.0,0.0021551724137931034,1.7171704057657602e-09,changed_regulation,green,,circle,30
YALI0D06930g,2,0.0,0.0010775862068965517,1.593719275583573e-32,highly_expressed,orange,,circle,30
YALI0F31053g,2,0.0,0.0010775862068965517,1.593719275583573e-32,lowly_expressed,lightblue,,circle,30
YALI0E16016g,2,2.3383879135640747e-05,0.003232758620689655,0.00010050693425883206,lowly_expressed,lightblue,,circle,30
YALI0F09053g,2,0.0,0.0021551724137931034,1.6562349319390727e-05,highly_expressed,orange,,circle,30
YALI0B20240g,2,0.00016428184492013059,0.003232758620689655,0.0008918391513514787,highly_expressed,orange,,circle,30
YALI0C17391g,2,0.00376603707825154,0.004310344827586207,1.556545797703205e-05,highly_expressed,orange,,circle,30
YALI0C08723g,2,2.8618453870564097e-05,0.003232758620689655,4.929640447770733e-05,highly_expressed,orange,,circle,30
YALI0C05797g,2,0.008700339479977594,0.00646551724137931,0.00010167234400519732,highly_expressed,orange,,circle,30
YALI0D25146g,2,0.0042189178033162624,0.0075431034482758615,2.2840252158002345e-05,highly_expressed,orange,,circle,30
YALI0F08283g,2,4.047136702639746e-05,0.0075431034482758615,0.0038203782796783613,downregulated,darkblue,,circle,30
YALI0E03872g,2,0.0,0.0021551724137931034,0.0014412963350041515,downregulated,darkblue,,circle,30
YALI0C19195g,2,4.363747908423892e-06,0.00646551724137931,0.0043438707924718595,downregulated,darkblue,,circle,30
YALI0F30261g,2,0.0005340856470078323,0.014008620689655173,0.0071066606860408586,downregulated,darkblue,,circle,30
YALI0F16115g,2,0.0,0.0010775862068965517,1.4366747522423236e-05,lowly_expressed,lightblue,,circle,30
YALI0F18106g,2,0.0006593624945390609,0.015086206896551723,0.03002461765824383,upregulated,red,,circle,30
YALI0B15642g,2,1.8820532714071378e-06,0.003232758620689655,0.002189705014695923,downregulated,darkblue,,circle,30
YALI0C18689g,2,0.0011538817279800357,0.04310344827586207,0.09043393050530982,downregulated,darkblue,,circle,30
YALI0E29865g,2,0.0012745820699792336,0.030172413793103446,0.045688900739460754,downregulated,darkblue,,circle,30
YALI0B22440g,2,0.005588401299234879,0.004310344827586207,0.00401498571606745,lowly_expressed,lightblue,,circle,30
YALI0A16698g,2,0.004409339215137491,0.004310344827586207,9.600038404730416e-05,lowly_expressed,lightblue,,circle,30
YALI0E21802g,2,3.7858242590509827e-06,0.0021551724137931034,1.5474007967725273e-05,upregulated,red,,circle,30
YALI0E26851g,2,0.00023533075650321504,0.015086206896551723,0.008124912191822067,downregulated,darkblue,,circle,30
YALI0F30547g,2,0.001918200432780545,0.0021551724137931034,2.9540202588331068e-05,lowly_expressed,lightblue,,circle,30
YALI0F04213g,2,0.001927168751633029,0.003232758620689655,1.1133539089505712e-06,lowly_expressed,lightblue,,circle,30
YALI0E03982g,2,0.0,0.003232758620689655,0.002319111669959854,downregulated,darkblue,,circle,30
YALI0C03201g,2,0.0,0.003232758620689655,0.002230818070486144,changed_regulation,green,,circle,30
YALI0C22968g,2,0.0013939227070402628,0.023706896551724137,0.04001644008663283,upregulated,red,,circle,30
YALI0E01672g,2,0.0022257456874796304,0.040948275862068964,0.06986055055253658,upregulated,red,,circle,30
P13647,2,0.005772508032257958,0.01939655172413793,0.035094055397978836,downregulated,darkblue,,circle,30
YALI0D03465g,2,0.0009145691943160522,0.029094827586206896,0.05784178716666197,downregulated,darkblue,,circle,30
YALI0C05951g,2,0.00389305261389583,0.030172413793103446,0.06114928139106333,changed_regulation,green,,circle,30
YALI0C05500g,2,0.00818560464217047,0.03556034482758621,0.05397087479176208,downregulated,darkblue,,circle,30
YALI0B05456g,2,0.001439636461942504,0.011853448275862068,0.010621821502059432,downregulated,darkblue,,circle,30
YALI0D16423g,2,0.0,0.0,1.899861425857035e-39,changed_regulation,green,,circle,30
YALI0D24299g,2,0.0,0.0010775862068965517,2.1343572378592052e-05,changed_regulation,green,,circle,30
YALI0B11572g,2,0.0,0.0010775862068965517,0.001498181306661169,lowly_expressed,lightblue,,circle,30
YALI0F25113g,15,0.0005123703499835732,0.004310344827586207,0.00028004245867845794,upregulated,red,Transcription_Factor,roundrectangle,80
YALI0B10362g,2,0.0,0.0010775862068965517,0.0003078969381206986,lowly_expressed,lightblue,,circle,30
YALI0C12210g,2,0.0,0.0010775862068965517,0.0004357460290259099,downregulated,darkblue,,circle,30
YALI0F04620g,2,0.0,0.0010775862068965517,2.3730750401449425e-06,lowly_expressed,lightblue,,circle,30
YALI0E12353g,2,0.007288847195948009,0.014008620689655173,0.013906328663049609,downregulated,darkblue,,circle,30
YALI0D25542g,2,0.008732411816853124,0.029094827586206896,0.04000745263402792,downregulated,darkblue,,circle,30
YALI0E13794g,2,0.0019780608273905365,0.023706896551724137,0.04544526074654417,downregulated,darkblue,,circle,30
YALI0E08206g,2,1.736252561207001e-06,0.009698275862068966,0.022724963265981186,downregulated,darkblue,,circle,30
YALI0E05225g,2,0.0021267451211262195,0.02478448275862069,0.047135890473255115,downregulated,darkblue,,circle,30
YALI0B22836g,2,0.0,0.0021551724137931034,0.003804298661195225,downregulated,darkblue,,circle,30
YALI0E11355g,2,0.0007098461008700088,0.004310344827586207,3.9897241324838e-06,highly_expressed,orange,,circle,30
YALI0C12012g,2,8.882417032082828e-05,0.003232758620689655,2.9166819722681086e-06,highly_expressed,orange,,circle,30
YALI0D13046g,2,9.142593887466756e-05,0.0021551724137931034,2.1546346477758234e-06,highly_expressed,orange,,circle,30
YALI0C18227g,2,0.0,0.0010775862068965517,1.0998043634420555e-05,lowly_expressed,lightblue,,circle,30
YALI0D06578g,2,0.0025831901628117168,0.00646551724137931,8.205196179497855e-06,lowly_expressed,lightblue,,circle,30
YALI0D08756g,2,3.648415621130719e-05,0.0021551724137931034,4.973314683727925e-06,lowly_expressed,lightblue,,circle,30
YALI0A17149g,2,0.0,0.0010775862068965517,1.3639175874230181e-06,lowly_expressed,lightblue,,circle,30
YALI0F06072g,15,0.0032914333961582064,0.0075431034482758615,1.8367012556435803e-05,lowly_expressed,lightblue,Transcription_Factor,roundrectangle,80
YALI0F25817g,2,0.0,0.004310344827586207,0.0038641834165593315,downregulated,darkblue,,circle,30
YALI0B14058g,2,0.0019562148058028615,0.0075431034482758615,0.0028002896592303314,downregulated,darkblue,,circle,30
YALI0F12221g,2,0.0,0.0010775862068965517,1.9487334347134676e-07,lowly_expressed,lightblue,,circle,30
YALI0C12342g,2,0.0,0.003232758620689655,1.0424277964953955e-06,lowly_expressed,lightblue,,circle,30
YALI0D19822g,2,0.001878510582896254,0.003232758620689655,0.0021116277225710525,upregulated,red,,circle,30
YALI0F04059g,2,0.0019828106385863537,0.005387931034482759,0.002825794186323593,upregulated,red,,circle,30
YALI0D23463g,2,0.0,0.0010775862068965517,6.707676442859916e-05,changed_regulation,green,,circle,30
YALI0E10109g,2,0.0008375333986752642,0.00646551724137931,0.001467567215825435,downregulated,darkblue,,circle,30
YALI0F09339g,2,0.0021818777547749865,0.00646551724137931,0.006976013899466983,downregulated,darkblue,,circle,30
YALI0F15829g,2,2.369695005749057e-06,0.009698275862068966,0.02022339453015481,downregulated,darkblue,,circle,30
YALI0F31603g,2,0.0,0.003232758620689655,0.008919156602221773,downregulated,darkblue,,circle,30
YALI0A06435g,2,0.0004389249920614437,0.011853448275862068,0.01574368750425154,upregulated,red,,circle,30
Q15323,2,9.419755266063699e-05,0.0021551724137931034,0.0006361870439007797,downregulated,darkblue,,circle,30
YALI0B16896g,2,0.0,0.0010775862068965517,4.204072576457796e-06,lowly_expressed,lightblue,,circle,30
YALI0E08360g,2,0.0,0.0010775862068965517,0.0015086748517669371,changed_regulation,green,,circle,30
YALI0F02695g,2,2.3181358480897083e-06,0.005387931034482759,0.0060903926817574335,upregulated,red,,circle,30
YALI0A11220g,2,0.0,0.0010775862068965517,3.667433631343359e-26,downregulated,darkblue,,circle,30
YALI0F07733g,2,1.1739632883016524e-05,0.003232758620689655,0.0022620690490470358,upregulated,red,,circle,30
YALI0E18634g,2,0.0,0.0010775862068965517,0.00015597826172259897,changed_regulation,green,,circle,30
YALI0D16797g,2,0.0003829300970152862,0.009698275862068966,0.011327515281663087,downregulated,darkblue,,circle,30
YALI0F31163g,2,0.001035401334299054,0.005387931034482759,0.008851551507187493,downregulated,darkblue,,circle,30
YALI0E16599g,2,0.0,0.003232758620689655,0.008086808766580607,upregulated,red,,circle,30
YALI0B08118g,2,0.0,0.0,1.899861425857035e-39,highly_expressed,orange,,circle,30
YALI0D10879g,2,0.0006947057837270027,0.004310344827586207,0.003950397431530331,downregulated,darkblue,,circle,30
YALI0D12793g,2,0.009284772961962008,0.005387931034482759,6.540103653271582e-05,lowly_expressed,lightblue,,circle,30
YALI0D21912g,2,0.00038696173448056297,0.005387931034482759,0.0029362498522892116,downregulated,darkblue,,circle,30
YALI0E14036g,2,0.0018785105828962546,0.003232758620689655,0.0010828893703291914,changed_regulation,green,,circle,30
YALI0B00308g,2,9.711906301489692e-05,0.00646551724137931,0.007568866845372989,downregulated,darkblue,,circle,30
YALI0D13640g,2,1.5184463724648057e-05,0.0021551724137931034,1.4717011675111568e-05,changed_regulation,green,,circle,30
YALI0F14575g,2,0.0,0.0010775862068965517,0.0012936455859290593,downregulated,darkblue,,circle,30
YALI0C01738g,2,0.0,0.0,1.899861425857035e-39,downregulated,darkblue,,circle,30
YALI0D18403g,2,0.0001240604124580111,0.005387931034482759,0.009001211971135145,downregulated,darkblue,,circle,30
YALI0E33869g,2,0.0,0.0010775862068965517,4.405137308645652e-06,upregulated,red,,circle,30
YALI0A02541g,2,0.00016853642360515153,0.010775862068965518,0.01465076082197845,upregulated,red,,circle,30
YALI0F28039g,2,0.0,0.003232758620689655,0.004282221624908521,upregulated,red,,circle,30
YALI0E23826g,2,0.0,0.003232758620689655,0.007869117865566846,upregulated,red,,circle,30
YALI0D12320g,2,0.0,0.0010775862068965517,0.00018316728861257354,downregulated,darkblue,,circle,30
YALI0B07601g,2,0.005805800292065426,0.01293103448275862,0.007716703366190119,downregulated,darkblue,,circle,30
YALI0F03025g,2,5.1823791902296825e-05,0.003232758620689655,0.0014123196941810677,changed_regulation,green,,circle,30
YALI0D24453g,2,0.0,0.0021551724137931034,0.003431674208564793,changed_regulation,green,,circle,30
YALI0D25036g,2,2.3009167490229222e-05,0.0075431034482758615,0.006997096926666877,upregulated,red,,circle,30
YALI0C15829g,2,0.0,0.0,1.899861425857035e-39,downregulated,darkblue,,circle,30
YALI0E07513g,2,0.003909326514750912,0.004310344827586207,2.708567770213331e-06,lowly_expressed,lightblue,,circle,30
YALI0F18722g,2,0.0,0.0010775862068965517,6.431906229695205e-08,lowly_expressed,lightblue,,circle,30
YALI0E33099g,2,0.001867305994203043,0.004310344827586207,6.222790129611913e-07,highly_expressed,orange,,circle,30
YALI0F27885g,2,0.0011137489463163728,0.008620689655172414,0.003531816447893818,upregulated,red,,circle,30
YALI0D07612g,2,0.0,0.004310344827586207,0.0062601780275329914,downregulated,darkblue,,circle,30
YALI0B15015g,2,0.0001699392812406759,0.0075431034482758615,0.008383084170873932,downregulated,darkblue,,circle,30
YALI0C19096g,2,0.0,0.0010775862068965517,0.00033007830887575655,upregulated,red,,circle,30
YALI0F10439g,2,3.874815558779402e-07,0.0021551724137931034,0.0008151886136899638,downregulated,darkblue,,circle,30
YALI0B08756g,2,0.00013065172532386785,0.004310344827586207,0.005935373723290219,downregulated,darkblue,,circle,30
YALI0E13486g,2,0.0,0.0010775862068965517,1.5527632252005758e-06,highly_expressed,orange,,circle,30
YALI0E23562g,2,0.0,0.0010775862068965517,0.00020804731691357716,lowly_expressed,lightblue,,circle,30
YALI0F06116g,2,0.0018819523111893732,0.0075431034482758615,0.008765168543676781,downregulated,darkblue,,circle,30
YALI0F05632g,2,0.001878510582896254,0.0021551724137931034,6.545644530611661e-05,lowly_expressed,lightblue,,circle,30
YALI0B21472g,2,0.0,0.0010775862068965517,1.5544297228833498e-06,downregulated,darkblue,,circle,30
YALI0C21494g,2,2.324889335267641e-06,0.0021551724137931034,1.4598504817501263e-30,lowly_expressed,lightblue,,circle,30
YALI0A17985g,2,0.0,0.0010775862068965517,1.0322701751639625e-30,downregulated,darkblue,,circle,30
YALI0A07799g,2,2.3483730659269103e-07,0.011853448275862068,0.02291218631132193,downregulated,darkblue,,circle,30
YALI0E28578g,2,0.0,0.003232758620689655,0.004006760391596158,changed_regulation,green,,circle,30
YALI0F12749g,2,0.0,0.0010775862068965517,0.0016956085647929337,changed_regulation,green,,circle,30
YALI0B08074g,2,0.0,0.0,1.899861425857035e-39,upregulated,red,,circle,30
YALI0D08470g,2,0.0,0.0021551724137931034,0.0001382725183762026,changed_regulation,green,,circle,30
YALI0A14608g,2,0.0,0.0010775862068965517,2.1343572378592052e-05,changed_regulation,green,,circle,30
YALI0A09790g,2,0.0,0.0021551724137931034,0.0032110714119975023,upregulated,red,,circle,30
YALI0D07150g,2,0.0,0.0010775862068965517,9.56926340170028e-07,lowly_expressed,lightblue,,circle,30
YALI0E21021g,2,0.0019678143527634287,0.004310344827586207,0.0009836860236234334,downregulated,darkblue,,circle,30
YALI0F22759g,2,0.0,0.0010775862068965517,2.3358599161992873e-05,lowly_expressed,lightblue,,circle,30
P50446,2,0.004005098481418924,0.004310344827586207,0.0002675767823115876,highly_expressed,orange,,circle,30
YALI0B21604g,2,0.005493984121648052,0.005387931034482759,0.003653584546271802,upregulated,red,,circle,30
YALI0B15202g,2,1.0091877512711414e-05,0.003232758620689655,0.00027226128565297386,changed_regulation,green,,circle,30
YALI0F00880g,2,0.0,0.0010775862068965517,1.1090854649436312e-06,lowly_expressed,lightblue,,circle,30
YALI0A01738g,2,0.001611512766213994,0.003232758620689655,0.0005032636706487622,upregulated,red,,circle,30
YALI0F27599g,2,0.0,0.0,1.899861425857035e-39,lowly_expressed,lightblue,,circle,30
YALI0F03817g,2,0.0,0.004310344827586207,0.009905097564437129,downregulated,darkblue,,circle,30
YALI0E27049g,2,0.002043915043858535,0.01939655172413793,0.0336822615201148,changed_regulation,green,,circle,30
YALI0C05753g,2,0.0,0.0010775862068965517,5.01203091493485e-05,downregulated,darkblue,,circle,30
YALI0E19426g,2,0.0,0.0010775862068965517,6.595126428180802e-09,highly_expressed,orange,,circle,30
YALI0B02464g,2,0.0,0.0021551724137931034,0.004803056688089788,upregulated,red,,circle,30
YALI0C18535g,2,1.2421551591287111e-05,0.0021551724137931034,0.0009181979039908231,downregulated,darkblue,,circle,30
YALI0E29095g,2,0.0,0.0010775862068965517,5.140826981179375e-05,upregulated,red,,circle,30
YALI0F00550g,2,0.0020028847184932305,0.003232758620689655,0.0021657518451825633,downregulated,darkblue,,circle,30
YALI0F10703g,2,0.0002467626870557479,0.0021551724137931034,0.0009530510379915369,downregulated,darkblue,,circle,30
YALI0D22418g,2,8.696578021495803e-06,0.003232758620689655,0.00014129784157401197,lowly_expressed,lightblue,,circle,30
YALI0D08844g,2,0.0,0.0010775862068965517,0.002255772758278958,downregulated,darkblue,,circle,30
YALI0C05511g,2,0.0,0.0010775862068965517,1.0883023949140682e-05,lowly_expressed,lightblue,,circle,30
YALI0E12375g,2,0.0,0.0010775862068965517,0.000373150101250972,changed_regulation,green,,circle,30
P02535-1,2,6.812858937225669e-06,0.011853448275862068,0.01961794529497058,downregulated,darkblue,,circle,30
YALI0F27093g,2,0.0,0.0010775862068965517,7.411591379590559e-07,changed_regulation,green,,circle,30
YALI0A00396g,2,0.0,0.0,1.899861425857035e-39,downregulated,darkblue,,circle,30
YALI0F28413g,2,0.0,0.0010775862068965517,1.593719275583573e-32,highly_expressed,orange,,circle,30
YALI0E00110g,2,0.0,0.0010775862068965517,1.593719275583573e-32,downregulated,darkblue,,circle,30
YALI0B03630g,2,0.0,0.0010775862068965517,1.326256985733314e-06,lowly_expressed,lightblue,,circle,30
YALI0F01650g,2,0.0018785105828962544,0.0021551724137931034,0.0012817751512012353,downregulated,darkblue,,circle,30
YALI0B20790g,2,0.0,0.0010775862068965517,3.0423461367501383e-05,lowly_expressed,lightblue,,circle,30
YALI0C23122g,2,0.0001181762129635761,0.003232758620689655,9.059124836979099e-05,lowly_expressed,lightblue,,circle,30
YALI0F03157g,15,0.004720600601872074,0.00646551724137931,0.0004204321311421527,lowly_expressed,lightblue,Transcription_Factor,roundrectangle,80
YALI0B02772g,2,0.0,0.003232758620689655,0.002876618238275354,downregulated,darkblue,,circle,30
YALI0F12199g,2,0.0,0.0010775862068965517,0.0011840003773657848,downregulated,darkblue,,circle,30
YALI0C04906g,2,0.0,0.0021551724137931034,0.0006940612135514482,changed_regulation,green,,circle,30
YALI0D25740g,2,2.8040231820431324e-06,0.0021551724137931034,0.0013491245511247061,downregulated,darkblue,,circle,30
YALI0F11033g,2,0.001878510582896254,0.0021551724137931034,2.1304946075781513e-05,downregulated,darkblue,,circle,30
YALI0E02288g,2,0.0,0.0010775862068965517,0.00033007830887575655,changed_regulation,green,,circle,30
YALI0F17204g,2,0.0,0.0010775862068965517,0.00033007830887575655,changed_regulation,green,,circle,30
YALI0E05071g,2,0.00014970028417000852,0.009698275862068966,0.01735073943026509,downregulated,darkblue,,circle,30
YALI0D20174g,2,1.5508942904755597e-06,0.005387931034482759,0.012743108995317621,downregulated,darkblue,,circle,30
YALI0E05709g,2,0.0004183285432360022,0.003232758620689655,6.838437522964633e-06,lowly_expressed,lightblue,,circle,30
YALI0B05390g,2,0.007645638149660647,0.00646551724137931,2.965333298939955e-06,highly_expressed,orange,,circle,30
YALI0E24475g,2,0.0,0.0010775862068965517,0.0010949379291868724,downregulated,darkblue,,circle,30
YALI0D00583g,2,6.277201205222631e-05,0.003232758620689655,3.186787946333287e-25,downregulated,darkblue,,circle,30
YALI0B16918g,2,0.0,0.003232758620689655,6.911378943890356e-25,lowly_expressed,lightblue,,circle,30
YALI0F25575g,2,0.0,0.0010775862068965517,2.522009302917616e-25,downregulated,darkblue,,circle,30
YALI0D14080g,2,8.149653922766033e-05,0.003232758620689655,0.001247642155232366,changed_regulation,green,,circle,30
YALI0E06149g,2,0.0,0.0021551724137931034,0.0011302798773429974,downregulated,darkblue,,circle,30
YALI0C18205g,2,0.0,0.0,1.899861425857035e-39,changed_regulation,green,,circle,30
YALI0E07139g,2,0.0,0.003232758620689655,0.0020096090641275165,changed_regulation,green,,circle,30
YALI0E30833g,2,0.0,0.0,1.899861425857035e-39,downregulated,darkblue,,circle,30
YALI0D19426g,2,0.0,0.0010775862068965517,4.6723382678642774e-08,lowly_expressed,lightblue,,circle,30
YALI0D21956g,2,0.0004863435524132006,0.009698275862068966,0.009461813134368974,downregulated,darkblue,,circle,30
YALI0E32505g,2,0.0,0.0010775862068965517,1.593719275583573e-32,changed_regulation,green,,circle,30
YALI0F31020g,2,0.0,0.0010775862068965517,1.593719275583573e-32,highly_expressed,orange,,circle,30
YALI0E22715g,2,0.0,0.0010775862068965517,0.00010432802524170172,changed_regulation,green,,circle,30
YALI0F28457g,2,0.0,0.0010775862068965517,1.6400678693598217e-29,changed_regulation,green,,circle,30
YALI0C10098g,2,0.001878510582896254,0.0021551724137931034,0.0001832705406934148,downregulated,darkblue,,circle,30
YALI0D20042g,2,0.0,0.0010775862068965517,4.3501191530337445e-06,downregulated,darkblue,,circle,30
YALI0C18139g,2,0.0,0.0010775862068965517,2.6438546776286582e-08,lowly_expressed,lightblue,,circle,30
YALI0C02651g,2,0.0,0.0010775862068965517,1.593719275583573e-32,lowly_expressed,lightblue,,circle,30
YALI0D05511g,2,0.0,0.0010775862068965517,1.593719275583573e-32,downregulated,darkblue,,circle,30
YALI0D11198g,2,3.95231186995499e-05,0.003232758620689655,1.1989513490399917e-25,downregulated,darkblue,,circle,30
YALI0D25520g,2,0.0,0.0010775862068965517,9.745192603350937e-26,lowly_expressed,lightblue,,circle,30
YALI0F11583g,2,0.001052383017849035,0.010775862068965518,0.005061702272815001,changed_regulation,green,,circle,30
YALI0F25399g,2,0.0,0.0010775862068965517,1.6400678693598217e-29,changed_regulation,green,,circle,30
YALI0A18469g,15,0.0,0.0,1.899861425857035e-39,downregulated,darkblue,Transcription_Factor,roundrectangle,80
YALI0B22125g,2,0.0005911790829507678,0.0021551724137931034,3.702605565668191e-07,highly_expressed,orange,,circle,30
YALI0E14322g,2,6.974668005802923e-06,0.003232758620689655,2.840680877592554e-29,highly_expressed,orange,,circle,30
YALI0E03322g,2,0.0,0.0010775862068965517,1.6400678693598217e-29,highly_expressed,orange,,circle,30
YALI0B11836g,2,0.0,0.0010775862068965517,1.6400678693598217e-29,highly_expressed,orange,,circle,30
YALI0C19712g,2,0.0,0.0010775862068965517,1.6400678693598217e-29,lowly_expressed,lightblue,,circle,30
YALI0E22935g,2,0.0,0.0010775862068965517,5.059010089386686e-07,lowly_expressed,lightblue,,circle,30
YALI0F09625g,2,1.6679590461028423e-05,0.004310344827586207,0.003297802830710571,upregulated,red,,circle,30
YALI0D02365g,2,0.0037889236292089666,0.008620689655172414,0.002200883426084267,lowly_expressed,lightblue,,circle,30
YALI0E03762g,2,0.0,0.004310344827586207,0.002109804454240236,downregulated,darkblue,,circle,30
YALI0F14025g,2,4.1316467560360345e-05,0.009698275862068966,0.010160653145509627,downregulated,darkblue,,circle,30
YALI0F06226g,2,0.0004274892615109359,0.0075431034482758615,0.008256958288431947,downregulated,darkblue,,circle,30
YALI0D05819g,2,0.0,0.0021551724137931034,7.725976378002588e-05,changed_regulation,green,,circle,30
YALI0D12518g,2,0.0014515630771629053,0.0021551724137931034,8.677791990369537e-05,lowly_expressed,lightblue,,circle,30
YALI0C16027g,2,0.0,0.0010775862068965517,0.0006527682313120629,downregulated,darkblue,,circle,30
YALI0D26510g,2,1.6612740869139657e-05,0.003232758620689655,0.0031371249900910953,changed_regulation,green,,circle,30
YALI0E03058g,2,0.0,0.0010775862068965517,0.0009496969149856027,downregulated,darkblue,,circle,30
YALI0F14663g,2,0.0,0.0010775862068965517,9.030542582160807e-06,lowly_expressed,lightblue,,circle,30
YALI0F28633g,2,0.0,0.0,1.899861425857035e-39,lowly_expressed,lightblue,,circle,30
YALI0C12144g,2,5.4194201032422984e-05,0.0021551724137931034,2.3579570727801617e-08,highly_expressed,orange,,circle,30
YALI0D18700g,2,0.0,0.0010775862068965517,0.0015095904798154674,downregulated,darkblue,,circle,30
YALI0B21406g,2,0.0,0.0010775862068965517,1.0712770686843366e-06,lowly_expressed,lightblue,,circle,30
YALI0B13640g,15,0.0,0.0021551724137931034,1.7058515547683495e-05,lowly_expressed,lightblue,Transcription_Factor,roundrectangle,80
YALI0B19250g,2,0.0,0.003232758620689655,0.000421017340864755,changed_regulation,green,,circle,30
YALI0D13024g,2,0.00010267291547936156,0.00646551724137931,0.002053591966095496,changed_regulation,green,,circle,30
YALI0B21516g,2,4.821506511719123e-06,0.0021551724137931034,0.001596532801356892,downregulated,darkblue,,circle,30
YALI0C00495g,2,0.0,0.0010775862068965517,2.1424767005901786e-07,highly_expressed,orange,,circle,30
YALI0C23232g,2,0.0,0.0010775862068965517,0.0008239617624361296,downregulated,darkblue,,circle,30
YALI0D21978g,2,0.0,0.0010775862068965517,0.0010787123284894872,changed_regulation,green,,circle,30
YALI0C13178g,15,0.0,0.0,1.899861425857035e-39,highly_expressed,orange,Transcription_Factor,roundrectangle,80
YALI0C01133g,2,0.0,0.0,1.899861425857035e-39,downregulated,darkblue,,circle,30
YALI0F17798g,2,2.3826665869046904e-05,0.003232758620689655,0.0025060059473429215,downregulated,darkblue,,circle,30
YALI0B17534g,2,7.581048640735318e-05,0.004310344827586207,0.007487656405502747,downregulated,darkblue,,circle,30
YALI0B05720g,2,0.0,0.0,1.899861425857035e-39,changed_regulation,green,,circle,30
YALI0C24354g,2,0.0,0.0010775862068965517,7.123449178596388e-08,changed_regulation,green,,circle,30
YALI0B16060g,2,0.0,0.0010775862068965517,1.593719275583573e-32,lowly_expressed,lightblue,,circle,30
YALI0D15356g,2,0.0,0.0010775862068965517,1.593719275583573e-32,lowly_expressed,lightblue,,circle,30
YALI0E04378g,2,0.0,0.0010775862068965517,1.593719275583573e-32,changed_regulation,green,,circle,30
YALI0E00660g,2,0.0,0.0010775862068965517,2.5718052552011178e-05,upregulated,red,,circle,30
YALI0C05819g,2,0.0018993580469156318,0.008620689655172414,0.006301439307754802,downregulated,darkblue,,circle,30
YALI0F27511g,2,0.0018802464681770173,0.00646551724137931,0.005722826165354228,downregulated,darkblue,,circle,30
YALI0B22858g,2,0.0,0.0010775862068965517,0.0008330000266267223,downregulated,darkblue,,circle,30
YALI0B17842g,2,0.0,0.0010775862068965517,0.0008330000266267223,downregulated,darkblue,,circle,30
YALI0E26983g,2,0.0,0.0021551724137931034,0.002439864275691266,downregulated,darkblue,,circle,30
YALI0C10450g,2,0.0,0.0010775862068965517,1.593719275583573e-32,downregulated,darkblue,,circle,30
YALI0D08558g,2,0.0,0.0010775862068965517,1.593719275583573e-32,changed_regulation,green,,circle,30
YALI0E06519g,2,0.0,0.0010775862068965517,0.00013583481756679247,downregulated,darkblue,,circle,30
YALI0F22165g,2,0.0,0.0010775862068965517,1.1198916935609307e-06,downregulated,darkblue,,circle,30
YALI0C09570g,2,0.001878510582896254,0.0021551724137931034,4.718483791313654e-05,downregulated,darkblue,,circle,30
YALI0E14663g,2,0.0013740597792673906,0.0021551724137931034,0.00040574127462696645,changed_regulation,green,,circle,30
YALI0C05555g,2,0.0,0.0010775862068965517,0.00042071658693584835,upregulated,red,,circle,30
YALI0C03762g,2,7.4637166967822025e-06,0.0021551724137931034,0.00045331246559800767,upregulated,red,,circle,30
YALI0C22770g,2,0.0,0.0021551724137931034,5.914539209472109e-06,lowly_expressed,lightblue,,circle,30
YALI0A15906g,2,2.324889335267641e-06,0.0021551724137931034,1.4598504817501263e-30,lowly_expressed,lightblue,,circle,30
YALI0A12221g,2,0.0,0.0010775862068965517,1.0322701751639625e-30,lowly_expressed,lightblue,,circle,30
YALI0F00814g,2,0.0,0.0010775862068965517,1.0322701751639625e-30,lowly_expressed,lightblue,,circle,30
YALI0B07755g,2,0.0,0.0010775862068965517,0.0011188243522908044,changed_regulation,green,,circle,30
YALI0C23276g,2,0.001878510582896254,0.0021551724137931034,6.35631677336499e-06,upregulated,red,,circle,30
YALI0A06908g,2,0.0,0.0021551724137931034,8.372053711581905e-07,lowly_expressed,lightblue,,circle,30
YALI0E00594g,2,0.0,0.0010775862068965517,1.593719275583573e-32,highly_expressed,orange,,circle,30
YALI0A03113g,2,0.0,0.0010775862068965517,1.593719275583573e-32,highly_expressed,orange,,circle,30
YALI0A18722g,2,0.0,0.0010775862068965517,6.649763981072173e-05,downregulated,darkblue,,circle,30
YALI0E19679g,2,0.0,0.0,1.899861425857035e-39,downregulated,darkblue,,circle,30
YALI0B08470g,2,0.0,0.005387931034482759,0.010563394389570843,changed_regulation,green,,circle,30
YALI0B12540g,2,0.0,0.0010775862068965517,0.0008999530379641592,upregulated,red,,circle,30
YALI0A07106g,2,0.0,0.003232758620689655,0.0012138912076563512,upregulated,red,,circle,30
YALI0A02112g,2,0.0,0.0010775862068965517,5.830574574922737e-05,downregulated,darkblue,,circle,30
YALI0A11473g,2,0.0,0.0021551724137931034,0.001889443601709567,changed_regulation,green,,circle,30
YALI0B01078g,2,0.0,0.0010775862068965517,1.593719275583573e-32,changed_regulation,green,,circle,30
YALI0D15620g,2,0.0,0.0010775862068965517,1.593719275583573e-32,changed_regulation,green,,circle,30
P02538,2,0.0,0.0010775862068965517,0.00011692894599761056,changed_regulation,green,,circle,30
YALI0D09911g,2,2.4174459654386774e-05,0.005387931034482759,0.0015450874004518326,upregulated,red,,circle,30
YALI0C22066g,2,0.0,0.0010775862068965517,1.0322701751639625e-30,changed_regulation,green,,circle,30
YALI0B18150g,2,2.324889335267641e-06,0.0021551724137931034,1.4598504817501263e-30,changed_regulation,green,,circle,30
YALI0E31955g,2,0.0,0.0021551724137931034,1.7171704057657602e-09,changed_regulation,green,,circle,30
YALI0C22946g,2,0.003752371387121973,0.003232758620689655,7.05326491463009e-08,changed_regulation,green,,circle,30
YALI0B13090g,2,0.0,0.0021551724137931034,1.594771523234106e-05,lowly_expressed,lightblue,,circle,30
YALI0C09232g,2,0.0,0.0010775862068965517,0.0010949379291868724,downregulated,darkblue,,circle,30
YALI0A17776g,2,0.001878510582896254,0.0021551724137931034,4.130430410825775e-07,lowly_expressed,lightblue,,circle,30
YALI0A09922g,2,0.0,0.0010775862068965517,1.593719275583573e-32,upregulated,red,,circle,30
YALI0D21560g,2,0.0,0.0010775862068965517,1.593719275583573e-32,upregulated,red,,circle,30
YALI0C03718g,2,0.0,0.0,1.899861425857035e-39,downregulated,darkblue,,circle,30
YALI0E20669g,2,0.0,0.0010775862068965517,0.00035443853253262504,downregulated,darkblue,,circle,30
YALI0C17655g,2,0.0,0.0010775862068965517,0.0027903548250616536,upregulated,red,,circle,30
YALI0E25201g,2,0.0,0.0,1.899861425857035e-39,downregulated,darkblue,,circle,30
YALI0C14036g,2,0.0,0.0010775862068965517,0.0008047161683459853,upregulated,red,,circle,30
YALI0E27874g,2,0.0,0.0010775862068965517,1.593719275583573e-32,upregulated,red,,circle,30
YALI0E16258g,2,0.0,0.0010775862068965517,1.593719275583573e-32,highly_expressed,orange,,circle,30
YALI0C04521g,2,0.0,0.0010775862068965517,0.00028457110645769353,downregulated,darkblue,,circle,30
YALI0E08910g,2,6.985354439426705e-05,0.0021551724137931034,0.0013732265051345247,upregulated,red,,circle,30
YALI0E32035g,2,0.001878510582896254,0.0021551724137931034,3.48906688676091e-05,changed_regulation,green,,circle,30
YALI0A21241g,15,0.0,0.0010775862068965517,0.0023599469410402695,downregulated,darkblue,Transcription_Factor,roundrectangle,80
YALI0F22055g,2,0.0,0.0010775862068965517,1.0322701751639625e-30,changed_regulation,green,,circle,30
YALI0D11242g,2,0.0,0.0010775862068965517,1.593719275583573e-32,downregulated,darkblue,,circle,30
YALI0D23265g,2,0.0,0.0010775862068965517,1.593719275583573e-32,downregulated,darkblue,,circle,30
YALI0F28083g,2,0.0,0.0010775862068965517,0.00014957442625251893,lowly_expressed,lightblue,,circle,30
YALI0D22506g,2,0.0,0.0010775862068965517,0.00041148915424843945,downregulated,darkblue,,circle,30
YALI0A02959g,2,0.0,0.0021551724137931034,0.0012176324895606643,upregulated,red,,circle,30
YALI0F01672g,2,0.0,0.0010775862068965517,0.001281053063214812,upregulated,red,,circle,30
YALI0E09449g,2,0.0,0.0021551724137931034,0.000958744037222492,downregulated,darkblue,,circle,30
YALI0D02277g,2,0.0,0.0,1.899861425857035e-39,changed_regulation,green,,circle,30
YALI0C01991g,2,0.0,0.0010775862068965517,1.509210464141246e-07,highly_expressed,orange,,circle,30
YALI0A01353g,2,0.0,0.0010775862068965517,0.0009214150309240363,upregulated,red,,circle,30
YALI0E28897g,2,0.0,0.0010775862068965517,7.045098251524562e-08,highly_expressed,orange,,circle,30
YALI0F14245g,2,0.0002416574329223394,0.003232758620689655,6.277202448608327e-07,changed_regulation,green,,circle,30
YALI0B06512g,2,0.0,0.0010775862068965517,0.0007994805456569959,upregulated,red,,circle,30
YALI0F12133g,2,0.0,0.0010775862068965517,3.667433631343359e-26,downregulated,darkblue,,circle,30
YALI0B19712g,2,0.0,0.0010775862068965517,8.286465832481895e-07,changed_regulation,green,,circle,30
YALI0E26785g,2,0.0,0.0010775862068965517,5.174172348196587e-05,changed_regulation,green,,circle,30
YALI0A14861g,2,0.0,0.0010775862068965517,0.00011692894599761056,changed_regulation,green,,circle,30
YALI0F27995g,2,0.0018785105828962537,0.0021551724137931034,5.229871899202552e-05,lowly_expressed,lightblue,,circle,30
YALI0F13057g,2,0.0,0.0010775862068965517,1.2423064939727145e-06,lowly_expressed,lightblue,,circle,30
YALI0B11352g,2,0.0,0.0010775862068965517,1.593719275583573e-32,downregulated,darkblue,,circle,30
YALI0B18942g,2,0.0,0.0010775862068965517,1.593719275583573e-32,downregulated,darkblue,,circle,30
YALI0B11726g,2,0.0,0.0010775862068965517,1.5527632252005758e-06,lowly_expressed,lightblue,,circle,30
YALI0B16984g,2,0.0,0.0010775862068965517,1.593719275583573e-32,lowly_expressed,lightblue,,circle,30
YALI0F24431g,2,0.0,0.0010775862068965517,1.593719275583573e-32,lowly_expressed,lightblue,,circle,30
YALI0D22770g,2,0.0,0.0010775862068965517,0.00016826804217219082,lowly_expressed,lightblue,,circle,30
YALI0E32219g,2,0.0,0.0010775862068965517,9.80718405538036e-09,lowly_expressed,lightblue,,circle,30
YALI0D09603g,2,0.0,0.0010775862068965517,1.593719275583573e-32,lowly_expressed,lightblue,,circle,30
YALI0E04312g,2,0.0,0.0010775862068965517,1.593719275583573e-32,lowly_expressed,lightblue,,circle,30
Q14533,2,0.0,0.003232758620689655,1.3369086264914565e-25,changed_regulation,green,,circle,30
O43790,2,0.0,0.003232758620689655,1.3369086264914565e-25,changed_regulation,green,,circle,30
P78385,2,0.0,0.003232758620689655,1.3369086264914565e-25,changed_regulation,green,,circle,30
Q6NT21,2,0.0,0.003232758620689655,1.3369086264914565e-25,changed_regulation,green,,circle,30
YALI0F11341g,2,0.0,0.0010775862068965517,1.593719275583573e-32,downregulated,darkblue,,circle,30
YALI0F11319g,2,0.0,0.0010775862068965517,1.593719275583573e-32,lowly_expressed,lightblue,,circle,30
YALI0D21538g,2,0.0,0.0010775862068965517,1.5188344155309166e-05,highly_expressed,orange,,circle,30
YALI0D07238g,2,0.0,0.0010775862068965517,4.1135239199721695e-07,lowly_expressed,lightblue,,circle,30
YALI0E24431g,2,0.0,0.0010775862068965517,1.593719275583573e-32,downregulated,darkblue,,circle,30
YALI0D03157g,2,0.0,0.0010775862068965517,1.593719275583573e-32,lowly_expressed,lightblue,,circle,30
YALI0B16324g,2,0.0,0.0010775862068965517,1.593719275583573e-32,changed_regulation,green,,circle,30
YALI0D09042g,2,0.0,0.0010775862068965517,1.593719275583573e-32,changed_regulation,green,,circle,30
