YALI0E28644g,YALI0C16643g
YALI0F18458g,YALI0C05324g
YALI0F18458g,YALI0E23628g
YALI0D01067g,YALI0D16885g
YALI0D01067g,YALI0F06028g
YALI0F27753g,YALI0B12188g
YALI0F27753g,YALI0C00495g
YALI0F27753g,YALI0C04136g
YALI0F27753g,YALI0C15026g
YALI0F27753g,YALI0C16797g
YALI0F27753g,YALI0D18403g
YALI0F27753g,YALI0D18436g
YALI0F27753g,YALI0E33517g
YALI0F27753g,YALI0F11319g
YALI0F27753g,YALI0F11627g
YALI0D08118g,YALI0A10681g
YALI0D08118g,YALI0E16973g
YALI0D08118g,YALI0E29557g
YALI0F08701g,YALI0D19206g
YALI0F08701g,YALI0E32065g
YALI0F18040g,YALI0E12375g
YALI0F18040g,YALI0E26653g
YALI0E21197g,YALI0F14333g
YALI0E00792g,YALI0A10681g
YALI0E00792g,YALI0A18381g
YALI0E00792g,YALI0C03377g
YALI0E00792g,YALI0C07172g
YALI0E00792g,YALI0C08096g
YALI0E00792g,YALI0D07810g
YALI0E00792g,YALI0E07491g
YALI0E00792g,YALI0E10417g
YALI0E00792g,YALI0E16973g
YALI0E00792g,YALI0E29557g
YALI0C04136g,YALI0B15722g
YALI0C04136g,YALI0B20262g
YALI0C04136g,YALI0C00495g
YALI0C04136g,YALI0E09867g
YALI0C04136g,YALI0E24277g
YALI0C04136g,YALI0F03575g
YALI0C04136g,YALI0F07084g
YALI0C04136g,YALI0F11319g
YALI0C04136g,YALI0F11627g
YALI0C04136g,YALI0F23045g
YALI0B17842g,YALI0D12540g
YALI0B17842g,YALI0D27060g
YALI0D11088g,YALI0B03476g
YALI0D11088g,YALI0B07623g
YALI0D11088g,YALI0E10417g
YALI0D11088g,YALI0F02673g
YALI0D11088g,YALI0F06402g
YALI0D11088g,YALI0F15763g
YALI0F26917g,YALI0A17020g
YALI0F26917g,YALI0E14487g
YALI0F26917g,YALI0F11605g
YALI0C12056g,YALI0C02453g
YALI0F02673g,YALI0E10417g
YALI0F02673g,YALI0E28512g
YALI0F02673g,YALI0F06402g
YALI0F02673g,YALI0F07557g
YALI0D00451g,YALI0E02024g
YALI0B20262g,YALI0A07997g
YALI0B20262g,YALI0B05940g
YALI0B20262g,YALI0B15722g
YALI0B20262g,YALI0E09867g
YALI0B20262g,YALI0E23023g
YALI0B20262g,YALI0F11319g
YALI0B20262g,YALI0F11627g
YALI0B20262g,YALI0F23045g
YALI0D03480g,YALI0F30371g
YALI0F03410g,YALI0B05676g
YALI0F03410g,YALI0E23408g
YALI0F03410g,YALI0F01584g
YALI0C15004g,YALI0B18194g
YALI0F11583g,YALI0A06633g
YALI0F11583g,YALI0A18271g
YALI0F11759g,YALI0B15180g
YALI0D20878g,YALI0A14454g
YALI0D10923g,YALI0D24167g
YALI0E28371g,YALI0A10681g
YALI0E28371g,YALI0E07491g
YALI0E28371g,YALI0E16038g
YALI0E24277g,YALI0E04158g
YALI0D06688g,YALI0B18986g
YALI0D06688g,YALI0B22814g
YALI0D06688g,YALI0C08327g
YALI0D06688g,YALI0D01111g
YALI0D06688g,YALI0E05423g
YALI0D06688g,YALI0E22286g
YALI0D06688g,YALI0E34243g
YALI0D06688g,YALI0F01606g
YALI0D06688g,YALI0F01628g
YALI0D16885g,YALI0F06028g
YALI0F06138g,YALI0B13618g
YALI0F30239g,YALI0D08338g
YALI0B12188g,YALI0A21285g
YALI0B12188g,YALI0B03718g
YALI0B12188g,YALI0C16753g
YALI0B12188g,YALI0D18436g
YALI0B12188g,YALI0E14993g
YALI0B12188g,YALI0E23628g
YALI0B12188g,YALI0F23683g
YALI0A21373g,YALI0B21142g
YALI0A21373g,YALI0B22814g
YALI0A21373g,YALI0C08327g
YALI0A21373g,YALI0D01111g
YALI0A21373g,YALI0D19140g
YALI0A21373g,YALI0E19338g
YALI0A21373g,YALI0E25179g
YALI0A21373g,YALI0F01628g
YALI0A21373g,YALI0F01650g
YALI0E07810g,YALI0D09889g
YALI0E31515g,YALI0A06633g
YALI0E27269g,YALI0D08756g
YALI0E27269g,YALI0F05698g
YALI0E06721g,YALI0F29975g
YALI0C16709g,YALI0A18744g
YALI0C16709g,YALI0B10428g
YALI0C16709g,YALI0E23408g
YALI0C16709g,YALI0F18436g
YALI0A04609g,YALI0E11869g
YALI0F24783g,YALI0B03476g
YALI0F24783g,YALI0C08096g
YALI0F24783g,YALI0C08960g
YALI0F24783g,YALI0C12496g
YALI0F24783g,YALI0E07491g
YALI0F24783g,YALI0F06402g
YALI0F24783g,YALI0F07557g
YALI0D06501g,YALI0A15906g
YALI0D06501g,YALI0B07117g
YALI0D06501g,YALI0B21780g
YALI0D06501g,YALI0C16753g
YALI0D06501g,YALI0D04092g
YALI0D06501g,YALI0E12331g
YALI0D06501g,YALI0E15862g
YALI0D06501g,YALI0E18348g
YALI0D06501g,YALI0E24651g
YALI0E33429g,YALI0D20526g
YALI0B15180g,YALI0C03377g
YALI0F02299g,YALI0C10780g
YALI0F02299g,YALI0C15048g
YALI0F19426g,YALI0C00363g
YALI0C19426g,YALI0C22858g
YALI0C19426g,YALI0E18260g
YALI0A09812g,YALI0E06479g
YALI0D22506g,YALI0E30349g
YALI0E30349g,YALI0D05357g
YALI0E05709g,YALI0A00154g
YALI0E05709g,YALI0E05137g
YALI0E05709g,YALI0E05247g
YALI0E05709g,YALI0E07381g
YALI0E05709g,YALI0E17413g
YALI0E05709g,YALI0E19426g
YALI0E05709g,YALI0E22088g
YALI0E05709g,YALI0E24299g
YALI0E05709g,YALI0F06446g
YALI0E07381g,YALI0C23276g
YALI0E07381g,YALI0E05247g
YALI0E07381g,YALI0E24299g
YALI0E07381g,YALI0F30327g
YALI0E21395g,YALI0A16588g
YALI0E33517g,YALI0A19844g
YALI0E33517g,YALI0C00495g
YALI0E33517g,YALI0C16753g
YALI0E33517g,YALI0E10373g
YALI0E33517g,YALI0E11693g
YALI0E33517g,YALI0F17468g
YALI0E04202g,YALI0E18590g
YALI0F01584g,YALI0B10109g
YALI0F01584g,YALI0B17204g
YALI0F01584g,YALI0B21142g
YALI0F01584g,YALI0E10483g
YALI0F01584g,YALI0E11517g
YALI0F01584g,YALI0E18788g
YALI0F01584g,YALI0E19338g
YALI0F01584g,YALI0E22286g
YALI0F01584g,YALI0E25179g
YALI0F17666g,YALI0E20933g
YALI0F05698g,YALI0D08756g
YALI0F05698g,YALI0F21615g
YALI0F29073g,YALI0F02079g
YALI0C10142g,YALI0A17020g
YALI0C10142g,YALI0E17413g
YALI0D18403g,YALI0C00495g
YALI0D18403g,YALI0C15026g
YALI0D18403g,YALI0C16797g
YALI0D18403g,YALI0F11627g
YALI0B17204g,YALI0B18194g
YALI0B17204g,YALI0E11517g
YALI0B17204g,YALI0E22286g
YALI0F01540g,YALI0E15334g
YALI0D19140g,YALI0B07117g
YALI0D19140g,YALI0B10109g
YALI0D19140g,YALI0B21142g
YALI0D19140g,YALI0C08327g
YALI0D19140g,YALI0D01111g
YALI0D19140g,YALI0E19338g
YALI0D19140g,YALI0E22286g
YALI0D19140g,YALI0E25179g
YALI0D19140g,YALI0F01628g
YALI0E23991g,YALI0B00924g
YALI0E23991g,YALI0C05621g
YALI0E23991g,YALI0C07656g
YALI0E23991g,YALI0C22341g
YALI0E23991g,YALI0D12364g
YALI0F03795g,YALI0B20218g
YALI0F03795g,YALI0B20944g
YALI0F03795g,YALI0D20438g
YALI0F03795g,YALI0F03575g
YALI0F03795g,YALI0F13211g
YALI0F11297g,YALI0B17644g
YALI0F11297g,YALI0E32065g
YALI0E17677g,YALI0A06787g
YALI0C12496g,YALI0A18381g
YALI0C12496g,YALI0B03476g
YALI0C12496g,YALI0B04488g
YALI0C12496g,YALI0B07623g
YALI0C12496g,YALI0C03377g
YALI0C12496g,YALI0C07172g
YALI0C12496g,YALI0C08096g
YALI0C12496g,YALI0D17710g
YALI0C12496g,YALI0E07491g
YALI0C12496g,YALI0E10417g
YALI0C12496g,YALI0E16973g
YALI0C12496g,YALI0E29557g
YALI0C12496g,YALI0F13343g
YALI0E17413g,YALI0B12100g
YALI0E17413g,YALI0D18964g
YALI0E17413g,YALI0D21362g
YALI0E17413g,YALI0D23793g
YALI0E17413g,YALI0E05137g
YALI0E17413g,YALI0E19426g
YALI0E17413g,YALI0E22088g
YALI0E17413g,YALI0E23408g
YALI0E34243g,YALI0A10637g
YALI0E34243g,YALI0B18986g
YALI0E34243g,YALI0B22814g
YALI0E34243g,YALI0C08327g
YALI0E34243g,YALI0C20265g
YALI0E34243g,YALI0D22913g
YALI0E34243g,YALI0F01606g
YALI0E34243g,YALI0F01628g
YALI0E30547g,YALI0A09537g
YALI0E30547g,YALI0A10637g
YALI0E30547g,YALI0A18271g
YALI0E30547g,YALI0B01848g
YALI0E30547g,YALI0D20240g
YALI0A07997g,YALI0D04873g
YALI0E28985g,YALI0C20265g
YALI0E28985g,YALI0D22520g
YALI0E28985g,YALI0E26653g
YALI0E28985g,YALI0E27786g
YALI0E28985g,YALI0F07623g
YALI0C06556g,YALI0A08165g
YALI0C13112g,YALI0A17985g
YALI0C13112g,YALI0E17655g
YALI0E27786g,YALI0A19624g
YALI0E27786g,YALI0B10109g
YALI0E27786g,YALI0B14839g
YALI0E27786g,YALI0C20265g
YALI0E27786g,YALI0D12166g
YALI0E27786g,YALI0E07161g
YALI0E27786g,YALI0E18590g
YALI0E27786g,YALI0E25179g
YALI0D04092g,YALI0A15906g
YALI0D04092g,YALI0B21780g
YALI0D04092g,YALI0C16863g
YALI0D04092g,YALI0E15862g
YALI0D04092g,YALI0E18348g
YALI0D04092g,YALI0E24651g
YALI0D04092g,YALI0F12067g
YALI0D04092g,YALI0F17468g
YALI0A14454g,YALI0E01408g
YALI0B15722g,YALI0B20218g
YALI0B15722g,YALI0E09867g
YALI0B15722g,YALI0E12155g
YALI0B15722g,YALI0E17105g
YALI0B15722g,YALI0F03575g
YALI0B15722g,YALI0F07084g
YALI0B15722g,YALI0F11627g
YALI0B15722g,YALI0F13211g
YALI0B15722g,YALI0F17886g
YALI0B15722g,YALI0F23045g
YALI0C20265g,YALI0A10637g
YALI0C20265g,YALI0A19624g
YALI0C20265g,YALI0D12166g
YALI0C20265g,YALI0D22520g
YALI0C20265g,YALI0E25179g
YALI0C20265g,YALI0E26653g
YALI0C20265g,YALI0F01606g
YALI0C20265g,YALI0F01628g
YALI0C20265g,YALI0F29227g
YALI0B13640g,YALI0A19844g
YALI0B13640g,YALI0B20944g
YALI0B13640g,YALI0C16753g
YALI0B13640g,YALI0D08316g
YALI0B13640g,YALI0D20438g
YALI0B13640g,YALI0E05665g
YALI0B13640g,YALI0E24651g
YALI0B13640g,YALI0E31845g
YALI0B13640g,YALI0F03575g
YALI0B13640g,YALI0F14487g
YALI0F12067g,YALI0A00396g
YALI0F12067g,YALI0A00660g
YALI0F12067g,YALI0A19844g
YALI0F12067g,YALI0C13244g
YALI0F12067g,YALI0C16863g
YALI0F12067g,YALI0D12969g
YALI0F12067g,YALI0E15862g
YALI0F12067g,YALI0E18348g
YALI0F12067g,YALI0E31845g
YALI0F12067g,YALI0F06358g
YALI0F12067g,YALI0F17468g
YALI0F12067g,YALI0F24431g
YALI0C17589g,YALI0C02453g
YALI0C17589g,YALI0D06435g
YALI0E00880g,YALI0B20394g
YALI0E00880g,YALI0D03509g
YALI0E00880g,YALI0E25135g
YALI0D25388g,YALI0B10890g
YALI0D25388g,YALI0D13772g
YALI0D25388g,YALI0F08943g
YALI0C19129g,YALI0D11880g
YALI0D12430g,YALI0A19778g
YALI0F26609g,YALI0D03509g
YALI0E13750g,YALI0A19844g
YALI0E13750g,YALI0C13244g
YALI0E13750g,YALI0F17468g
YALI0B20394g,YALI0E25135g
YALI0D17710g,YALI0A18381g
YALI0D17710g,YALI0B03476g
YALI0D17710g,YALI0C03377g
YALI0D17710g,YALI0C07172g
YALI0D17710g,YALI0C08096g
YALI0D17710g,YALI0D07810g
YALI0D17710g,YALI0D26015g
YALI0D17710g,YALI0E07491g
YALI0D17710g,YALI0E10417g
YALI0D17710g,YALI0E16973g
YALI0D17710g,YALI0E29557g
YALI0D17710g,YALI0F07128g
YALI0D17710g,YALI0F07557g
YALI0D17710g,YALI0F15763g
YALI0D22520g,YALI0A09537g
YALI0D22520g,YALI0A10637g
YALI0D22520g,YALI0B03718g
YALI0D22520g,YALI0E14993g
YALI0C10780g,YALI0D03619g
YALI0C10780g,YALI0F21615g
YALI0C18051g,YALI0D02585g
YALI0C13816g,YALI0C21494g
YALI0D01980g,YALI0E10483g
YALI0D01980g,YALI0E11517g
YALI0C07172g,YALI0A18381g
YALI0C07172g,YALI0B03476g
YALI0C07172g,YALI0B04488g
YALI0C07172g,YALI0B07623g
YALI0C07172g,YALI0C03377g
YALI0C07172g,YALI0C08096g
YALI0C07172g,YALI0C21296g
YALI0C07172g,YALI0E07491g
YALI0C07172g,YALI0E10417g
YALI0C07172g,YALI0E29557g
YALI0C07172g,YALI0F13343g
YALI0C07172g,YALI0F15763g
YALI0F07623g,YALI0C14740g
YALI0F07623g,YALI0D12166g
YALI0F07623g,YALI0F11253g
YALI0E16038g,YALI0A10681g
YALI0E16038g,YALI0A18381g
YALI0E16038g,YALI0D26015g
YALI0E16038g,YALI0E07491g
YALI0E16038g,YALI0E29557g
YALI0F00770g,YALI0D09086g
YALI0F00770g,YALI0F13211g
YALI0F00770g,YALI0F32153g
YALI0C15741g,YALI0F07689g
YALI0A14707g,YALI0D11506g
YALI0F26873g,YALI0A14476g
YALI0F26873g,YALI0C20053g
YALI0E00748g,YALI0B18986g
YALI0E00748g,YALI0C08327g
YALI0E00748g,YALI0D01111g
YALI0E00748g,YALI0E23023g
YALI0E00748g,YALI0F01606g
YALI0E00748g,YALI0F01628g
YALI0F20526g,YALI0A16588g
YALI0F20526g,YALI0D05357g
YALI0E21758g,YALI0C05621g
YALI0E21758g,YALI0C22341g
YALI0E21758g,YALI0D11308g
YALI0B12584g,YALI0C16390g
YALI0B12584g,YALI0D04961g
YALI0B12584g,YALI0F20724g
YALI0B12584g,YALI0F23045g
YALI0B12584g,YALI0F30921g
YALI0D21362g,YALI0B10428g
YALI0D21362g,YALI0E05247g
YALI0D21362g,YALI0E11517g
YALI0D21362g,YALI0E17875g
YALI0D21362g,YALI0E18788g
YALI0D21362g,YALI0E23408g
YALI0D21362g,YALI0F06446g
YALI0F08855g,YALI0D09086g
YALI0F08855g,YALI0E12155g
YALI0C20053g,YALI0B05676g
YALI0C20053g,YALI0C08327g
YALI0C20053g,YALI0D01111g
YALI0C20053g,YALI0D02475g
YALI0C20053g,YALI0D21230g
YALI0C20053g,YALI0E23023g
YALI0C20053g,YALI0F01650g
YALI0C20053g,YALI0F01738g
YALI0C23496g,YALI0D22110g
YALI0F07557g,YALI0A18381g
YALI0F07557g,YALI0B03476g
YALI0F07557g,YALI0C03377g
YALI0F07557g,YALI0C08096g
YALI0F07557g,YALI0D26015g
YALI0F07557g,YALI0E10417g
YALI0F07557g,YALI0F06402g
YALI0D00759g,YALI0B10846g
YALI0C16753g,YALI0A19844g
YALI0C16753g,YALI0A20295g
YALI0C16753g,YALI0A21285g
YALI0C16753g,YALI0E05665g
YALI0C16753g,YALI0E23023g
YALI0C16753g,YALI0E24651g
YALI0C02453g,YALI0D06435g
YALI0E18348g,YALI0A00396g
YALI0E18348g,YALI0A00660g
YALI0E18348g,YALI0A15906g
YALI0E18348g,YALI0B21780g
YALI0E18348g,YALI0E15862g
YALI0E20691g,YALI0B22814g
YALI0E20691g,YALI0D21230g
YALI0E20691g,YALI0F01606g
YALI0E20691g,YALI0F01628g
YALI0E20691g,YALI0F01650g
YALI0F03575g,YALI0A19844g
YALI0F03575g,YALI0B20218g
YALI0F03575g,YALI0D20438g
YALI0F03575g,YALI0F13211g
YALI0F03575g,YALI0F14487g
YALI0F27687g,YALI0E22649g
YALI0E29307g,YALI0F08811g
YALI0E22088g,YALI0A00154g
YALI0E22088g,YALI0D03740g
YALI0E22088g,YALI0D20526g
YALI0E22088g,YALI0E05137g
YALI0E22088g,YALI0E05247g
YALI0E22088g,YALI0E19426g
YALI0E22088g,YALI0E24299g
YALI0E22088g,YALI0F06446g
YALI0B14839g,YALI0E18590g
YALI0B10109g,YALI0B07117g
YALI0B10109g,YALI0B21142g
YALI0B10109g,YALI0C07634g
YALI0B10109g,YALI0E19338g
YALI0B10109g,YALI0E25179g
YALI0B13618g,YALI0F16665g
YALI0F01628g,YALI0B07117g
YALI0F01628g,YALI0B18986g
YALI0F01628g,YALI0B21142g
YALI0F01628g,YALI0B22814g
YALI0F01628g,YALI0C08327g
YALI0F01628g,YALI0D01111g
YALI0F01628g,YALI0E05423g
YALI0F01628g,YALI0E19338g
YALI0F01628g,YALI0E23023g
YALI0F01628g,YALI0E25179g
YALI0F01628g,YALI0F01606g
YALI0F01628g,YALI0F01650g
YALI0F29227g,YALI0E15576g
YALI0F29227g,YALI0E26653g
YALI0D12364g,YALI0C22341g
YALI0D11044g,YALI0E04136g
YALI0F18436g,YALI0A18744g
YALI0F18436g,YALI0B10428g
YALI0F18436g,YALI0E23408g
YALI0D02475g,YALI0B05676g
YALI0D02475g,YALI0C08327g
YALI0D02475g,YALI0C14740g
YALI0D02475g,YALI0F01738g
YALI0A00154g,YALI0E05137g
YALI0A00154g,YALI0E05247g
YALI0A00154g,YALI0E19426g
YALI0A00154g,YALI0E24299g
YALI0A00154g,YALI0F06446g
YALI0D15304g,YALI0E15147g
YALI0D15304g,YALI0E22847g
YALI0D15304g,YALI0F06446g
YALI0D03740g,YALI0F06791g
YALI0C15048g,YALI0A10615g
YALI0C15048g,YALI0F06622g
YALI0C15048g,YALI0F07689g
YALI0C15048g,YALI0F11253g
YALI0C00495g,YALI0E17105g
YALI0C00495g,YALI0F11627g
YALI0E09012g,YALI0E04169g
YALI0A10615g,YALI0A09537g
YALI0A10615g,YALI0A18271g
YALI0A10615g,YALI0B03718g
YALI0A10615g,YALI0C03828g
YALI0A10615g,YALI0C05104g
YALI0A10615g,YALI0D20240g
YALI0A10615g,YALI0E04114g
YALI0A10615g,YALI0F06622g
YALI0A10615g,YALI0F07689g
YALI0A10615g,YALI0F11253g
YALI0E04158g,YALI0F07084g
YALI0F13739g,YALI0D04961g
YALI0F13739g,YALI0F30921g
YALI0C22341g,YALI0B00924g
YALI0C22341g,YALI0C05621g
YALI0C22341g,YALI0C07656g
YALI0B07623g,YALI0B03476g
YALI0B07623g,YALI0B04488g
YALI0B07623g,YALI0E10417g
YALI0B07623g,YALI0E16973g
YALI0B07623g,YALI0E29557g
YALI0B07623g,YALI0E33825g
YALI0B07623g,YALI0F15763g
YALI0B20944g,YALI0A19844g
YALI0B20944g,YALI0B17622g
YALI0B20944g,YALI0C13244g
YALI0B20944g,YALI0D08316g
YALI0B20944g,YALI0D20438g
YALI0B20944g,YALI0E11693g
YALI0B20944g,YALI0E31845g
YALI0B20944g,YALI0F14487g
YALI0C16797g,YALI0B09537g
YALI0C16797g,YALI0C15026g
YALI0C16797g,YALI0F10857g
YALI0F07128g,YALI0D07810g
YALI0E26125g,YALI0B03982g
YALI0E26125g,YALI0E04532g
YALI0C07150g,YALI0F30921g
YALI0E23023g,YALI0D01111g
YALI0E23023g,YALI0D21230g
YALI0E23023g,YALI0F01606g
YALI0E23023g,YALI0F01650g
YALI0A15906g,YALI0B07117g
YALI0A15906g,YALI0B21780g
YALI0A15906g,YALI0C07634g
YALI0A15906g,YALI0E05665g
YALI0A15906g,YALI0E15862g
YALI0A15906g,YALI0E18788g
YALI0A15906g,YALI0E24651g
YALI0A15906g,YALI0F11605g
YALI0D12166g,YALI0A09537g
YALI0D12166g,YALI0A10637g
YALI0D12166g,YALI0B03718g
YALI0D12166g,YALI0D20240g
YALI0D12166g,YALI0E26653g
YALI0D12166g,YALI0F11253g
YALI0E15576g,YALI0E26653g
YALI0F05852g,YALI0C13860g
YALI0F02893g,YALI0E03036g
YALI0F02893g,YALI0E17655g
YALI0F02893g,YALI0F03179g
YALI0F20020g,YALI0F15367g
YALI0E16973g,YALI0A10681g
YALI0E16973g,YALI0A18381g
YALI0E16973g,YALI0C03377g
YALI0E16973g,YALI0D07810g
YALI0E16973g,YALI0E10417g
YALI0E16973g,YALI0E29557g
YALI0E16973g,YALI0F15763g
YALI0F20636g,YALI0D05357g
YALI0F20636g,YALI0E14729g
YALI0E24915g,YALI0C01133g
YALI0B16822g,YALI0D06413g
YALI0E05643g,YALI0E06479g
YALI0F06446g,YALI0A05533g
YALI0F06446g,YALI0E05247g
YALI0F06446g,YALI0E15147g
YALI0F06446g,YALI0E19426g
YALI0F06446g,YALI0E22847g
YALI0F06446g,YALI0E24299g
YALI0E04312g,YALI0F06791g
YALI0F15763g,YALI0B03476g
YALI0F15763g,YALI0B04488g
YALI0F15763g,YALI0C08096g
YALI0F15763g,YALI0D07810g
YALI0F15763g,YALI0E10417g
YALI0F15763g,YALI0E29557g
YALI0F15763g,YALI0F06402g
YALI0E01276g,YALI0E12375g
YALI0B21142g,YALI0B07117g
YALI0B21142g,YALI0C07634g
YALI0B21142g,YALI0D01111g
YALI0B21142g,YALI0E05665g
YALI0B21142g,YALI0E18788g
YALI0B21142g,YALI0E19338g
YALI0B21142g,YALI0E22286g
YALI0B21142g,YALI0E25179g
YALI0D09086g,YALI0C01045g
YALI0D09086g,YALI0C16841g
YALI0D09086g,YALI0D11506g
YALI0D09086g,YALI0E12155g
YALI0D11880g,YALI0B13354g
YALI0A09064g,YALI0E05247g
YALI0E26257g,YALI0B14949g
YALI0F01738g,YALI0B05676g
YALI0F01738g,YALI0C16500g
YALI0E27390g,YALI0E10153g
YALI0E27390g,YALI0E18744g
YALI0D12969g,YALI0A00396g
YALI0D12969g,YALI0A00660g
YALI0E15334g,YALI0D03888g
YALI0A06633g,YALI0D20240g
YALI0A06633g,YALI0D22913g
YALI0A06633g,YALI0F07689g
YALI0A06633g,YALI0F11253g
YALI0E10417g,YALI0A18381g
YALI0E10417g,YALI0B03476g
YALI0E10417g,YALI0B04488g
YALI0E10417g,YALI0C03377g
YALI0E10417g,YALI0C08096g
YALI0E10417g,YALI0C21296g
YALI0E10417g,YALI0D07810g
YALI0E10417g,YALI0E04356g
YALI0E10417g,YALI0E29557g
YALI0E10417g,YALI0F06402g
YALI0E30855g,YALI0D25828g
YALI0E30855g,YALI0E14729g
YALI0E10153g,YALI0E18744g
YALI0D20438g,YALI0A19844g
YALI0D20438g,YALI0E31845g
YALI0D20438g,YALI0F14487g
YALI0A19844g,YALI0C13244g
YALI0A19844g,YALI0D08316g
YALI0A19844g,YALI0E11693g
YALI0A19844g,YALI0E31845g
YALI0A19844g,YALI0F14487g
YALI0A19844g,YALI0F17468g
YALI0E23628g,YALI0B05940g
YALI0E23628g,YALI0D18436g
YALI0E23628g,YALI0E14993g
YALI0E23628g,YALI0F23683g
YALI0E05665g,YALI0B21780g
YALI0E05665g,YALI0E18788g
YALI0E05665g,YALI0E24651g
YALI0D19206g,YALI0E32065g
YALI0D19206g,YALI0F30481g
YALI0B10428g,YALI0A18744g
YALI0B10428g,YALI0E23408g
YALI0B10428g,YALI0F17710g
YALI0F14487g,YALI0C13244g
YALI0F14487g,YALI0D08316g
YALI0F14487g,YALI0E11693g
YALI0F14487g,YALI0E31845g
YALI0B18810g,YALI0F21615g
YALI0D15114g,YALI0C07656g
YALI0D08316g,YALI0B17622g
YALI0D08316g,YALI0C13244g
YALI0D08316g,YALI0E31845g
YALI0F30921g,YALI0C16390g
YALI0F30921g,YALI0C19063g
YALI0F30921g,YALI0D04961g
YALI0F30921g,YALI0D05005g
YALI0F30921g,YALI0F20724g
YALI0D04114g,YALI0E33825g
YALI0C16863g,YALI0A00660g
YALI0C16863g,YALI0C04455g
YALI0C16863g,YALI0E24651g
YALI0F16665g,YALI0E11869g
YALI0C21296g,YALI0B04488g
YALI0C21296g,YALI0C03377g
YALI0D13442g,YALI0A19206g
YALI0D13442g,YALI0B21186g
YALI0D13442g,YALI0E03036g
YALI0B05676g,YALI0C08327g
YALI0B05676g,YALI0C14740g
YALI0B05676g,YALI0D01111g
YALI0B05676g,YALI0E25179g
YALI0D22913g,YALI0B22814g
YALI0D22913g,YALI0D20240g
YALI0F01056g,YALI0C01045g
YALI0F02079g,YALI0C22990g
YALI0F02079g,YALI0D08756g
YALI0E00264g,YALI0E22286g
YALI0D18436g,YALI0B05940g
YALI0D18436g,YALI0E09867g
YALI0D18436g,YALI0F23683g
YALI0B18759g,YALI0B20218g
YALI0F06622g,YALI0E25201g
YALI0F06622g,YALI0F11253g
YALI0C13904g,YALI0D05357g
YALI0C13904g,YALI0F23815g
YALI0E22286g,YALI0B18194g
YALI0E22286g,YALI0D01111g
YALI0E22286g,YALI0E19338g
YALI0C22946g,YALI0E15147g
YALI0E14487g,YALI0B10890g
YALI0E14487g,YALI0D13772g
YALI0E14487g,YALI0F12749g
YALI0C05104g,YALI0A09537g
YALI0C05104g,YALI0A18271g
YALI0C05104g,YALI0C03828g
YALI0C05104g,YALI0D20240g
YALI0C05104g,YALI0E04114g
YALI0C05104g,YALI0F11253g
YALI0F23683g,YALI0E14993g
YALI0B21186g,YALI0D06303g
YALI0E18590g,YALI0A19624g
YALI0F15939g,YALI0B05566g
YALI0F15939g,YALI0F14509g
YALI0B07117g,YALI0B21780g
YALI0B07117g,YALI0C08327g
YALI0B07117g,YALI0D01111g
YALI0B07117g,YALI0F01650g
YALI0F29909g,YALI0D18964g
YALI0F29909g,YALI0E27093g
YALI0A18381g,YALI0A10681g
YALI0A18381g,YALI0C03377g
YALI0A18381g,YALI0C08096g
YALI0A18381g,YALI0D26015g
YALI0A18381g,YALI0E07491g
YALI0A18381g,YALI0E29557g
YALI0A18381g,YALI0F13343g
YALI0F20724g,YALI0C16390g
YALI0F20724g,YALI0D04961g
YALI0F20724g,YALI0D05357g
YALI0C04389g,YALI0B10197g
YALI0C04389g,YALI0F25619g
YALI0A08165g,YALI0A01023g
YALI0A08165g,YALI0D25872g
YALI0A08165g,YALI0E16775g
YALI0A08165g,YALI0F23815g
YALI0C00275g,YALI0B03718g
YALI0F11253g,YALI0A18271g
YALI0F11253g,YALI0B22814g
YALI0F11253g,YALI0D20240g
YALI0F11253g,YALI0F07689g
YALI0C08096g,YALI0A10681g
YALI0C08096g,YALI0B03476g
YALI0C08096g,YALI0C03377g
YALI0C08096g,YALI0D07810g
YALI0C08096g,YALI0D26015g
YALI0C08096g,YALI0E07491g
YALI0C08096g,YALI0E29557g
YALI0C08096g,YALI0F06402g
YALI0C08096g,YALI0F13343g
YALI0C00671g,YALI0E11869g
YALI0E07491g,YALI0A10681g
YALI0E07491g,YALI0B03476g
YALI0E07491g,YALI0C03377g
YALI0E07491g,YALI0E29557g
YALI0E07491g,YALI0F13343g
YALI0E04114g,YALI0A09537g
YALI0E04114g,YALI0A18271g
YALI0E04114g,YALI0B03718g
YALI0E04114g,YALI0B05940g
YALI0E04114g,YALI0C03828g
YALI0E04114g,YALI0D20240g
YALI0E32065g,YALI0E09015g
YALI0F07689g,YALI0B03718g
YALI0F14069g,YALI0B00924g
YALI0F14069g,YALI0B21406g
YALI0F14069g,YALI0C05621g
YALI0F14069g,YALI0D11308g
YALI0F11605g,YALI0A05533g
YALI0F11605g,YALI0B21780g
YALI0F11605g,YALI0E15862g
YALI0F11605g,YALI0E18788g
YALI0A08536g,YALI0D22110g
YALI0D13772g,YALI0B10890g
YALI0B17930g,YALI0F03157g
YALI0B00924g,YALI0C05621g
YALI0B21406g,YALI0C05621g
YALI0B21406g,YALI0D11308g
YALI0F31603g,YALI0D07920g
YALI0F31603g,YALI0D14916g
YALI0A10637g,YALI0C11858g
YALI0A10637g,YALI0E26653g
YALI0A10637g,YALI0F01606g
YALI0E28512g,YALI0F06402g
YALI0B04488g,YALI0B03476g
YALI0B04488g,YALI0D19470g
YALI0B04488g,YALI0F13343g
YALI0D20526g,YALI0D27038g
YALI0E04466g,YALI0D07920g
YALI0F01650g,YALI0B18986g
YALI0F01650g,YALI0B22814g
YALI0F01650g,YALI0C08327g
YALI0F01650g,YALI0D01111g
YALI0F01650g,YALI0D21230g
YALI0F01650g,YALI0F01606g
YALI0B22242g,YALI0D15048g
YALI0F14509g,YALI0B05566g
YALI0B03982g,YALI0F03179g
YALI0E05423g,YALI0B18986g
YALI0E05423g,YALI0C08327g
YALI0E05423g,YALI0D01111g
YALI0F17886g,YALI0F06358g
YALI0F17886g,YALI0F11627g
YALI0F17886g,YALI0F13211g
YALI0C19063g,YALI0D02585g
YALI0C19063g,YALI0D08756g
YALI0D18964g,YALI0C07656g
YALI0F12793g,YALI0C16841g
YALI0F06358g,YALI0F08349g
YALI0F06358g,YALI0F24431g
YALI0F06358g,YALI0F30261g
YALI0E12155g,YALI0B20218g
YALI0E12155g,YALI0F13211g
YALI0E12155g,YALI0F15367g
YALI0E18568g,YALI0F10857g
YALI0B17622g,YALI0E11693g
YALI0B17622g,YALI0F24431g
YALI0E18612g,YALI0F11319g
YALI0A00396g,YALI0A00660g
YALI0C23276g,YALI0B21120g
YALI0C23276g,YALI0E05247g
YALI0C23276g,YALI0F30327g
YALI0E24299g,YALI0E05247g
YALI0E24299g,YALI0E19426g
YALI0F07491g,YALI0A18271g
YALI0F07491g,YALI0D20240g
YALI0D06435g,YALI0D05049g
YALI0F17710g,YALI0B12100g
YALI0F17710g,YALI0D23463g
YALI0E23408g,YALI0E05247g
YALI0E26653g,YALI0B14553g
YALI0D07810g,YALI0A10681g
YALI0D07810g,YALI0B03476g
YALI0D07810g,YALI0E29557g
YALI0D07810g,YALI0F06402g
YALI0E19426g,YALI0E05247g
YALI0C03377g,YALI0A10681g
YALI0C03377g,YALI0B03476g
YALI0C03377g,YALI0D26015g
YALI0C03377g,YALI0E29557g
YALI0C03377g,YALI0F13343g
YALI0C11858g,YALI0A09537g
YALI0F30261g,YALI0F30371g
YALI0E29557g,YALI0A10681g
YALI0E29557g,YALI0B03476g
YALI0E29557g,YALI0D26015g
YALI0C21494g,YALI0F30481g
YALI0D05357g,YALI0A16588g
YALI0D05357g,YALI0C16390g
YALI0D05357g,YALI0C22990g
YALI0E27093g,YALI0D06303g
YALI0A18271g,YALI0A09537g
YALI0A18271g,YALI0B03718g
YALI0A18271g,YALI0C03828g
YALI0A18271g,YALI0D20240g
YALI0E16775g,YALI0E14729g
YALI0F06028g,YALI0F17006g
YALI0C20361g,YALI0E10483g
YALI0D06303g,YALI0A06787g
YALI0D06303g,YALI0E05137g
YALI0C16390g,YALI0D04961g
YALI0A17020g,YALI0F12749g
YALI0C08960g,YALI0B03476g
YALI0C08960g,YALI0E11869g
YALI0C08960g,YALI0F13343g
YALI0D07920g,YALI0C06061g
YALI0D07920g,YALI0D14916g
YALI0E07161g,YALI0A19624g
YALI0A14883g,YALI0B10846g
YALI0A14883g,YALI0F29975g
YALI0A10747g,YALI0D11308g
YALI0D22110g,YALI0B14509g
YALI0B03718g,YALI0A09537g
YALI0B03718g,YALI0C03828g
YALI0B03718g,YALI0E14993g
YALI0E11869g,YALI0B03476g
YALI0B23298g,YALI0B17644g
YALI0E31845g,YALI0C13178g
YALI0E31845g,YALI0C13244g
YALI0E31845g,YALI0E11693g
YALI0F13211g,YALI0B20218g
YALI0F13211g,YALI0E04169g
YALI0D21230g,YALI0F11319g
YALI0B10890g,YALI0F08943g
YALI0E18788g,YALI0B21780g
YALI0E18788g,YALI0E11517g
YALI0B22814g,YALI0B18986g
YALI0B22814g,YALI0C08327g
YALI0B22814g,YALI0F01606g
YALI0E02684g,YALI0E05137g
YALI0B21780g,YALI0E15862g
YALI0B21780g,YALI0E24651g
YALI0B09273g,YALI0B04312g
YALI0E09647g,YALI0C07634g
YALI0E24651g,YALI0F17468g
YALI0F08349g,YALI0C13244g
YALI0D25872g,YALI0A01023g
YALI0B03476g,YALI0F06402g
YALI0B03476g,YALI0F13343g
YALI0E10483g,YALI0E19338g
YALI0D26015g,YALI0A10681g
YALI0C05621g,YALI0C04301g
YALI0C05621g,YALI0D11308g
YALI0F01606g,YALI0B18986g
YALI0F01606g,YALI0C08327g
YALI0F01606g,YALI0D01111g
YALI0C22990g,YALI0A16588g
YALI0C07634g,YALI0E19338g
YALI0E04169g,YALI0B20218g
YALI0E04169g,YALI0D23287g
YALI0F24431g,YALI0F17468g
YALI0E19338g,YALI0D01111g
YALI0E19338g,YALI0E25179g
YALI0B18986g,YALI0C08327g
YALI0B18986g,YALI0D01111g
YALI0C03828g,YALI0A09537g
YALI0C03828g,YALI0E14993g
YALI0C02057g,YALI0E09867g
YALI0B21120g,YALI0A06787g
YALI0E05137g,YALI0E22847g
YALI0B20218g,YALI0F07084g
YALI0D01111g,YALI0C08327g
YALI0D01111g,YALI0E25179g
YALI0B10846g,YALI0F29975g
YALI0C08327g,YALI0C14740g
YALI0C08327g,YALI0E25179g
YALI0D20240g,YALI0A09537g
YALI0E09867g,YALI0B05940g
YALI0C14740g,YALI0E25179g
YALI0B05940g,YALI0A09537g
YALI0C15026g,YALI0F11627g
