YALI0B17204g,YALI0E11517g
YALI0F07128g,YALI0A09086g
YALI0F07128g,YALI0B05874g
YALI0F07128g,YALI0C06864g
YALI0F07128g,YALI0D17710g
YALI0D09339g,YALI0D09333g
YALI0D09339g,YALI0F24167g
YALI0F27753g,YALI0D18403g
YALI0F27753g,YALI0E33517g
YALI0C22572g,YALI0B20966g
YALI0D03740g,YALI0E22088g
YALI0A19888g,YALI0B03124g
YALI0A19888g,YALI0B14102g
YALI0A19888g,YALI0D15114g
YALI0A17020g,YALI0B13200g
YALI0A17020g,YALI0C10142g
YALI0A17020g,YALI0F26917g
YALI0E21604g,YALI0B02728g
YALI0E21604g,YALI0B14102g
YALI0E21604g,YALI0B21406g
YALI0E21604g,YALI0C09904g
YALI0E21604g,YALI0C21043g
YALI0E21604g,YALI0D22110g
YALI0E21604g,YALI0E16555g
YALI0E21604g,YALI0E32813g
YALI0E21604g,YALI0F05720g
YALI0E21604g,YALI0F09273g
YALI0A19426g,YALI0A12177g
YALI0B22308g,YALI0E05621g
YALI0B22308g,YALI0F18106g
YALI0B05566g,YALI0F14509g
YALI0E02024g,YALI0B21318g
YALI0B02178g,YALI0A19074g
YALI0B02178g,YALI0B00924g
YALI0B02178g,YALI0C05621g
YALI0B02178g,YALI0C06776g
YALI0B02178g,YALI0E23991g
YALI0B02178g,YALI0F14069g
YALI0C16005g,YALI0C02717g
YALI0F18040g,YALI0E26653g
YALI0D20438g,YALI0B13640g
YALI0D20438g,YALI0B20944g
YALI0D20438g,YALI0F03795g
YALI0B02728g,YALI0B14102g
YALI0B02728g,YALI0B21406g
YALI0B02728g,YALI0C21043g
YALI0B02728g,YALI0F05720g
YALI0B02728g,YALI0F08195g
YALI0B02728g,YALI0F09273g
YALI0B02728g,YALI0F11671g
YALI0C13244g,YALI0B20944g
YALI0C13244g,YALI0D22638g
YALI0C13244g,YALI0E28259g
YALI0C13244g,YALI0F25509g
YALI0C13244g,YALI0F30459g
YALI0A01782g,YALI0E32813g
YALI0D06501g,YALI0B21780g
YALI0D06501g,YALI0D04092g
YALI0C09460g,YALI0A06787g
YALI0C09460g,YALI0D06303g
YALI0C09460g,YALI0E30481g
YALI0A14454g,YALI0D20878g
YALI0A14454g,YALI0E01408g
YALI0D18964g,YALI0C07656g
YALI0D18964g,YALI0F29909g
YALI0A19932g,YALI0F18744g
YALI0F14069g,YALI0B00924g
YALI0F14069g,YALI0B21406g
YALI0F14069g,YALI0C05621g
YALI0F14069g,YALI0F08195g
YALI0E00792g,YALI0A10681g
YALI0E00792g,YALI0A19646g
YALI0E00792g,YALI0B05874g
YALI0E00792g,YALI0D12232g
YALI0E00792g,YALI0E10417g
YALI0E00792g,YALI0E16973g
YALI0E00792g,YALI0E34067g
YALI0E00792g,YALI0F13805g
YALI0B20966g,YALI0F24717g
YALI0B03124g,YALI0C07656g
YALI0B03124g,YALI0D09427g
YALI0B03124g,YALI0D15114g
YALI0B03124g,YALI0E05599g
YALI0B00924g,YALI0C05621g
YALI0B00924g,YALI0D09427g
YALI0B00924g,YALI0E23991g
YALI0B00924g,YALI0F05720g
YALI0B20944g,YALI0B13640g
YALI0B20944g,YALI0E11693g
YALI0B20944g,YALI0F03795g
YALI0B20944g,YALI0F30459g
YALI0B20328g,YALI0C02981g
YALI0B20328g,YALI0E31108g
YALI0D20460g,YALI0F17468g
YALI0D20680g,YALI0C06490g
YALI0D20680g,YALI0C11341g
YALI0D20680g,YALI0C12661g
YALI0E16973g,YALI0A10681g
YALI0E16973g,YALI0A19646g
YALI0E16973g,YALI0B07623g
YALI0E16973g,YALI0D17710g
YALI0E16973g,YALI0E10417g
YALI0E16973g,YALI0F13805g
YALI0E16973g,YALI0F15763g
YALI0D27236g,YALI0F25509g
YALI0B01342g,YALI0B08690g
YALI0C15554g,YALI0E04224g
YALI0C09904g,YALI0B14102g
YALI0C09904g,YALI0B21406g
YALI0C09904g,YALI0D15114g
YALI0C09904g,YALI0E16555g
YALI0C09904g,YALI0F05720g
YALI0E10373g,YALI0E33517g
YALI0E32813g,YALI0B21406g
YALI0E32813g,YALI0C12661g
YALI0E32813g,YALI0C21043g
YALI0E32813g,YALI0D22110g
YALI0E32813g,YALI0E15125g
YALI0E32813g,YALI0F09273g
YALI0E32813g,YALI0F11671g
YALI0D15114g,YALI0B14102g
YALI0D15114g,YALI0C07656g
YALI0D15114g,YALI0E16555g
YALI0E02684g,YALI0E05137g
YALI0B05874g,YALI0A19646g
YALI0B05874g,YALI0D12232g
YALI0B05874g,YALI0D17710g
YALI0B05874g,YALI0E10417g
YALI0B05874g,YALI0E34067g
YALI0B05874g,YALI0F13805g
YALI0F05654g,YALI0A19074g
YALI0E33429g,YALI0D20526g
YALI0F12837g,YALI0E19250g
YALI0F19844g,YALI0B01738g
YALI0F19844g,YALI0E05621g
YALI0D12232g,YALI0A19646g
YALI0D12232g,YALI0D17710g
YALI0D12232g,YALI0D26015g
YALI0D12232g,YALI0E10417g
YALI0D12232g,YALI0E34067g
YALI0D12232g,YALI0F13805g
YALI0D12232g,YALI0F15763g
YALI0D25014g,YALI0B03652g
YALI0D04092g,YALI0B21780g
YALI0D04092g,YALI0C16863g
YALI0D04092g,YALI0F17468g
YALI0E22088g,YALI0A00154g
YALI0E22088g,YALI0D20526g
YALI0E22088g,YALI0E05137g
YALI0E22088g,YALI0E05247g
YALI0E22088g,YALI0E05709g
YALI0E22088g,YALI0E19426g
YALI0E18788g,YALI0B21780g
YALI0E18788g,YALI0E05665g
YALI0E18788g,YALI0E11517g
YALI0B21406g,YALI0C05621g
YALI0B21406g,YALI0C21043g
YALI0B21406g,YALI0E16555g
YALI0B21406g,YALI0F05720g
YALI0B21406g,YALI0F08195g
YALI0B21406g,YALI0F09273g
YALI0A12177g,YALI0D12386g
YALI0A12177g,YALI0F09097g
YALI0E03036g,YALI0E15125g
YALI0E03036g,YALI0E17017g
YALI0C06864g,YALI0A09086g
YALI0B03630g,YALI0D08866g
YALI0E12463g,YALI0B21186g
YALI0E12463g,YALI0C07656g
YALI0E12463g,YALI0E05599g
YALI0F02255g,YALI0F25509g
YALI0F05720g,YALI0B14102g
YALI0F05720g,YALI0C05621g
YALI0F05720g,YALI0E05599g
YALI0F05720g,YALI0F09273g
YALI0E05247g,YALI0A00154g
YALI0E05247g,YALI0E05709g
YALI0E05247g,YALI0E19426g
YALI0E05247g,YALI0E32703g
YALI0F08415g,YALI0E07051g
YALI0F08415g,YALI0F04620g
YALI0E19426g,YALI0A00154g
YALI0E19426g,YALI0B13200g
YALI0E19426g,YALI0E05709g
YALI0E19426g,YALI0E32703g
YALI0E07810g,YALI0D09889g
YALI0B14102g,YALI0A19470g
YALI0B14102g,YALI0B13948g
YALI0B14102g,YALI0B15125g
YALI0B14102g,YALI0E05599g
YALI0D20526g,YALI0D27038g
YALI0B01738g,YALI0F22693g
YALI0C05621g,YALI0E23991g
YALI0B21780g,YALI0E05665g
YALI0D22638g,YALI0E28259g
YALI0D22638g,YALI0F25509g
YALI0D22638g,YALI0F30459g
YALI0C06776g,YALI0E30481g
YALI0E17677g,YALI0A06787g
YALI0B13948g,YALI0A19470g
YALI0B14509g,YALI0C12661g
YALI0B14509g,YALI0D22110g
YALI0F08701g,YALI0D19206g
YALI0E19294g,YALI0C02981g
YALI0E19294g,YALI0C10311g
YALI0E19294g,YALI0D00495g
YALI0E19294g,YALI0D19338g
YALI0E19294g,YALI0E05819g
YALI0C02409g,YALI0B21428g
YALI0B20878g,YALI0A19074g
YALI0E34067g,YALI0A10681g
YALI0E34067g,YALI0A19646g
YALI0E34067g,YALI0F13805g
YALI0B13640g,YALI0E05665g
YALI0D09889g,YALI0D09427g
YALI0A06787g,YALI0D06303g
YALI0A06787g,YALI0E17017g
YALI0D10813g,YALI0C11341g
YALI0E28237g,YALI0E05599g
YALI0E28237g,YALI0E11121g
YALI0C21043g,YALI0E04224g
YALI0C21043g,YALI0E15125g
YALI0C21043g,YALI0F08195g
YALI0C21043g,YALI0F11671g
YALI0F15763g,YALI0A19646g
YALI0F15763g,YALI0B07623g
YALI0F15763g,YALI0D17710g
YALI0F15763g,YALI0E10417g
YALI0F12287g,YALI0E34441g
YALI0E15125g,YALI0F11671g
YALI0F09273g,YALI0C12661g
YALI0F09273g,YALI0D22110g
YALI0D24816g,YALI0D12386g
YALI0E10417g,YALI0A19646g
YALI0E10417g,YALI0B07623g
YALI0E10417g,YALI0D17710g
YALI0D26015g,YALI0A10681g
YALI0D26015g,YALI0A19646g
YALI0D26015g,YALI0D17710g
YALI0D19338g,YALI0C02981g
YALI0D19338g,YALI0C10311g
YALI0D19338g,YALI0D02695g
YALI0A19470g,YALI0B15125g
YALI0A19470g,YALI0E05599g
YALI0C02981g,YALI0C10311g
YALI0C02981g,YALI0D00495g
YALI0C02981g,YALI0E05819g
YALI0C02981g,YALI0F18964g
YALI0E04532g,YALI0E26125g
YALI0C06490g,YALI0C11341g
YALI0A00154g,YALI0E05137g
YALI0A00154g,YALI0E05709g
YALI0F25509g,YALI0E28259g
YALI0F18964g,YALI0C10311g
YALI0F18964g,YALI0F16896g
YALI0E19558g,YALI0B21318g
YALI0E14487g,YALI0F26917g
YALI0F07216g,YALI0B17996g
YALI0E32703g,YALI0E05709g
YALI0C12661g,YALI0C11341g
YALI0C12661g,YALI0D22110g
YALI0E23991g,YALI0C07656g
YALI0A19074g,YALI0F14509g
YALI0C00275g,YALI0B05280g
YALI0A17281g,YALI0D09427g
YALI0F22693g,YALI0D20262g
YALI0D17710g,YALI0A19646g
YALI0E05137g,YALI0D06303g
YALI0E05137g,YALI0E05709g
YALI0E11693g,YALI0E33517g
YALI0F13805g,YALI0A10681g
YALI0F13805g,YALI0A19646g
YALI0B13090g,YALI0D00495g
YALI0A10681g,YALI0A19646g
YALI0B15125g,YALI0E05599g
YALI0E05599g,YALI0B21186g
YALI0E05599g,YALI0C07656g
YALI0E05599g,YALI0F01694g
YALI0E33517g,YALI0F17468g
YALI0D15092g,YALI0B05258g
YALI0E27093g,YALI0D06303g
YALI0E27093g,YALI0F29909g
YALI0D12386g,YALI0D09427g
YALI0D10131g,YALI0C07656g
YALI0D06303g,YALI0B21186g
YALI0D08228g,YALI0B16148g
YALI0E05819g,YALI0C10311g
YALI0E05819g,YALI0D00495g
YALI0C10311g,YALI0F16896g
YALI0E05709g,YALI0B13200g
