YALI0D07535g,YALI0C21516g
YALI0D07535g,YALI0D13574g
YALI0A05995g,YALI0A03641g
YALI0A05995g,YALI0F20262g
YALI0F22121g,YALI0B14619g
YALI0F22121g,YALI0E12573g
YALI0F22121g,YALI0E12595g
YALI0F22121g,YALI0F02607g
YALI0E18744g,YALI0C22044g
YALI0E18744g,YALI0E10153g
YALI0E18744g,YALI0E21527g
YALI0E18744g,YALI0E27390g
YALI0A14784g,YALI0A02915g
YALI0A14784g,YALI0A09438g
YALI0A14784g,YALI0B20372g
YALI0A14784g,YALI0D00737g
YALI0A14784g,YALI0D05467g
YALI0A14784g,YALI0D24585g
YALI0A14784g,YALI0E29667g
YALI0A14784g,YALI0F02123g
YALI0A14784g,YALI0F21219g
YALI0A20482g,YALI0A02431g
YALI0F00880g,YALI0E35046g
YALI0B16214g,YALI0B19800g
YALI0B16214g,YALI0D01243g
YALI0B16214g,YALI0F16511g
YALI0B21868g,YALI0B21846g
YALI0C02343g,YALI0B04422g
YALI0C02343g,YALI0F26587g
YALI0E17457g,YALI0D20592g
YALI0F02607g,YALI0C01859g
YALI0F02607g,YALI0E12573g
YALI0E06193g,YALI0C21890g
YALI0F02123g,YALI0A02651g
YALI0F02123g,YALI0A02915g
YALI0F02123g,YALI0A09438g
YALI0F02123g,YALI0B14861g
YALI0F02123g,YALI0B20372g
YALI0F02123g,YALI0D00737g
YALI0F02123g,YALI0D04939g
YALI0F02123g,YALI0D05467g
YALI0F02123g,YALI0D07216g
YALI0F02123g,YALI0D24585g
YALI0F02123g,YALI0E23089g
YALI0F02123g,YALI0E23749g
YALI0F02123g,YALI0E29667g
YALI0F02123g,YALI0F00924g
YALI0C18645g,YALI0B21824g
YALI0E24211g,YALI0F23177g
YALI0E20647g,YALI0E20625g
YALI0C03806g,YALI0B09625g
YALI0C03806g,YALI0C06325g
YALI0C03806g,YALI0E02354g
YALI0B14619g,YALI0B05456g
YALI0B14619g,YALI0B21824g
YALI0B14619g,YALI0B22550g
YALI0B14619g,YALI0D23815g
YALI0B14619g,YALI0E05313g
YALI0B14619g,YALI0E12573g
YALI0B14619g,YALI0E12595g
YALI0D05467g,YALI0A09438g
YALI0D05467g,YALI0B20372g
YALI0D05467g,YALI0D00737g
YALI0D05467g,YALI0D23397g
YALI0D05467g,YALI0E29667g
YALI0E23749g,YALI0A02651g
YALI0E23749g,YALI0A02915g
YALI0E23749g,YALI0A09438g
YALI0E23749g,YALI0A17946g
YALI0E23749g,YALI0A20680g
YALI0E23749g,YALI0B00792g
YALI0E23749g,YALI0B01540g
YALI0E23749g,YALI0B14861g
YALI0E23749g,YALI0B20372g
YALI0E23749g,YALI0D00737g
YALI0E23749g,YALI0D04939g
YALI0E23749g,YALI0D07216g
YALI0E23749g,YALI0D10274g
YALI0E23749g,YALI0D19030g
YALI0E23749g,YALI0D24585g
YALI0E23749g,YALI0E23089g
YALI0E23749g,YALI0E28424g
YALI0E23749g,YALI0E29667g
YALI0E23749g,YALI0F00924g
YALI0E23749g,YALI0F06061g
YALI0E23749g,YALI0F18359g
YALI0B04422g,YALI0F00418g
YALI0B04422g,YALI0F19448g
YALI0D23815g,YALI0B22550g
YALI0D23815g,YALI0C22121g
YALI0D23815g,YALI0D08690g
YALI0D23815g,YALI0E12573g
YALI0D23815g,YALI0E12595g
YALI0D23815g,YALI0E18502g
YALI0D23815g,YALI0F05038g
YALI0B01540g,YALI0A09438g
YALI0B01540g,YALI0B20372g
YALI0B01540g,YALI0B20658g
YALI0B01540g,YALI0D00737g
YALI0B01540g,YALI0D07216g
YALI0B01540g,YALI0E23089g
YALI0B01540g,YALI0E29667g
YALI0B01540g,YALI0F00924g
YALI0B01540g,YALI0F18359g
YALI0D01243g,YALI0B19800g
YALI0D01243g,YALI0E00308g
YALI0D20592g,YALI0C13002g
YALI0D20592g,YALI0D11396g
YALI0D20592g,YALI0E13728g
YALI0D20592g,YALI0F00242g
YALI0D08690g,YALI0C16049g
YALI0D08690g,YALI0C22121g
YALI0D08690g,YALI0E12573g
YALI0D08690g,YALI0E12595g
YALI0D08690g,YALI0E18502g
YALI0D08690g,YALI0F05038g
YALI0D08690g,YALI0F26587g
YALI0F27621g,YALI0E13508g
YALI0A00847g,YALI0C12595g
YALI0D14608g,YALI0E25091g
YALI0E06215g,YALI0A09438g
YALI0E06215g,YALI0B02222g
YALI0E06215g,YALI0B20658g
YALI0E06215g,YALI0D24970g
YALI0E06215g,YALI0F16071g
YALI0C09232g,YALI0B09625g
YALI0B00792g,YALI0A02651g
YALI0B00792g,YALI0A02915g
YALI0B00792g,YALI0A17946g
YALI0B00792g,YALI0A20680g
YALI0B00792g,YALI0B14861g
YALI0B00792g,YALI0B20372g
YALI0B00792g,YALI0D00737g
YALI0B00792g,YALI0D04939g
YALI0B00792g,YALI0D07216g
YALI0B00792g,YALI0D10274g
YALI0B00792g,YALI0D19030g
YALI0B00792g,YALI0E23089g
YALI0B00792g,YALI0E28424g
YALI0B00792g,YALI0E29667g
YALI0B00792g,YALI0F06061g
YALI0B00792g,YALI0F18359g
YALI0A20680g,YALI0A02651g
YALI0A20680g,YALI0A17946g
YALI0A20680g,YALI0B14861g
YALI0A20680g,YALI0D04939g
YALI0A20680g,YALI0D07216g
YALI0A20680g,YALI0D10274g
YALI0A20680g,YALI0D19030g
YALI0A20680g,YALI0E23089g
YALI0A20680g,YALI0E28424g
YALI0A20680g,YALI0F06061g
YALI0A20680g,YALI0F18359g
YALI0E26059g,YALI0B12628g
YALI0E26059g,YALI0E11363g
YALI0E26059g,YALI0F14377g
YALI0E02354g,YALI0B09625g
YALI0E02354g,YALI0C06325g
YALI0E19899g,YALI0C12595g
YALI0B20372g,YALI0A02915g
YALI0B20372g,YALI0A09438g
YALI0B20372g,YALI0D00737g
YALI0B20372g,YALI0D24585g
YALI0B20372g,YALI0E29667g
YALI0B20372g,YALI0F21219g
YALI0D11396g,YALI0D19954g
YALI0D11396g,YALI0E13728g
YALI0D11396g,YALI0F00902g
YALI0D11396g,YALI0F09878g
YALI0D11396g,YALI0F14245g
YALI0F20196g,YALI0B12628g
YALI0F20196g,YALI0C01969g
YALI0F20196g,YALI0D00737g
YALI0F20196g,YALI0F00924g
YALI0F16071g,YALI0B02222g
YALI0F16071g,YALI0E15686g
YALI0C04565g,YALI0B20658g
YALI0C04565g,YALI0D00737g
YALI0C04565g,YALI0D07216g
YALI0C04565g,YALI0E23089g
YALI0C04565g,YALI0F00924g
YALI0E02552g,YALI0E13728g
YALI0E35046g,YALI0A01089g
YALI0E35046g,YALI0F11121g
YALI0B09625g,YALI0C06325g
YALI0F23177g,YALI0B10758g
YALI0B20658g,YALI0A09438g
YALI0B20658g,YALI0D07216g
YALI0B20658g,YALI0F00924g
YALI0C21780g,YALI0C21789g
YALI0C08723g,YALI0D24970g
YALI0D24970g,YALI0A09438g
YALI0D24970g,YALI0B02222g
YALI0D24970g,YALI0D24585g
YALI0B22550g,YALI0B05456g
YALI0B22550g,YALI0E05313g
YALI0B22550g,YALI0E12573g
YALI0B22550g,YALI0E12595g
YALI0B22550g,YALI0F05038g
YALI0E27390g,YALI0E10153g
YALI0E27390g,YALI0E21527g
YALI0A09438g,YALI0B14861g
YALI0A09438g,YALI0D00737g
YALI0A09438g,YALI0D07216g
YALI0A09438g,YALI0D24585g
YALI0A09438g,YALI0E23089g
YALI0A09438g,YALI0E29667g
YALI0A09438g,YALI0F00924g
YALI0A09438g,YALI0F20504g
YALI0A09438g,YALI0F21219g
YALI0A09438g,YALI0F30987g
YALI0B12628g,YALI0D07216g
YALI0B12628g,YALI0D17600g
YALI0B12628g,YALI0F00924g
YALI0B12628g,YALI0F10945g
YALI0B12628g,YALI0F14377g
YALI0F05038g,YALI0C16049g
YALI0F05038g,YALI0E12573g
YALI0F05038g,YALI0E12595g
YALI0F05038g,YALI0E18502g
YALI0F05038g,YALI0F26587g
YALI0D10274g,YALI0A17946g
YALI0D10274g,YALI0D19030g
YALI0D10274g,YALI0E23089g
YALI0D10274g,YALI0E28424g
YALI0D10274g,YALI0F06061g
YALI0D10274g,YALI0F18359g
YALI0F20504g,YALI0D00737g
YALI0F20504g,YALI0F00924g
YALI0F20504g,YALI0F10615g
YALI0F20504g,YALI0F30987g
YALI0B19492g,YALI0E23474g
YALI0F30613g,YALI0E04246g
YALI0F26587g,YALI0C16049g
YALI0F26587g,YALI0E12573g
YALI0F26587g,YALI0E18502g
YALI0E13508g,YALI0E32637g
YALI0E13508g,YALI0F11121g
YALI0C21516g,YALI0A02607g
YALI0F14245g,YALI0B11770g
YALI0F14245g,YALI0D04763g
YALI0F14245g,YALI0D19954g
YALI0F14245g,YALI0E06545g
YALI0F14245g,YALI0E13728g
YALI0F14245g,YALI0F00902g
YALI0B20790g,YALI0F30591g
YALI0D23397g,YALI0C14806g
YALI0D23397g,YALI0D11374g
YALI0D23397g,YALI0F10945g
YALI0F07337g,YALI0F19448g
YALI0B02222g,YALI0E15686g
YALI0F06061g,YALI0A02651g
YALI0F06061g,YALI0A17946g
YALI0F06061g,YALI0B14861g
YALI0F06061g,YALI0D04939g
YALI0F06061g,YALI0D07216g
YALI0F06061g,YALI0D19030g
YALI0F06061g,YALI0E23089g
YALI0F06061g,YALI0E28424g
YALI0F06061g,YALI0F18359g
YALI0E32637g,YALI0F11121g
YALI0C03784g,YALI0D19954g
YALI0C03784g,YALI0F00902g
YALI0C03784g,YALI0F05104g
YALI0E12023g,YALI0C21692g
YALI0E29667g,YALI0A02651g
YALI0E29667g,YALI0A02915g
YALI0E29667g,YALI0B14861g
YALI0E29667g,YALI0D00737g
YALI0E29667g,YALI0D24585g
YALI0E29667g,YALI0E23089g
YALI0E29667g,YALI0F21219g
YALI0F21219g,YALI0D24585g
YALI0D04939g,YALI0A02651g
YALI0D04939g,YALI0A17946g
YALI0D04939g,YALI0B14861g
YALI0D04939g,YALI0D00737g
YALI0D04939g,YALI0D07216g
YALI0D04939g,YALI0D19030g
YALI0D04939g,YALI0E23089g
YALI0D04939g,YALI0F00924g
YALI0D04939g,YALI0F18359g
YALI0F01991g,YALI0B11770g
YALI0F01991g,YALI0D04763g
YALI0E12573g,YALI0E12595g
YALI0E12573g,YALI0E18502g
YALI0F05104g,YALI0F00902g
YALI0F05104g,YALI0F09878g
YALI0B05456g,YALI0B21824g
YALI0B05456g,YALI0E05313g
YALI0B05456g,YALI0E12595g
YALI0C22121g,YALI0D01001g
YALI0C22121g,YALI0E18502g
YALI0B21824g,YALI0E05313g
YALI0A02651g,YALI0A02915g
YALI0A02651g,YALI0A17946g
YALI0A02651g,YALI0B14861g
YALI0A02651g,YALI0D00737g
YALI0A02651g,YALI0D07216g
YALI0A02651g,YALI0D19030g
YALI0A02651g,YALI0D24585g
YALI0A02651g,YALI0E23089g
YALI0A02651g,YALI0E28424g
YALI0A02651g,YALI0F00924g
YALI0A02431g,YALI0F30789g
YALI0F09295g,YALI0F14377g
YALI0F09295g,YALI0F16049g
YALI0C21868g,YALI0C21890g
YALI0D00737g,YALI0A02915g
YALI0D00737g,YALI0B14861g
YALI0D00737g,YALI0D07216g
YALI0D00737g,YALI0D24585g
YALI0D00737g,YALI0E23089g
YALI0D00737g,YALI0F00924g
YALI0D00737g,YALI0F30987g
YALI0E25630g,YALI0D17600g
YALI0D07216g,YALI0A02915g
YALI0D07216g,YALI0A17946g
YALI0D07216g,YALI0B14861g
YALI0D07216g,YALI0D19030g
YALI0D07216g,YALI0E23089g
YALI0D07216g,YALI0F00924g
YALI0D07216g,YALI0F18359g
YALI0D04763g,YALI0D19954g
YALI0D04763g,YALI0F30011g
YALI0E25982g,YALI0D13574g
YALI0D19030g,YALI0A17946g
YALI0D19030g,YALI0B14861g
YALI0D19030g,YALI0E23089g
YALI0D19030g,YALI0E28424g
YALI0D19030g,YALI0F18359g
YALI0E00308g,YALI0B19800g
YALI0E00308g,YALI0D13574g
YALI0F30987g,YALI0C01969g
YALI0C10494g,YALI0C21604g
YALI0F10945g,YALI0C14806g
YALI0D24431g,YALI0B10736g
YALI0E13728g,YALI0F00902g
YALI0B14861g,YALI0A02915g
YALI0B14861g,YALI0A17946g
YALI0B14861g,YALI0D24585g
YALI0B14861g,YALI0E23089g
YALI0B14861g,YALI0F00924g
YALI0B14861g,YALI0F18359g
YALI0B11770g,YALI0E06545g
YALI0B11770g,YALI0F14377g
YALI0A17946g,YALI0E23089g
YALI0A17946g,YALI0F00924g
YALI0A17946g,YALI0F16049g
YALI0A17946g,YALI0F18359g
YALI0F09878g,YALI0D19954g
YALI0F09878g,YALI0F00902g
YALI0D01001g,YALI0E18502g
YALI0E18502g,YALI0C16049g
YALI0F00902g,YALI0D19954g
YALI0C21692g,YALI0B12144g
YALI0F00924g,YALI0E23089g
YALI0F00924g,YALI0F18359g
YALI0E31031g,YALI0A01089g
YALI0E05313g,YALI0E12595g
YALI0F14377g,YALI0E06545g
YALI0C06325g,YALI0E04620g
YALI0E02728g,YALI0F10615g
YALI0E23089g,YALI0A02915g
YALI0E23089g,YALI0D24585g
YALI0E23089g,YALI0F18359g
YALI0D17600g,YALI0F16049g
YALI0D24585g,YALI0A02915g
