YALI0E02442g,YALI0B18722g
YALI0E02442g,YALI0C00671g
YALI0E02442g,YALI0C16346g
YALI0E02442g,YALI0E01430g
YALI0E02442g,YALI0E12969g
YALI0E02442g,YALI0E25762g
YALI0E02442g,YALI0F21637g
YALI0E02442g,YALI0F26499g
YALI0E21934g,YALI0A21010g
YALI0E21934g,YALI0E29029g
YALI0E21934g,YALI0F09405g
YALI0B16918g,YALI0F26499g
YALI0E06519g,YALI0A17919g
YALI0E06519g,YALI0B03476g
YALI0E06519g,YALI0B04488g
YALI0E06519g,YALI0B12738g
YALI0E06519g,YALI0B13618g
YALI0E06519g,YALI0B19052g
YALI0E06519g,YALI0C06490g
YALI0E06519g,YALI0C08960g
YALI0E06519g,YALI0C16346g
YALI0E06519g,YALI0C18623g
YALI0E06519g,YALI0C21186g
YALI0E06519g,YALI0D05379g
YALI0E06519g,YALI0E11869g
YALI0E06519g,YALI0E24673g
YALI0E06519g,YALI0F08165g
YALI0E06519g,YALI0F13343g
YALI0E06519g,YALI0F15169g
YALI0E06519g,YALI0F16665g
YALI0E25762g,YALI0A00506g
YALI0E25762g,YALI0B03476g
YALI0E25762g,YALI0B17006g
YALI0E25762g,YALI0B18722g
YALI0E25762g,YALI0C00671g
YALI0E25762g,YALI0C04774g
YALI0E25762g,YALI0C16346g
YALI0E25762g,YALI0E01430g
YALI0E25762g,YALI0E11869g
YALI0E25762g,YALI0E11935g
YALI0E25762g,YALI0E24673g
YALI0E25762g,YALI0F04576g
YALI0E25762g,YALI0F21637g
YALI0F24783g,YALI0A20504g
YALI0F24783g,YALI0B03476g
YALI0F24783g,YALI0B12738g
YALI0F24783g,YALI0B17006g
YALI0F24783g,YALI0C08096g
YALI0F24783g,YALI0C08960g
YALI0F24783g,YALI0C16346g
YALI0F24783g,YALI0E07491g
YALI0F24783g,YALI0F06402g
YALI0F24783g,YALI0F07557g
YALI0F24783g,YALI0F21637g
YALI0A19206g,YALI0D13442g
YALI0E11869g,YALI0A17919g
YALI0E11869g,YALI0B03476g
YALI0E11869g,YALI0B17006g
YALI0E11869g,YALI0B18722g
YALI0E11869g,YALI0C00671g
YALI0E11869g,YALI0C08960g
YALI0E11869g,YALI0C16346g
YALI0E11869g,YALI0E01430g
YALI0E11869g,YALI0E24673g
YALI0E11869g,YALI0F08165g
YALI0E11869g,YALI0F16665g
YALI0E11869g,YALI0F21637g
YALI0C22187g,YALI0A02431g
YALI0C22187g,YALI0D12144g
YALI0E34170g,YALI0D08272g
YALI0E34170g,YALI0A03025g
YALI0E34170g,YALI0A19470g
YALI0E34170g,YALI0B02728g
YALI0E34170g,YALI0B14102g
YALI0E34170g,YALI0B15598g
YALI0E34170g,YALI0C09904g
YALI0E34170g,YALI0D00385g
YALI0E34170g,YALI0D04378g
YALI0E34170g,YALI0D07084g
YALI0E34170g,YALI0D07634g
YALI0E34170g,YALI0D13442g
YALI0E34170g,YALI0D16423g
YALI0E34170g,YALI0D23331g
YALI0E34170g,YALI0D27192g
YALI0E34170g,YALI0E01870g
YALI0E34170g,YALI0E03014g
YALI0E34170g,YALI0E05599g
YALI0E34170g,YALI0E21604g
YALI0E34170g,YALI0E33253g
YALI0E34170g,YALI0E33649g
YALI0E34170g,YALI0E34687g
YALI0E34170g,YALI0F15389g
YALI0E34170g,YALI0F18590g
YALI0E34170g,YALI0F22209g
YALI0B16822g,YALI0D06413g
YALI0B13618g,YALI0C18623g
YALI0B13618g,YALI0D23969g
YALI0B13618g,YALI0F06138g
YALI0B13618g,YALI0F15169g
YALI0B13618g,YALI0F16665g
YALI0B19668g,YALI0A09086g
YALI0B19668g,YALI0A09845g
YALI0B19668g,YALI0A18656g
YALI0B19668g,YALI0B06600g
YALI0B19668g,YALI0B19052g
YALI0B19668g,YALI0C04774g
YALI0B19668g,YALI0C11583g
YALI0B19668g,YALI0C21087g
YALI0B19668g,YALI0C23364g
YALI0B19668g,YALI0D06281g
YALI0B19668g,YALI0D06545g
YALI0B19668g,YALI0D07480g
YALI0B19668g,YALI0D13112g
YALI0B19668g,YALI0D27148g
YALI0B19668g,YALI0E01430g
YALI0B19668g,YALI0E02222g
YALI0B19668g,YALI0E05929g
YALI0B19668g,YALI0E06347g
YALI0B19668g,YALI0E15081g
YALI0B19668g,YALI0E25850g
YALI0B19668g,YALI0E33473g
YALI0B19668g,YALI0E34852g
YALI0B19668g,YALI0F01166g
YALI0B19668g,YALI0F07260g
YALI0B19668g,YALI0F15169g
YALI0B19668g,YALI0F26499g
YALI0E08617g,YALI0A09900g
YALI0E08617g,YALI0A10549g
YALI0E08617g,YALI0A11143g
YALI0E08617g,YALI0B02728g
YALI0E08617g,YALI0B03960g
YALI0E08617g,YALI0B10516g
YALI0E08617g,YALI0B14509g
YALI0E08617g,YALI0B21662g
YALI0E08617g,YALI0C02937g
YALI0E08617g,YALI0C07414g
YALI0E08617g,YALI0C08305g
YALI0E08617g,YALI0C12661g
YALI0E08617g,YALI0C21087g
YALI0E08617g,YALI0C23496g
YALI0E08617g,YALI0D00583g
YALI0E08617g,YALI0D05291g
YALI0E08617g,YALI0D06545g
YALI0E08617g,YALI0D07480g
YALI0E08617g,YALI0D12400g
YALI0E08617g,YALI0D20416g
YALI0E08617g,YALI0D22110g
YALI0E08617g,YALI0D25454g
YALI0E08617g,YALI0E01870g
YALI0E08617g,YALI0E11355g
YALI0E08617g,YALI0E16170g
YALI0E08617g,YALI0E21604g
YALI0E08617g,YALI0E27346g
YALI0E08617g,YALI0E29337g
YALI0E08617g,YALI0E29579g
YALI0E08617g,YALI0E32813g
YALI0E08617g,YALI0E34687g
YALI0E08617g,YALI0F01166g
YALI0E08617g,YALI0F05324g
YALI0E08617g,YALI0F15631g
YALI0E08617g,YALI0F16181g
YALI0E08617g,YALI0F18502g
YALI0E08617g,YALI0F20856g
YALI0E08617g,YALI0F22209g
YALI0C08960g,YALI0B03476g
YALI0C08960g,YALI0B12738g
YALI0C08960g,YALI0B17006g
YALI0C08960g,YALI0C16346g
YALI0C08960g,YALI0F08165g
YALI0C08960g,YALI0F13343g
YALI0E16038g,YALI0A10681g
YALI0E16038g,YALI0B19206g
YALI0E16038g,YALI0E07491g
YALI0E16038g,YALI0E28371g
YALI0E16038g,YALI0E29557g
YALI0E16038g,YALI0E34067g
YALI0E16038g,YALI0F08679g
YALI0E16038g,YALI0F23133g
YALI0E12441g,YALI0A02497g
YALI0E12441g,YALI0A02981g
YALI0E12441g,YALI0B03960g
YALI0E12441g,YALI0C02475g
YALI0E12441g,YALI0F02189g
YALI0E12441g,YALI0F30701g
YALI0A09020g,YALI0E02046g
YALI0A09284g,YALI0A20592g
YALI0E28787g,YALI0A11143g
YALI0E28787g,YALI0C07414g
YALI0E28787g,YALI0C22088g
YALI0E28787g,YALI0D07568g
YALI0E28787g,YALI0E04224g
YALI0F18590g,YALI0D07634g
YALI0F18590g,YALI0D22616g
YALI0F18590g,YALI0E05599g
YALI0C18623g,YALI0B02376g
YALI0A10747g,YALI0B10516g
YALI0A10747g,YALI0C09904g
YALI0A10747g,YALI0C14256g
YALI0A10747g,YALI0D07634g
YALI0A10747g,YALI0D11308g
YALI0A10747g,YALI0D12400g
YALI0A10747g,YALI0D16797g
YALI0A10747g,YALI0E01870g
YALI0F02167g,YALI0A10274g
YALI0F02167g,YALI0B16984g
YALI0F02167g,YALI0B18458g
YALI0F02167g,YALI0E04378g
YALI0F02167g,YALI0E05753g
YALI0F02167g,YALI0E31288g
YALI0F02167g,YALI0F08481g
YALI0E22781g,YALI0B09229g
YALI0E22781g,YALI0C14190g
YALI0E22781g,YALI0E26829g
YALI0E22781g,YALI0F02343g
YALI0E22781g,YALI0F04213g
YALI0E22781g,YALI0F04532g
YALI0E22781g,YALI0F22231g
YALI0D05291g,YALI0A02222g
YALI0D05291g,YALI0A09900g
YALI0D05291g,YALI0A10549g
YALI0D05291g,YALI0A11143g
YALI0D05291g,YALI0B02728g
YALI0D05291g,YALI0B03564g
YALI0D05291g,YALI0B10516g
YALI0D05291g,YALI0B14102g
YALI0D05291g,YALI0C02937g
YALI0D05291g,YALI0C09904g
YALI0D05291g,YALI0C19195g
YALI0D05291g,YALI0D00385g
YALI0D05291g,YALI0D12400g
YALI0D05291g,YALI0D22110g
YALI0D05291g,YALI0D23331g
YALI0D05291g,YALI0E01870g
YALI0D05291g,YALI0E16555g
YALI0D05291g,YALI0E21604g
YALI0D05291g,YALI0E27346g
YALI0D05291g,YALI0E29579g
YALI0D05291g,YALI0E32813g
YALI0D05291g,YALI0F22209g
YALI0A09900g,YALI0A10549g
YALI0A09900g,YALI0B02728g
YALI0A09900g,YALI0B03960g
YALI0A09900g,YALI0B10516g
YALI0A09900g,YALI0B21662g
YALI0A09900g,YALI0C02937g
YALI0A09900g,YALI0C11946g
YALI0A09900g,YALI0D00385g
YALI0A09900g,YALI0D04378g
YALI0A09900g,YALI0D12400g
YALI0A09900g,YALI0D16423g
YALI0A09900g,YALI0D22110g
YALI0A09900g,YALI0D23331g
YALI0A09900g,YALI0D25454g
YALI0A09900g,YALI0E01870g
YALI0A09900g,YALI0E03014g
YALI0A09900g,YALI0E15125g
YALI0A09900g,YALI0E21604g
YALI0A09900g,YALI0E29337g
YALI0A09900g,YALI0E29579g
YALI0A09900g,YALI0E32813g
YALI0A09900g,YALI0E33253g
YALI0A09900g,YALI0E34687g
YALI0A09900g,YALI0F14927g
YALI0A09900g,YALI0F15631g
YALI0A09900g,YALI0F16181g
YALI0A09900g,YALI0F20856g
YALI0A09900g,YALI0F22209g
YALI0A09900g,YALI0F31119g
YALI0A10010g,YALI0D07568g
YALI0A10010g,YALI0F05214g
YALI0A10010g,YALI0F09625g
YALI0E22220g,YALI0A09086g
YALI0E22220g,YALI0A09845g
YALI0E22220g,YALI0A18656g
YALI0E22220g,YALI0B05962g
YALI0E22220g,YALI0B13882g
YALI0E22220g,YALI0C06460g
YALI0E22220g,YALI0C10901g
YALI0E22220g,YALI0C11583g
YALI0E22220g,YALI0C17941g
YALI0E22220g,YALI0C18073g
YALI0E22220g,YALI0D08635g
YALI0E22220g,YALI0D10571g
YALI0E22220g,YALI0D13112g
YALI0E22220g,YALI0D27148g
YALI0E22220g,YALI0E05335g
YALI0E22220g,YALI0E06347g
YALI0E22220g,YALI0E33473g
YALI0E22220g,YALI0E34852g
YALI0E22220g,YALI0F07260g
YALI0E22220g,YALI0F13255g
YALI0E22220g,YALI0F16313g
YALI0E22220g,YALI0F18898g
YALI0E22220g,YALI0F20570g
YALI0F14509g,YALI0B05566g
YALI0F14509g,YALI0F15939g
YALI0F18502g,YALI0B10516g
YALI0F18502g,YALI0B20416g
YALI0F18502g,YALI0B21662g
YALI0F18502g,YALI0C02937g
YALI0F18502g,YALI0D04378g
YALI0F18502g,YALI0D04488g
YALI0F18502g,YALI0D07084g
YALI0F18502g,YALI0D12400g
YALI0F18502g,YALI0D23331g
YALI0F18502g,YALI0E03014g
YALI0F18502g,YALI0E34687g
YALI0F18502g,YALI0F05214g
YALI0F18502g,YALI0F15631g
YALI0B17930g,YALI0F03157g
YALI0B13882g,YALI0A09086g
YALI0B13882g,YALI0B05962g
YALI0B13882g,YALI0C10901g
YALI0B13882g,YALI0C17941g
YALI0B13882g,YALI0C18073g
YALI0B13882g,YALI0D10571g
YALI0B13882g,YALI0D13112g
YALI0B13882g,YALI0D27148g
YALI0B13882g,YALI0E05335g
YALI0B13882g,YALI0E06347g
YALI0B13882g,YALI0E33473g
YALI0B13882g,YALI0E34852g
YALI0B13882g,YALI0F04576g
YALI0B13882g,YALI0F07260g
YALI0B13882g,YALI0F13255g
YALI0B13882g,YALI0F20570g
YALI0D12584g,YALI0A01782g
YALI0D12584g,YALI0B03982g
YALI0D12584g,YALI0B14509g
YALI0D12584g,YALI0C14256g
YALI0D12584g,YALI0D00583g
YALI0D12584g,YALI0D06281g
YALI0D12584g,YALI0D20416g
YALI0D12584g,YALI0E16170g
YALI0D12584g,YALI0E27346g
YALI0D12584g,YALI0E32542g
YALI0D12584g,YALI0E32813g
YALI0D12584g,YALI0F01166g
YALI0D12584g,YALI0F03179g
YALI0D12584g,YALI0F03454g
YALI0D12584g,YALI0F04774g
YALI0D12584g,YALI0F05324g
YALI0D12584g,YALI0F19074g
YALI0B05874g,YALI0A00506g
YALI0B05874g,YALI0A17919g
YALI0B05874g,YALI0A19646g
YALI0B05874g,YALI0B03476g
YALI0B05874g,YALI0B04488g
YALI0B05874g,YALI0B12738g
YALI0B05874g,YALI0B14201g
YALI0B05874g,YALI0B16324g
YALI0B05874g,YALI0B19206g
YALI0B05874g,YALI0C03377g
YALI0B05874g,YALI0C07172g
YALI0B05874g,YALI0C08096g
YALI0B05874g,YALI0D07810g
YALI0B05874g,YALI0D12232g
YALI0B05874g,YALI0D17710g
YALI0B05874g,YALI0E00792g
YALI0B05874g,YALI0E07491g
YALI0B05874g,YALI0E10417g
YALI0B05874g,YALI0E29557g
YALI0B05874g,YALI0E34067g
YALI0B05874g,YALI0F07128g
YALI0B05874g,YALI0F07601g
YALI0B05874g,YALI0F13343g
YALI0B05874g,YALI0F13805g
YALI0B21186g,YALI0D13442g
YALI0B21186g,YALI0D27192g
YALI0B21186g,YALI0E05599g
YALI0A02288g,YALI0C02409g
YALI0F22231g,YALI0B14795g
YALI0F22231g,YALI0F02343g
YALI0F22231g,YALI0F05016g
YALI0C21934g,YALI0B16126g
YALI0C08371g,YALI0A17600g
YALI0C08371g,YALI0C03179g
YALI0C08371g,YALI0C13112g
YALI0C10901g,YALI0A18656g
YALI0C10901g,YALI0B10406g
YALI0C10901g,YALI0B19624g
YALI0C10901g,YALI0C06460g
YALI0C10901g,YALI0D10571g
YALI0C10901g,YALI0D13112g
YALI0C10901g,YALI0E05335g
YALI0C10901g,YALI0E20449g
YALI0C10901g,YALI0E34852g
YALI0C10901g,YALI0F04576g
YALI0C10901g,YALI0F07260g
YALI0C10901g,YALI0F20570g
YALI0C10901g,YALI0F26499g
YALI0F05016g,YALI0A17919g
YALI0F05016g,YALI0B14795g
YALI0F05016g,YALI0C13926g
YALI0F05016g,YALI0C15114g
YALI0F05016g,YALI0F04213g
YALI0A10549g,YALI0A11143g
YALI0A10549g,YALI0A17600g
YALI0A10549g,YALI0B03564g
YALI0A10549g,YALI0B10516g
YALI0A10549g,YALI0B18458g
YALI0A10549g,YALI0B21626g
YALI0A10549g,YALI0C02937g
YALI0A10549g,YALI0C23496g
YALI0A10549g,YALI0D00583g
YALI0A10549g,YALI0D04378g
YALI0A10549g,YALI0D06545g
YALI0A10549g,YALI0D12400g
YALI0A10549g,YALI0D20416g
YALI0A10549g,YALI0D22110g
YALI0A10549g,YALI0D25454g
YALI0A10549g,YALI0E01870g
YALI0A10549g,YALI0E07513g
YALI0A10549g,YALI0E10857g
YALI0A10549g,YALI0E11355g
YALI0A10549g,YALI0E16170g
YALI0A10549g,YALI0E17765g
YALI0A10549g,YALI0E21604g
YALI0A10549g,YALI0E29579g
YALI0A10549g,YALI0E31288g
YALI0A10549g,YALI0E31471g
YALI0A10549g,YALI0E32131g
YALI0A10549g,YALI0E32542g
YALI0A10549g,YALI0E32813g
YALI0A10549g,YALI0F03454g
YALI0A10549g,YALI0F05324g
YALI0A10549g,YALI0F14927g
YALI0A10549g,YALI0F15631g
YALI0A10549g,YALI0F20856g
YALI0C21692g,YALI0B12144g
YALI0C21692g,YALI0E12023g
YALI0A09086g,YALI0A09845g
YALI0A09086g,YALI0B05962g
YALI0A09086g,YALI0C06864g
YALI0A09086g,YALI0C11583g
YALI0A09086g,YALI0C17941g
YALI0A09086g,YALI0E06347g
YALI0A09086g,YALI0E33473g
YALI0A09086g,YALI0E34852g
YALI0A09086g,YALI0F07128g
YALI0A09086g,YALI0F07260g
YALI0A09086g,YALI0F13255g
YALI0A09086g,YALI0F17578g
YALI0E13706g,YALI0E21912g
YALI0E13706g,YALI0F11891g
YALI0F03454g,YALI0A01782g
YALI0F03454g,YALI0A07689g
YALI0F03454g,YALI0B06600g
YALI0F03454g,YALI0B11913g
YALI0F03454g,YALI0B14509g
YALI0F03454g,YALI0C12661g
YALI0F03454g,YALI0C13816g
YALI0F03454g,YALI0D02123g
YALI0F03454g,YALI0D06281g
YALI0F03454g,YALI0D20416g
YALI0F03454g,YALI0D25454g
YALI0F03454g,YALI0E07513g
YALI0F03454g,YALI0E16170g
YALI0F03454g,YALI0E16995g
YALI0F03454g,YALI0E29337g
YALI0F03454g,YALI0E29579g
YALI0F03454g,YALI0E32131g
YALI0F03454g,YALI0E32542g
YALI0F03454g,YALI0E32813g
YALI0F03454g,YALI0F01166g
YALI0F03454g,YALI0F02893g
YALI0F03454g,YALI0F03179g
YALI0F03454g,YALI0F04125g
YALI0F03454g,YALI0F04774g
YALI0F03454g,YALI0F05324g
YALI0F03454g,YALI0F14927g
YALI0F03454g,YALI0F19074g
YALI0F03454g,YALI0F19514g
YALI0A07403g,YALI0E04378g
YALI0A07403g,YALI0E32307g
YALI0A07403g,YALI0F08481g
YALI0E29029g,YALI0A02497g
YALI0E29029g,YALI0A21010g
YALI0F13211g,YALI0E12155g
YALI0F13211g,YALI0F00770g
YALI0F07557g,YALI0A19646g
YALI0F07557g,YALI0B03476g
YALI0F07557g,YALI0C03377g
YALI0F07557g,YALI0C08096g
YALI0F07557g,YALI0D17710g
YALI0F07557g,YALI0E10417g
YALI0F07557g,YALI0F02673g
YALI0F07557g,YALI0F06402g
YALI0F07557g,YALI0F08679g
YALI0F04125g,YALI0A07689g
YALI0F04125g,YALI0B12408g
YALI0A10681g,YALI0A19646g
YALI0A10681g,YALI0C03377g
YALI0A10681g,YALI0C08096g
YALI0A10681g,YALI0D07810g
YALI0A10681g,YALI0D08118g
YALI0A10681g,YALI0E00792g
YALI0A10681g,YALI0E07491g
YALI0A10681g,YALI0E28371g
YALI0A10681g,YALI0E29557g
YALI0A10681g,YALI0E34067g
YALI0A10681g,YALI0F13805g
YALI0C23496g,YALI0A11143g
YALI0C23496g,YALI0C12661g
YALI0C23496g,YALI0D00583g
YALI0C23496g,YALI0D12400g
YALI0C23496g,YALI0D22110g
YALI0C23496g,YALI0E21604g
YALI0C23496g,YALI0E29337g
YALI0C23496g,YALI0F01166g
YALI0D04466g,YALI0B11242g
YALI0F26156g,YALI0D18458g
YALI0F26156g,YALI0E07513g
YALI0B04840g,YALI0E19767g
YALI0D06435g,YALI0C02453g
YALI0D06435g,YALI0C17589g
YALI0D06435g,YALI0D05049g
YALI0A08536g,YALI0B06600g
YALI0A08536g,YALI0B21662g
YALI0A08536g,YALI0C12661g
YALI0A08536g,YALI0C23364g
YALI0A08536g,YALI0D06545g
YALI0A08536g,YALI0D22110g
YALI0A08536g,YALI0E05929g
YALI0A08536g,YALI0E26983g
YALI0A08536g,YALI0E32813g
YALI0A08536g,YALI0F01166g
YALI0A08536g,YALI0F14927g
YALI0A08536g,YALI0F31119g
YALI0F16181g,YALI0B02728g
YALI0F16181g,YALI0B10516g
YALI0F16181g,YALI0C09904g
YALI0F16181g,YALI0D04378g
YALI0F16181g,YALI0D07634g
YALI0F16181g,YALI0D16423g
YALI0F16181g,YALI0D23331g
YALI0F16181g,YALI0E16555g
YALI0F16181g,YALI0F22209g
YALI0F09603g,YALI0A01155g
YALI0F09603g,YALI0A09845g
YALI0F09603g,YALI0A18227g
YALI0F09603g,YALI0A18656g
YALI0F09603g,YALI0B10758g
YALI0F09603g,YALI0C06460g
YALI0F09603g,YALI0C11583g
YALI0F09603g,YALI0D03597g
YALI0F09603g,YALI0D13112g
YALI0F09603g,YALI0D24057g
YALI0F01056g,YALI0C01045g
YALI0A17919g,YALI0A00506g
YALI0A17919g,YALI0A18656g
YALI0A17919g,YALI0B19052g
YALI0A17919g,YALI0C04774g
YALI0A17919g,YALI0C06490g
YALI0A17919g,YALI0C15114g
YALI0A17919g,YALI0C16346g
YALI0A17919g,YALI0C21186g
YALI0A17919g,YALI0E01430g
YALI0A17919g,YALI0E02222g
YALI0A17919g,YALI0E20449g
YALI0A17919g,YALI0E24673g
YALI0A17919g,YALI0F15169g
YALI0E20449g,YALI0A00506g
YALI0E20449g,YALI0B05962g
YALI0E20449g,YALI0B10758g
YALI0E20449g,YALI0B14201g
YALI0E20449g,YALI0B16324g
YALI0E20449g,YALI0B17006g
YALI0E20449g,YALI0B19206g
YALI0E20449g,YALI0C06460g
YALI0E20449g,YALI0C13926g
YALI0E20449g,YALI0C15114g
YALI0E20449g,YALI0D03597g
YALI0E20449g,YALI0D13112g
YALI0E20449g,YALI0D27148g
YALI0E20449g,YALI0E21472g
YALI0E20449g,YALI0E24211g
YALI0E20449g,YALI0E34199g
YALI0E20449g,YALI0E34375g
YALI0E20449g,YALI0F04576g
YALI0E20449g,YALI0F07601g
YALI0E20449g,YALI0F23177g
YALI0D10835g,YALI0A09845g
YALI0D10835g,YALI0C06490g
YALI0D10835g,YALI0C06864g
YALI0D10835g,YALI0D07480g
YALI0D10835g,YALI0E33473g
YALI0F16665g,YALI0C06490g
YALI0F16665g,YALI0C16346g
YALI0F16665g,YALI0C21186g
YALI0F16665g,YALI0D05379g
YALI0F16665g,YALI0E01430g
YALI0F16665g,YALI0E24673g
YALI0F16665g,YALI0F15169g
YALI0D23793g,YALI0B08272g
YALI0D10571g,YALI0E05335g
YALI0D10571g,YALI0E06347g
YALI0D10571g,YALI0E34852g
YALI0D10571g,YALI0F07260g
YALI0A02222g,YALI0C09904g
YALI0A02222g,YALI0C23903g
YALI0A02222g,YALI0D00385g
YALI0A02222g,YALI0D22110g
YALI0A02222g,YALI0E21604g
YALI0A02222g,YALI0E29337g
YALI0A02222g,YALI0F22209g
YALI0C11341g,YALI0C06490g
YALI0C11341g,YALI0C12661g
YALI0C11341g,YALI0D10813g
YALI0C11341g,YALI0E05489g
YALI0C11341g,YALI0E27346g
YALI0C11341g,YALI0F04213g
YALI0C11341g,YALI0F15169g
YALI0B12144g,YALI0C01221g
YALI0B12144g,YALI0C21802g
YALI0E10857g,YALI0A03025g
YALI0E10857g,YALI0C02937g
YALI0E10857g,YALI0D04378g
YALI0E10857g,YALI0D07568g
YALI0E10857g,YALI0D16269g
YALI0E10857g,YALI0D23331g
YALI0E10857g,YALI0D25256g
YALI0E10857g,YALI0E03014g
YALI0E10857g,YALI0E10307g
YALI0E10857g,YALI0E11355g
YALI0E10857g,YALI0E21604g
YALI0E10857g,YALI0E29579g
YALI0E10857g,YALI0E31288g
YALI0E10857g,YALI0E33253g
YALI0E10857g,YALI0E34687g
YALI0E10857g,YALI0F05214g
YALI0E10857g,YALI0F09405g
YALI0E10857g,YALI0F15389g
YALI0E10857g,YALI0F15631g
YALI0E10857g,YALI0F20592g
YALI0E10857g,YALI0F22605g
YALI0D06281g,YALI0A09845g
YALI0D06281g,YALI0A11143g
YALI0D06281g,YALI0B11913g
YALI0D06281g,YALI0B19052g
YALI0D06281g,YALI0C11583g
YALI0D06281g,YALI0C21087g
YALI0D06281g,YALI0D00583g
YALI0D06281g,YALI0D06545g
YALI0D06281g,YALI0D13112g
YALI0D06281g,YALI0D20416g
YALI0D06281g,YALI0E15081g
YALI0D06281g,YALI0E16170g
YALI0D06281g,YALI0E17765g
YALI0D06281g,YALI0E32542g
YALI0D06281g,YALI0E33473g
YALI0D06281g,YALI0F01166g
YALI0D06281g,YALI0F04774g
YALI0D06281g,YALI0F05324g
YALI0D06281g,YALI0F07260g
YALI0D06281g,YALI0F13255g
YALI0D06281g,YALI0F18898g
YALI0A19426g,YALI0B05346g
YALI0E12969g,YALI0B06512g
YALI0E12969g,YALI0C16346g
YALI0E12969g,YALI0E01430g
YALI0E12969g,YALI0F07799g
YALI0E12969g,YALI0F21637g
YALI0E12969g,YALI0F26499g
YALI0D25278g,YALI0F09559g
YALI0D08932g,YALI0A18227g
YALI0D07480g,YALI0A09845g
YALI0D07480g,YALI0A11143g
YALI0D07480g,YALI0C02937g
YALI0D07480g,YALI0C07414g
YALI0D07480g,YALI0C08305g
YALI0D07480g,YALI0C21087g
YALI0D07480g,YALI0D00583g
YALI0D07480g,YALI0D06545g
YALI0D07480g,YALI0D12400g
YALI0D07480g,YALI0D17446g
YALI0D07480g,YALI0D27148g
YALI0D07480g,YALI0E11355g
YALI0D07480g,YALI0E27346g
YALI0D07480g,YALI0E33473g
YALI0D07480g,YALI0F02937g
YALI0D07480g,YALI0F15631g
YALI0D06545g,YALI0A09845g
YALI0D06545g,YALI0A11143g
YALI0D06545g,YALI0B03960g
YALI0D06545g,YALI0C02937g
YALI0D06545g,YALI0C21087g
YALI0D06545g,YALI0C23364g
YALI0D06545g,YALI0D00583g
YALI0D06545g,YALI0D11066g
YALI0D06545g,YALI0D22110g
YALI0D06545g,YALI0D25454g
YALI0D06545g,YALI0D27148g
YALI0D06545g,YALI0E05929g
YALI0D06545g,YALI0E11355g
YALI0D06545g,YALI0E15081g
YALI0D06545g,YALI0E17765g
YALI0D06545g,YALI0E31471g
YALI0D06545g,YALI0E32542g
YALI0D06545g,YALI0E32813g
YALI0D06545g,YALI0E33473g
YALI0D06545g,YALI0F01166g
YALI0D06545g,YALI0F05324g
YALI0D06545g,YALI0F14795g
YALI0D06545g,YALI0F15631g
YALI0D06545g,YALI0F18898g
YALI0D06545g,YALI0F20856g
YALI0D06545g,YALI0F30701g
YALI0F07216g,YALI0B17996g
YALI0B21662g,YALI0B03960g
YALI0B21662g,YALI0B10516g
YALI0B21662g,YALI0C02937g
YALI0B21662g,YALI0D12400g
YALI0B21662g,YALI0E05929g
YALI0B21662g,YALI0E07513g
YALI0B21662g,YALI0E16995g
YALI0B21662g,YALI0E29579g
YALI0B21662g,YALI0F01166g
YALI0D03480g,YALI0F04686g
YALI0D03480g,YALI0F30371g
YALI0F19514g,YALI0A01782g
YALI0F19514g,YALI0A07689g
YALI0F19514g,YALI0C13816g
YALI0F19514g,YALI0D20416g
YALI0F19514g,YALI0E32131g
YALI0F19514g,YALI0E32813g
YALI0F19514g,YALI0F05324g
YALI0D12232g,YALI0A00506g
YALI0D12232g,YALI0A19646g
YALI0D12232g,YALI0B03476g
YALI0D12232g,YALI0B12738g
YALI0D12232g,YALI0B16324g
YALI0D12232g,YALI0B19206g
YALI0D12232g,YALI0C03377g
YALI0D12232g,YALI0C07172g
YALI0D12232g,YALI0C08096g
YALI0D12232g,YALI0C21758g
YALI0D12232g,YALI0D07810g
YALI0D12232g,YALI0D17710g
YALI0D12232g,YALI0E00792g
YALI0D12232g,YALI0E07491g
YALI0D12232g,YALI0E10417g
YALI0D12232g,YALI0E34067g
YALI0D12232g,YALI0F13343g
YALI0D12232g,YALI0F13805g
YALI0D12232g,YALI0F15763g
YALI0C11946g,YALI0B02728g
YALI0C11946g,YALI0E34687g
YALI0D22110g,YALI0A11143g
YALI0D22110g,YALI0B10516g
YALI0D22110g,YALI0B14509g
YALI0D22110g,YALI0C02937g
YALI0D22110g,YALI0C12661g
YALI0D22110g,YALI0D12400g
YALI0D22110g,YALI0D25454g
YALI0D22110g,YALI0E21604g
YALI0D22110g,YALI0E27346g
YALI0D22110g,YALI0E29337g
YALI0D22110g,YALI0E29579g
YALI0D22110g,YALI0E32813g
YALI0D22110g,YALI0F01166g
YALI0D22110g,YALI0F05324g
YALI0D22110g,YALI0F22209g
YALI0D22110g,YALI0F31119g
YALI0D26510g,YALI0D08272g
YALI0D26510g,YALI0B08272g
YALI0C20911g,YALI0B09229g
YALI0C20911g,YALI0D24321g
YALI0E13420g,YALI0E30635g
YALI0E13420g,YALI0F02893g
YALI0D08338g,YALI0F30239g
YALI0D16885g,YALI0D01067g
YALI0D16885g,YALI0F06028g
YALI0B03982g,YALI0E26125g
YALI0B03982g,YALI0F03179g
YALI0D08272g,YALI0A19470g
YALI0D08272g,YALI0B08272g
YALI0D08272g,YALI0B14102g
YALI0D08272g,YALI0B15125g
YALI0D08272g,YALI0C23903g
YALI0D08272g,YALI0D00385g
YALI0D08272g,YALI0D08272g
YALI0D08272g,YALI0D13442g
YALI0D08272g,YALI0D16423g
YALI0D08272g,YALI0E05599g
YALI0D08272g,YALI0E33649g
YALI0D08272g,YALI0F22209g
YALI0C07172g,YALI0B03476g
YALI0C07172g,YALI0B04488g
YALI0C07172g,YALI0B12738g
YALI0C07172g,YALI0B16324g
YALI0C07172g,YALI0B19206g
YALI0C07172g,YALI0C03377g
YALI0C07172g,YALI0C08096g
YALI0C07172g,YALI0C21296g
YALI0C07172g,YALI0C21758g
YALI0C07172g,YALI0D17710g
YALI0C07172g,YALI0E00792g
YALI0C07172g,YALI0E07491g
YALI0C07172g,YALI0E10417g
YALI0C07172g,YALI0E29557g
YALI0C07172g,YALI0F13343g
YALI0C07172g,YALI0F15763g
YALI0C15114g,YALI0A00506g
YALI0C15114g,YALI0A18656g
YALI0C15114g,YALI0B10758g
YALI0C15114g,YALI0B14201g
YALI0C15114g,YALI0B17006g
YALI0C15114g,YALI0B19052g
YALI0C15114g,YALI0C06460g
YALI0C15114g,YALI0C13530g
YALI0C15114g,YALI0C13926g
YALI0C15114g,YALI0D03597g
YALI0C15114g,YALI0D13112g
YALI0C15114g,YALI0D27148g
YALI0C15114g,YALI0E01430g
YALI0C15114g,YALI0E24673g
YALI0C15114g,YALI0F04532g
YALI0C15114g,YALI0F04576g
YALI0C15114g,YALI0F15059g
YALI0C15114g,YALI0F15169g
YALI0F16313g,YALI0C11583g
YALI0F16313g,YALI0E32307g
YALI0C21494g,YALI0A07689g
YALI0C21494g,YALI0C13816g
YALI0C21494g,YALI0D20416g
YALI0C21494g,YALI0F19074g
YALI0C21494g,YALI0F30481g
YALI0F09537g,YALI0F09405g
YALI0A17512g,YALI0D19206g
YALI0D19206g,YALI0E32065g
YALI0D19206g,YALI0F08701g
YALI0D19206g,YALI0F30481g
YALI0B17226g,YALI0B16434g
YALI0B17226g,YALI0D04422g
YALI0B17226g,YALI0E03036g
YALI0B17226g,YALI0E11671g
YALI0B17226g,YALI0F14927g
YALI0B17226g,YALI0F24475g
YALI0F13805g,YALI0A19646g
YALI0F13805g,YALI0B04488g
YALI0F13805g,YALI0B16324g
YALI0F13805g,YALI0C03377g
YALI0F13805g,YALI0C08096g
YALI0F13805g,YALI0C21758g
YALI0F13805g,YALI0E00792g
YALI0F13805g,YALI0E07491g
YALI0F13805g,YALI0E29557g
YALI0F13805g,YALI0E34067g
YALI0F13805g,YALI0E34375g
YALI0C04389g,YALI0B10197g
YALI0C04389g,YALI0F25619g
YALI0C14256g,YALI0C09904g
YALI0C14256g,YALI0D11308g
YALI0C14256g,YALI0D20416g
YALI0C14256g,YALI0E19811g
YALI0C14256g,YALI0F19074g
YALI0C14256g,YALI0F19272g
YALI0F26499g,YALI0A09845g
YALI0F26499g,YALI0A18656g
YALI0F26499g,YALI0B19052g
YALI0F26499g,YALI0B19624g
YALI0F26499g,YALI0C04774g
YALI0F26499g,YALI0D13112g
YALI0F26499g,YALI0E01430g
YALI0F26499g,YALI0E15081g
YALI0F26499g,YALI0E33473g
YALI0F26499g,YALI0F04576g
YALI0F26499g,YALI0F15169g
YALI0F26499g,YALI0F21637g
YALI0C02453g,YALI0C12056g
YALI0C02453g,YALI0C17589g
YALI0E19767g,YALI0E30635g
YALI0E19767g,YALI0F21769g
YALI0E34199g,YALI0E24211g
YALI0E34199g,YALI0F23177g
YALI0B05566g,YALI0B02002g
YALI0B05566g,YALI0F15939g
YALI0F32153g,YALI0F00770g
YALI0B10428g,YALI0A18744g
YALI0B10428g,YALI0C16709g
YALI0B10428g,YALI0F17710g
YALI0B10428g,YALI0F18436g
YALI0C11583g,YALI0A09845g
YALI0C11583g,YALI0A18227g
YALI0C11583g,YALI0A18656g
YALI0C11583g,YALI0B14201g
YALI0C11583g,YALI0B19624g
YALI0C11583g,YALI0C06460g
YALI0C11583g,YALI0D03597g
YALI0C11583g,YALI0D13112g
YALI0C11583g,YALI0D27148g
YALI0C11583g,YALI0E05335g
YALI0C11583g,YALI0E17765g
YALI0C11583g,YALI0E34852g
YALI0C11583g,YALI0F07260g
YALI0C11583g,YALI0F13255g
YALI0C11583g,YALI0F18898g
YALI0B14509g,YALI0A07689g
YALI0B14509g,YALI0A11143g
YALI0B14509g,YALI0B19052g
YALI0B14509g,YALI0C12661g
YALI0B14509g,YALI0D20416g
YALI0B14509g,YALI0E27346g
YALI0B14509g,YALI0E29579g
YALI0B14509g,YALI0F01166g
YALI0B14509g,YALI0F05324g
YALI0B14509g,YALI0F19074g
YALI0F05214g,YALI0A01155g
YALI0F05214g,YALI0A02497g
YALI0F05214g,YALI0A21010g
YALI0F05214g,YALI0B20416g
YALI0F05214g,YALI0C02937g
YALI0F05214g,YALI0C07414g
YALI0F05214g,YALI0D04378g
YALI0F05214g,YALI0D07568g
YALI0F05214g,YALI0D11814g
YALI0F05214g,YALI0D23331g
YALI0F05214g,YALI0D25256g
YALI0F05214g,YALI0E03014g
YALI0F05214g,YALI0E11355g
YALI0F05214g,YALI0E31288g
YALI0F05214g,YALI0F09405g
YALI0F05214g,YALI0F13541g
YALI0F05214g,YALI0F15631g
YALI0F05214g,YALI0F20856g
YALI0D00583g,YALI0A01782g
YALI0D00583g,YALI0A09845g
YALI0D00583g,YALI0A11143g
YALI0D00583g,YALI0B10516g
YALI0D00583g,YALI0C02937g
YALI0D00583g,YALI0C07414g
YALI0D00583g,YALI0C08305g
YALI0D00583g,YALI0C21087g
YALI0D00583g,YALI0D12400g
YALI0D00583g,YALI0D25454g
YALI0D00583g,YALI0E11355g
YALI0D00583g,YALI0E16170g
YALI0D00583g,YALI0E27346g
YALI0D00583g,YALI0E29579g
YALI0D00583g,YALI0E32542g
YALI0D00583g,YALI0E32813g
YALI0D00583g,YALI0F01166g
YALI0D00583g,YALI0F04774g
YALI0D00583g,YALI0F05324g
YALI0D00583g,YALI0F15631g
YALI0D00583g,YALI0F20856g
YALI0E12155g,YALI0D09086g
YALI0E12155g,YALI0F15367g
YALI0E05335g,YALI0A09845g
YALI0E05335g,YALI0A18656g
YALI0E05335g,YALI0B19624g
YALI0E05335g,YALI0D03597g
YALI0E05335g,YALI0D13112g
YALI0E05335g,YALI0D27148g
YALI0E05335g,YALI0E06347g
YALI0E05335g,YALI0E33473g
YALI0E05335g,YALI0E34852g
YALI0E05335g,YALI0F04576g
YALI0E05335g,YALI0F07260g
YALI0E05335g,YALI0F18898g
YALI0E05335g,YALI0F20570g
YALI0C23364g,YALI0A20922g
YALI0C23364g,YALI0B03960g
YALI0C23364g,YALI0B06600g
YALI0C23364g,YALI0D11066g
YALI0C23364g,YALI0E05929g
YALI0C23364g,YALI0E15081g
YALI0C23364g,YALI0E26983g
YALI0C23364g,YALI0E33473g
YALI0E03190g,YALI0B11440g
YALI0E03190g,YALI0C05819g
YALI0E03190g,YALI0E32307g
YALI0E03190g,YALI0F14795g
YALI0B04312g,YALI0B09273g
YALI0E26983g,YALI0A20922g
YALI0E26983g,YALI0B03960g
YALI0E26983g,YALI0D11066g
YALI0E26983g,YALI0E05929g
YALI0C21802g,YALI0A02431g
YALI0C21802g,YALI0A20482g
YALI0C21802g,YALI0C01221g
YALI0F18436g,YALI0A18744g
YALI0F18436g,YALI0C16709g
YALI0A03025g,YALI0B10516g
YALI0A03025g,YALI0B20240g
YALI0A03025g,YALI0D04378g
YALI0A03025g,YALI0D07084g
YALI0A03025g,YALI0D23331g
YALI0A03025g,YALI0E01870g
YALI0A03025g,YALI0E03014g
YALI0A03025g,YALI0E11671g
YALI0A03025g,YALI0E33253g
YALI0A03025g,YALI0F00836g
YALI0A03025g,YALI0F15389g
YALI0D07568g,YALI0A21010g
YALI0D07568g,YALI0B20416g
YALI0D07568g,YALI0C07414g
YALI0D07568g,YALI0D04378g
YALI0D07568g,YALI0D23331g
YALI0D07568g,YALI0D25256g
YALI0D07568g,YALI0E11355g
YALI0D07568g,YALI0E31288g
YALI0D07568g,YALI0F09625g
YALI0D07568g,YALI0F14267g
YALI0D07568g,YALI0F15631g
YALI0D07568g,YALI0F20592g
YALI0E32131g,YALI0B12408g
YALI0E32131g,YALI0B13156g
YALI0E32131g,YALI0B16434g
YALI0E32131g,YALI0B18458g
YALI0E32131g,YALI0B21340g
YALI0E32131g,YALI0B21626g
YALI0E32131g,YALI0C13816g
YALI0E32131g,YALI0D02123g
YALI0E32131g,YALI0D25454g
YALI0E32131g,YALI0E05753g
YALI0E32131g,YALI0E07513g
YALI0E32131g,YALI0E16170g
YALI0E32131g,YALI0E16995g
YALI0E32131g,YALI0E32542g
YALI0E32131g,YALI0F05324g
YALI0E32131g,YALI0F14927g
YALI0E32131g,YALI0F21769g
YALI0E32131g,YALI0F30701g
YALI0F05324g,YALI0A01782g
YALI0F05324g,YALI0A07689g
YALI0F05324g,YALI0A11143g
YALI0F05324g,YALI0B06600g
YALI0F05324g,YALI0B10516g
YALI0F05324g,YALI0C12661g
YALI0F05324g,YALI0D02123g
YALI0F05324g,YALI0D12400g
YALI0F05324g,YALI0D20416g
YALI0F05324g,YALI0D25454g
YALI0F05324g,YALI0E16170g
YALI0F05324g,YALI0E16995g
YALI0F05324g,YALI0E27346g
YALI0F05324g,YALI0E29337g
YALI0F05324g,YALI0E29579g
YALI0F05324g,YALI0E32542g
YALI0F05324g,YALI0E32813g
YALI0F05324g,YALI0F01166g
YALI0F05324g,YALI0F19074g
YALI0E33253g,YALI0B13156g
YALI0E33253g,YALI0B21340g
YALI0E33253g,YALI0C23947g
YALI0E33253g,YALI0D00385g
YALI0E33253g,YALI0D04378g
YALI0E33253g,YALI0D13442g
YALI0E33253g,YALI0D25454g
YALI0E33253g,YALI0E01870g
YALI0E33253g,YALI0E03014g
YALI0E33253g,YALI0E21604g
YALI0E33253g,YALI0E33649g
YALI0E33253g,YALI0E34687g
YALI0E33253g,YALI0F14927g
YALI0E33253g,YALI0F15389g
YALI0E33253g,YALI0F20856g
YALI0E33253g,YALI0F22209g
YALI0C13112g,YALI0A17985g
YALI0C13112g,YALI0C02475g
YALI0C13112g,YALI0C03179g
YALI0C13112g,YALI0E17655g
YALI0C13112g,YALI0F30701g
YALI0E26829g,YALI0F04532g
YALI0F04774g,YALI0A01782g
YALI0F04774g,YALI0B11913g
YALI0F04774g,YALI0E07513g
YALI0F04774g,YALI0E16170g
YALI0F04774g,YALI0E17765g
YALI0F04774g,YALI0E32542g
YALI0B21626g,YALI0B03960g
YALI0B21626g,YALI0B12408g
YALI0B21626g,YALI0B13156g
YALI0B21626g,YALI0B21340g
YALI0B21626g,YALI0C02475g
YALI0B21626g,YALI0C02937g
YALI0B21626g,YALI0C23947g
YALI0B21626g,YALI0D25454g
YALI0B21626g,YALI0E07513g
YALI0B21626g,YALI0E15125g
YALI0B21626g,YALI0E17655g
YALI0B21626g,YALI0E17765g
YALI0B21626g,YALI0E29579g
YALI0B21626g,YALI0E31288g
YALI0B21626g,YALI0F13541g
YALI0B21626g,YALI0F14927g
YALI0B21626g,YALI0F20856g
YALI0B21626g,YALI0F30701g
YALI0F06402g,YALI0B03476g
YALI0F06402g,YALI0C08096g
YALI0F06402g,YALI0D07810g
YALI0F06402g,YALI0D11088g
YALI0F06402g,YALI0E10417g
YALI0F06402g,YALI0E11935g
YALI0F06402g,YALI0F02673g
YALI0F06402g,YALI0F15763g
YALI0B15125g,YALI0A19470g
YALI0B15125g,YALI0B14102g
YALI0B15125g,YALI0E05599g
YALI0F15367g,YALI0F20020g
YALI0B03564g,YALI0A11143g
YALI0B03564g,YALI0E11355g
YALI0B03564g,YALI0E21604g
YALI0D13706g,YALI0D13442g
YALI0D13706g,YALI0D14630g
YALI0D13706g,YALI0D27192g
YALI0D13706g,YALI0E33649g
YALI0D13706g,YALI0F00836g
YALI0D13706g,YALI0F20790g
YALI0F17710g,YALI0B12100g
YALI0F17710g,YALI0D23463g
YALI0D14586g,YALI0E11847g
YALI0C02475g,YALI0B12408g
YALI0C02475g,YALI0B13156g
YALI0C02475g,YALI0B21340g
YALI0C02475g,YALI0C23947g
YALI0C02475g,YALI0D01606g
YALI0C02475g,YALI0D04422g
YALI0C02475g,YALI0E17655g
YALI0C02475g,YALI0E26895g
YALI0C02475g,YALI0F30701g
YALI0E11935g,YALI0B17006g
YALI0E11935g,YALI0C00671g
YALI0E11935g,YALI0C23925g
YALI0E11935g,YALI0F21637g
YALI0F09559g,YALI0E33774g
YALI0C06460g,YALI0A00506g
YALI0C06460g,YALI0A18227g
YALI0C06460g,YALI0A18656g
YALI0C06460g,YALI0B10758g
YALI0C06460g,YALI0B14201g
YALI0C06460g,YALI0B16324g
YALI0C06460g,YALI0C13926g
YALI0C06460g,YALI0D03597g
YALI0C06460g,YALI0D13112g
YALI0C06460g,YALI0D27148g
YALI0C06460g,YALI0E21472g
YALI0C06460g,YALI0E34375g
YALI0C06460g,YALI0F07260g
YALI0C06460g,YALI0F23177g
YALI0F01166g,YALI0A01782g
YALI0F01166g,YALI0A07689g
YALI0F01166g,YALI0A09845g
YALI0F01166g,YALI0B06600g
YALI0F01166g,YALI0B19052g
YALI0F01166g,YALI0C08305g
YALI0F01166g,YALI0C12661g
YALI0F01166g,YALI0C13816g
YALI0F01166g,YALI0C21087g
YALI0F01166g,YALI0D12400g
YALI0F01166g,YALI0D20416g
YALI0F01166g,YALI0E15081g
YALI0F01166g,YALI0E29337g
YALI0F01166g,YALI0E32813g
YALI0F01166g,YALI0E33473g
YALI0F01166g,YALI0F15169g
YALI0F01166g,YALI0F19074g
YALI0E28371g,YALI0A18227g
YALI0E28371g,YALI0E07491g
YALI0E28371g,YALI0F08679g
YALI0E17105g,YALI0D27258g
YALI0E03586g,YALI0B16126g
YALI0E03586g,YALI0C06369g
YALI0E03586g,YALI0C13926g
YALI0B18722g,YALI0B17006g
YALI0B18722g,YALI0C00671g
YALI0B18722g,YALI0C16346g
YALI0B18722g,YALI0E01430g
YALI0B18722g,YALI0F04576g
YALI0B18722g,YALI0F21637g
YALI0F06600g,YALI0F15059g
YALI0B19206g,YALI0A00506g
YALI0B19206g,YALI0A19646g
YALI0B19206g,YALI0B14201g
YALI0B19206g,YALI0B16324g
YALI0B19206g,YALI0C03377g
YALI0B19206g,YALI0C08096g
YALI0B19206g,YALI0D17710g
YALI0B19206g,YALI0E07491g
YALI0B19206g,YALI0E34067g
YALI0B19206g,YALI0E34375g
YALI0B19206g,YALI0F07601g
YALI0B19206g,YALI0F13343g
YALI0E01870g,YALI0A19470g
YALI0E01870g,YALI0B02728g
YALI0E01870g,YALI0B10516g
YALI0E01870g,YALI0B13156g
YALI0E01870g,YALI0B14102g
YALI0E01870g,YALI0B21340g
YALI0E01870g,YALI0C09904g
YALI0E01870g,YALI0D00385g
YALI0E01870g,YALI0D04378g
YALI0E01870g,YALI0D07084g
YALI0E01870g,YALI0D12400g
YALI0E01870g,YALI0D13442g
YALI0E01870g,YALI0D16423g
YALI0E01870g,YALI0D16797g
YALI0E01870g,YALI0D23331g
YALI0E01870g,YALI0D25454g
YALI0E01870g,YALI0E03014g
YALI0E01870g,YALI0E05599g
YALI0E01870g,YALI0E11671g
YALI0E01870g,YALI0E21604g
YALI0E01870g,YALI0E29337g
YALI0E01870g,YALI0E29579g
YALI0E01870g,YALI0E30635g
YALI0E01870g,YALI0E33649g
YALI0E01870g,YALI0E34687g
YALI0E01870g,YALI0F14927g
YALI0E01870g,YALI0F15389g
YALI0E01870g,YALI0F20856g
YALI0E01870g,YALI0F22209g
YALI0F15389g,YALI0B02728g
YALI0F15389g,YALI0B15598g
YALI0F15389g,YALI0B20240g
YALI0F15389g,YALI0C23947g
YALI0F15389g,YALI0D04378g
YALI0F15389g,YALI0D04488g
YALI0F15389g,YALI0D07084g
YALI0F15389g,YALI0D23331g
YALI0F15389g,YALI0E03014g
YALI0F15389g,YALI0E10307g
YALI0F15389g,YALI0E34687g
YALI0F15389g,YALI0F22605g
YALI0C21186g,YALI0E24673g
YALI0C21186g,YALI0F04213g
YALI0C21186g,YALI0F13343g
YALI0E21912g,YALI0A17985g
YALI0E21912g,YALI0D11066g
YALI0E21912g,YALI0F11891g
YALI0E21912g,YALI0F14795g
YALI0E21912g,YALI0F30701g
YALI0E16995g,YALI0B03960g
YALI0E16995g,YALI0B06600g
YALI0E16995g,YALI0B12408g
YALI0E16995g,YALI0B13156g
YALI0E16995g,YALI0B16434g
YALI0E16995g,YALI0B21340g
YALI0E16995g,YALI0D04422g
YALI0E16995g,YALI0D04554g
YALI0E16995g,YALI0D25454g
YALI0E16995g,YALI0E03036g
YALI0E16995g,YALI0E05929g
YALI0E16995g,YALI0E15125g
YALI0E16995g,YALI0E16170g
YALI0E16995g,YALI0E17655g
YALI0E16995g,YALI0E30635g
YALI0E16995g,YALI0F02893g
YALI0E16995g,YALI0F14927g
YALI0E16995g,YALI0F30701g
YALI0B10516g,YALI0A11143g
YALI0B10516g,YALI0B02728g
YALI0B10516g,YALI0C02937g
YALI0B10516g,YALI0C09904g
YALI0B10516g,YALI0D00385g
YALI0B10516g,YALI0D04378g
YALI0B10516g,YALI0D07084g
YALI0B10516g,YALI0D07634g
YALI0B10516g,YALI0D12400g
YALI0B10516g,YALI0D16423g
YALI0B10516g,YALI0D16797g
YALI0B10516g,YALI0D23331g
YALI0B10516g,YALI0D25454g
YALI0B10516g,YALI0E03014g
YALI0B10516g,YALI0E15125g
YALI0B10516g,YALI0E16170g
YALI0B10516g,YALI0E21604g
YALI0B10516g,YALI0E27346g
YALI0B10516g,YALI0E29337g
YALI0B10516g,YALI0E29579g
YALI0B10516g,YALI0E32813g
YALI0B10516g,YALI0E34687g
YALI0B10516g,YALI0F00836g
YALI0B10516g,YALI0F15631g
YALI0B10516g,YALI0F20856g
YALI0B10516g,YALI0F22209g
YALI0C16709g,YALI0A18744g
YALI0E05599g,YALI0A19470g
YALI0E05599g,YALI0B08272g
YALI0E05599g,YALI0B14102g
YALI0E05599g,YALI0D00385g
YALI0E05599g,YALI0D13442g
YALI0E05599g,YALI0D16423g
YALI0E05599g,YALI0D27192g
YALI0E05599g,YALI0E33649g
YALI0D16269g,YALI0A11143g
YALI0D16269g,YALI0C08305g
YALI0D16269g,YALI0D12400g
YALI0C03179g,YALI0A17600g
YALI0C03179g,YALI0B13156g
YALI0C03179g,YALI0F30701g
YALI0D24057g,YALI0A01155g
YALI0F31119g,YALI0E30635g
YALI0F31119g,YALI0F21681g
YALI0E13211g,YALI0A17985g
YALI0E33649g,YALI0A19470g
YALI0E33649g,YALI0B08272g
YALI0E33649g,YALI0B14102g
YALI0E33649g,YALI0C09904g
YALI0E33649g,YALI0D00385g
YALI0E33649g,YALI0D07084g
YALI0E33649g,YALI0D13442g
YALI0E33649g,YALI0D16423g
YALI0E33649g,YALI0E03014g
YALI0E33649g,YALI0E11671g
YALI0E33649g,YALI0E30635g
YALI0E33649g,YALI0F22209g
YALI0E17677g,YALI0D14454g
YALI0A10274g,YALI0A21010g
YALI0A10274g,YALI0B16984g
YALI0A10274g,YALI0D11066g
YALI0A10274g,YALI0E04378g
YALI0A10274g,YALI0E31288g
YALI0A10274g,YALI0E32307g
YALI0A10274g,YALI0F14795g
YALI0A10274g,YALI0F15631g
YALI0A10274g,YALI0F18898g
YALI0A10274g,YALI0F30701g
YALI0E26895g,YALI0C23947g
YALI0E26895g,YALI0D01606g
YALI0E26895g,YALI0E29205g
YALI0E26895g,YALI0F30701g
YALI0C21087g,YALI0A09845g
YALI0C21087g,YALI0A11143g
YALI0C21087g,YALI0A18656g
YALI0C21087g,YALI0C02937g
YALI0C21087g,YALI0C07414g
YALI0C21087g,YALI0C08305g
YALI0C21087g,YALI0D11066g
YALI0C21087g,YALI0D12400g
YALI0C21087g,YALI0D13112g
YALI0C21087g,YALI0D27148g
YALI0C21087g,YALI0E11355g
YALI0C21087g,YALI0E15081g
YALI0C21087g,YALI0E17765g
YALI0C21087g,YALI0E27346g
YALI0C21087g,YALI0E33473g
YALI0C21087g,YALI0F15631g
YALI0C21087g,YALI0F18898g
YALI0B12408g,YALI0E17655g
YALI0B12408g,YALI0F30701g
YALI0C00671g,YALI0F21637g
YALI0C19624g,YALI0E07513g
YALI0C19624g,YALI0E20735g
YALI0C19624g,YALI0F13541g
YALI0F14927g,YALI0A17600g
YALI0F14927g,YALI0B03960g
YALI0F14927g,YALI0B13156g
YALI0F14927g,YALI0B16434g
YALI0F14927g,YALI0B21340g
YALI0F14927g,YALI0C23947g
YALI0F14927g,YALI0D04422g
YALI0F14927g,YALI0D25454g
YALI0F14927g,YALI0E03036g
YALI0F14927g,YALI0E15125g
YALI0F14927g,YALI0E30635g
YALI0F14927g,YALI0F02893g
YALI0F14927g,YALI0F20856g
YALI0F14927g,YALI0F24475g
YALI0F14927g,YALI0F30701g
YALI0B06600g,YALI0C12661g
YALI0B06600g,YALI0C13816g
YALI0B06600g,YALI0E05929g
YALI0B06600g,YALI0E15081g
YALI0F04400g,YALI0F13541g
YALI0D11044g,YALI0E04136g
YALI0A21010g,YALI0A01155g
YALI0A21010g,YALI0B11440g
YALI0A21010g,YALI0C02937g
YALI0A21010g,YALI0C07414g
YALI0A21010g,YALI0D03597g
YALI0A21010g,YALI0D11814g
YALI0A21010g,YALI0E11355g
YALI0A21010g,YALI0E31288g
YALI0A21010g,YALI0E32307g
YALI0A21010g,YALI0F09405g
YALI0A21010g,YALI0F09625g
YALI0A21010g,YALI0F15631g
YALI0A21010g,YALI0F18898g
YALI0F23133g,YALI0E07491g
YALI0D13442g,YALI0A19470g
YALI0D13442g,YALI0B13156g
YALI0D13442g,YALI0B21340g
YALI0D13442g,YALI0D00385g
YALI0D13442g,YALI0D27192g
YALI0D13442g,YALI0E03036g
YALI0D13442g,YALI0E11671g
YALI0D13442g,YALI0E30635g
YALI0D13442g,YALI0F02145g
YALI0B18458g,YALI0A17600g
YALI0B18458g,YALI0C02937g
YALI0B18458g,YALI0C23947g
YALI0B18458g,YALI0D01606g
YALI0B18458g,YALI0D25454g
YALI0B18458g,YALI0E16170g
YALI0B18458g,YALI0F20856g
YALI0B18458g,YALI0F30701g
YALI0E15125g,YALI0B03960g
YALI0E15125g,YALI0B13156g
YALI0E15125g,YALI0B21340g
YALI0E15125g,YALI0C02937g
YALI0E15125g,YALI0C23947g
YALI0E15125g,YALI0D04554g
YALI0E15125g,YALI0D07084g
YALI0E15125g,YALI0D25454g
YALI0E15125g,YALI0E03036g
YALI0E15125g,YALI0E11671g
YALI0E15125g,YALI0E16170g
YALI0E15125g,YALI0E32813g
YALI0E15125g,YALI0E34687g
YALI0E15125g,YALI0F02893g
YALI0E15125g,YALI0F20856g
YALI0E15125g,YALI0F30701g
YALI0F00836g,YALI0D07084g
YALI0F00836g,YALI0D10131g
YALI0F00836g,YALI0E11671g
YALI0F09625g,YALI0D03597g
YALI0F09625g,YALI0E19657g
YALI0F09625g,YALI0E32175g
YALI0D07084g,YALI0C23947g
YALI0D07084g,YALI0D04378g
YALI0D07084g,YALI0D23331g
YALI0D07084g,YALI0E03014g
YALI0D07084g,YALI0E11671g
YALI0D07084g,YALI0E34687g
YALI0D08118g,YALI0E29557g
YALI0D11880g,YALI0B13354g
YALI0D11880g,YALI0C19129g
YALI0F02673g,YALI0D11088g
YALI0F02673g,YALI0E10417g
YALI0B12738g,YALI0A00506g
YALI0B12738g,YALI0B03476g
YALI0B12738g,YALI0B04488g
YALI0B12738g,YALI0B16324g
YALI0B12738g,YALI0B17006g
YALI0B12738g,YALI0C08096g
YALI0B12738g,YALI0C16346g
YALI0B12738g,YALI0C21758g
YALI0B12738g,YALI0D07810g
YALI0B12738g,YALI0D17710g
YALI0B12738g,YALI0E10417g
YALI0B12738g,YALI0F13343g
YALI0F12793g,YALI0C16841g
YALI0F30371g,YALI0F09746g
YALI0D18458g,YALI0E07513g
YALI0B15752g,YALI0B14795g
YALI0A01155g,YALI0D03597g
YALI0A01155g,YALI0D04312g
YALI0A01155g,YALI0E29579g
YALI0E24651g,YALI0C16863g
YALI0E24651g,YALI0D04092g
YALI0E24651g,YALI0E05665g
YALI0B11913g,YALI0E32542g
YALI0F04213g,YALI0F15169g
YALI0E32175g,YALI0B16126g
YALI0E32175g,YALI0E19657g
YALI0E22847g,YALI0D15304g
YALI0F02893g,YALI0B13156g
YALI0F02893g,YALI0B21340g
YALI0F02893g,YALI0D04422g
YALI0F02893g,YALI0D25454g
YALI0F02893g,YALI0E03036g
YALI0F02893g,YALI0E16170g
YALI0F02893g,YALI0E17655g
YALI0F02893g,YALI0E30635g
YALI0F02893g,YALI0F03179g
YALI0B15180g,YALI0C03377g
YALI0B15180g,YALI0D02024g
YALI0B15180g,YALI0F11759g
YALI0A18656g,YALI0A00506g
YALI0A18656g,YALI0A09845g
YALI0A18656g,YALI0B10758g
YALI0A18656g,YALI0B14201g
YALI0A18656g,YALI0B19052g
YALI0A18656g,YALI0B19624g
YALI0A18656g,YALI0D02365g
YALI0A18656g,YALI0D03597g
YALI0A18656g,YALI0D13112g
YALI0A18656g,YALI0D27148g
YALI0A18656g,YALI0E01430g
YALI0A18656g,YALI0E02222g
YALI0A18656g,YALI0E21472g
YALI0A18656g,YALI0E33473g
YALI0A18656g,YALI0E34852g
YALI0A18656g,YALI0F04576g
YALI0A18656g,YALI0F07260g
YALI0A18656g,YALI0F15059g
YALI0E05643g,YALI0C19668g
YALI0E05643g,YALI0E02046g
YALI0E05643g,YALI0E06479g
YALI0E06347g,YALI0A09845g
YALI0E06347g,YALI0A20922g
YALI0E06347g,YALI0C06864g
YALI0E06347g,YALI0C17941g
YALI0E06347g,YALI0C18073g
YALI0E06347g,YALI0D27148g
YALI0E06347g,YALI0E33473g
YALI0E06347g,YALI0E34852g
YALI0E06347g,YALI0F07260g
YALI0E06347g,YALI0F20570g
YALI0B03476g,YALI0A00506g
YALI0B03476g,YALI0B04488g
YALI0B03476g,YALI0B17006g
YALI0B03476g,YALI0C03377g
YALI0B03476g,YALI0C08096g
YALI0B03476g,YALI0C16346g
YALI0B03476g,YALI0D07810g
YALI0B03476g,YALI0D11088g
YALI0B03476g,YALI0D17710g
YALI0B03476g,YALI0E07491g
YALI0B03476g,YALI0E10417g
YALI0B03476g,YALI0E29557g
YALI0B03476g,YALI0F08165g
YALI0B03476g,YALI0F13343g
YALI0B03476g,YALI0F15763g
YALI0C22088g,YALI0A06743g
YALI0C22088g,YALI0B16126g
YALI0C22088g,YALI0C07414g
YALI0C22088g,YALI0D25168g
YALI0B17644g,YALI0B23298g
YALI0F15763g,YALI0A19646g
YALI0F15763g,YALI0B04488g
YALI0F15763g,YALI0C08096g
YALI0F15763g,YALI0D07810g
YALI0F15763g,YALI0D11088g
YALI0F15763g,YALI0D17710g
YALI0F15763g,YALI0E10417g
YALI0F15763g,YALI0E29557g
YALI0E34375g,YALI0A00506g
YALI0E34375g,YALI0B10758g
YALI0E34375g,YALI0B14201g
YALI0E34375g,YALI0B16324g
YALI0E34375g,YALI0C03377g
YALI0E34375g,YALI0C08096g
YALI0E34375g,YALI0C21758g
YALI0E34375g,YALI0E00792g
YALI0E34375g,YALI0E07491g
YALI0E34375g,YALI0E34067g
YALI0E34375g,YALI0F13343g
YALI0E34375g,YALI0F23177g
YALI0D23353g,YALI0F20790g
YALI0C09904g,YALI0B14102g
YALI0C09904g,YALI0C23903g
YALI0C09904g,YALI0D00385g
YALI0C09904g,YALI0D07634g
YALI0C09904g,YALI0D12400g
YALI0C09904g,YALI0D16423g
YALI0C09904g,YALI0D23331g
YALI0C09904g,YALI0E16555g
YALI0C09904g,YALI0E21604g
YALI0C09904g,YALI0F22209g
YALI0D20944g,YALI0F31955g
YALI0E06479g,YALI0A09812g
YALI0E06479g,YALI0E02046g
YALI0F23177g,YALI0A00506g
YALI0F23177g,YALI0B10758g
YALI0F23177g,YALI0B16324g
YALI0F23177g,YALI0B17006g
YALI0F23177g,YALI0E24211g
YALI0F23177g,YALI0F07601g
YALI0E33473g,YALI0A09845g
YALI0E33473g,YALI0A20922g
YALI0E33473g,YALI0B19052g
YALI0E33473g,YALI0C04774g
YALI0E33473g,YALI0C06490g
YALI0E33473g,YALI0C06864g
YALI0E33473g,YALI0C17941g
YALI0E33473g,YALI0D13112g
YALI0E33473g,YALI0D27148g
YALI0E33473g,YALI0E01430g
YALI0E33473g,YALI0E02222g
YALI0E33473g,YALI0E05929g
YALI0E33473g,YALI0E15081g
YALI0E33473g,YALI0E34852g
YALI0E33473g,YALI0F07260g
YALI0E33473g,YALI0F15169g
YALI0D27148g,YALI0A09845g
YALI0D27148g,YALI0B10758g
YALI0D27148g,YALI0B11440g
YALI0D27148g,YALI0B14201g
YALI0D27148g,YALI0B19624g
YALI0D27148g,YALI0C07414g
YALI0D27148g,YALI0D03597g
YALI0D27148g,YALI0D13112g
YALI0D27148g,YALI0E21472g
YALI0D27148g,YALI0E34852g
YALI0D27148g,YALI0F02937g
YALI0B14795g,YALI0D24321g
YALI0A02497g,YALI0D11814g
YALI0A02497g,YALI0E31288g
YALI0A02497g,YALI0F09405g
YALI0A06743g,YALI0D11308g
YALI0A19470g,YALI0B08272g
YALI0A19470g,YALI0B14102g
YALI0A19470g,YALI0C23903g
YALI0A19470g,YALI0D00385g
YALI0A19470g,YALI0D16423g
YALI0A19470g,YALI0F22209g
YALI0E25674g,YALI0B16126g
YALI0E30349g,YALI0D22506g
YALI0E09015g,YALI0E32065g
YALI0D04983g,YALI0D04488g
YALI0A00506g,YALI0B05962g
YALI0A00506g,YALI0B10758g
YALI0A00506g,YALI0B14201g
YALI0A00506g,YALI0B16324g
YALI0A00506g,YALI0B17006g
YALI0A00506g,YALI0B19052g
YALI0A00506g,YALI0C08096g
YALI0A00506g,YALI0C16346g
YALI0A00506g,YALI0D07810g
YALI0A00506g,YALI0D13112g
YALI0A00506g,YALI0D17710g
YALI0A00506g,YALI0E07491g
YALI0A00506g,YALI0E24673g
YALI0A00506g,YALI0E34067g
YALI0A00506g,YALI0F04576g
YALI0A00506g,YALI0F07128g
YALI0A00506g,YALI0F07601g
YALI0A00506g,YALI0F13343g
YALI0E16170g,YALI0A01782g
YALI0E16170g,YALI0A07689g
YALI0E16170g,YALI0A11143g
YALI0E16170g,YALI0B13156g
YALI0E16170g,YALI0C02805g
YALI0E16170g,YALI0D16797g
YALI0E16170g,YALI0D20416g
YALI0E16170g,YALI0D25454g
YALI0E16170g,YALI0E07513g
YALI0E16170g,YALI0E17765g
YALI0E16170g,YALI0E29337g
YALI0E16170g,YALI0E29579g
YALI0E16170g,YALI0E32542g
YALI0E16170g,YALI0E32813g
YALI0E33165g,YALI0E29337g
YALI0D08558g,YALI0A17985g
YALI0E07491g,YALI0A19646g
YALI0E07491g,YALI0B14201g
YALI0E07491g,YALI0B16324g
YALI0E07491g,YALI0C03377g
YALI0E07491g,YALI0C08096g
YALI0E07491g,YALI0D13112g
YALI0E07491g,YALI0D17710g
YALI0E07491g,YALI0E00792g
YALI0E07491g,YALI0E29557g
YALI0E07491g,YALI0E34067g
YALI0E07491g,YALI0F13343g
YALI0A21153g,YALI0D25256g
YALI0A21153g,YALI0F20592g
YALI0B20416g,YALI0D04378g
YALI0B20416g,YALI0D16797g
YALI0B20416g,YALI0D23331g
YALI0B20416g,YALI0D25256g
YALI0B20416g,YALI0E03014g
YALI0E04829g,YALI0D03784g
YALI0E04829g,YALI0E07315g
YALI0B05962g,YALI0F04576g
YALI0B05962g,YALI0F07128g
YALI0B05962g,YALI0F20570g
YALI0D17710g,YALI0A19646g
YALI0D17710g,YALI0C03377g
YALI0D17710g,YALI0C08096g
YALI0D17710g,YALI0D07810g
YALI0D17710g,YALI0E10417g
YALI0D17710g,YALI0E29557g
YALI0D17710g,YALI0F07128g
YALI0C02805g,YALI0D16797g
YALI0E29205g,YALI0C23947g
YALI0E29205g,YALI0D04488g
YALI0D21560g,YALI0E06919g
YALI0E03850g,YALI0D23969g
YALI0F18898g,YALI0A09845g
YALI0F18898g,YALI0D11066g
YALI0F18898g,YALI0E17765g
YALI0F18898g,YALI0E31288g
YALI0F18898g,YALI0E32307g
YALI0F18898g,YALI0F13255g
YALI0F20856g,YALI0B03960g
YALI0F20856g,YALI0C02937g
YALI0F20856g,YALI0C23947g
YALI0F20856g,YALI0D04378g
YALI0F20856g,YALI0D11066g
YALI0F20856g,YALI0D11814g
YALI0F20856g,YALI0D12400g
YALI0F20856g,YALI0D25454g
YALI0F20856g,YALI0E03014g
YALI0F20856g,YALI0E07513g
YALI0F20856g,YALI0E21604g
YALI0F20856g,YALI0E29579g
YALI0F20856g,YALI0E31288g
YALI0F20856g,YALI0E34687g
YALI0F20856g,YALI0F15631g
YALI0F20856g,YALI0F24475g
YALI0F20856g,YALI0F30701g
YALI0B21340g,YALI0B13156g
YALI0B21340g,YALI0C23947g
YALI0B21340g,YALI0D04378g
YALI0B21340g,YALI0D04422g
YALI0B21340g,YALI0D25454g
YALI0B21340g,YALI0E03014g
YALI0B21340g,YALI0E07513g
YALI0B21340g,YALI0E11671g
YALI0B21340g,YALI0E29579g
YALI0B21340g,YALI0E30635g
YALI0B21340g,YALI0F13541g
YALI0B21340g,YALI0F21769g
YALI0E05665g,YALI0E18788g
YALI0C13926g,YALI0B10758g
YALI0C13926g,YALI0B16126g
YALI0C13926g,YALI0C07414g
YALI0C13926g,YALI0D03597g
YALI0C13926g,YALI0E21472g
YALI0D04422g,YALI0B13156g
YALI0D04422g,YALI0B16434g
YALI0D04422g,YALI0C23947g
YALI0D04422g,YALI0E03036g
YALI0D04422g,YALI0E30635g
YALI0D04422g,YALI0F24475g
YALI0D04422g,YALI0F30701g
YALI0D02123g,YALI0A07689g
YALI0E21604g,YALI0A11143g
YALI0E21604g,YALI0B02728g
YALI0E21604g,YALI0B14102g
YALI0E21604g,YALI0C02937g
YALI0E21604g,YALI0C19195g
YALI0E21604g,YALI0D00385g
YALI0E21604g,YALI0D04378g
YALI0E21604g,YALI0D12400g
YALI0E21604g,YALI0D23331g
YALI0E21604g,YALI0D25454g
YALI0E21604g,YALI0E03014g
YALI0E21604g,YALI0E16555g
YALI0E21604g,YALI0E29337g
YALI0E21604g,YALI0E29579g
YALI0E21604g,YALI0E32813g
YALI0E21604g,YALI0E34687g
YALI0E21604g,YALI0F22209g
YALI0C16863g,YALI0C04455g
YALI0C16863g,YALI0D04092g
YALI0E00990g,YALI0C19195g
YALI0C02937g,YALI0A11143g
YALI0C02937g,YALI0B03960g
YALI0C02937g,YALI0C07414g
YALI0C02937g,YALI0C08305g
YALI0C02937g,YALI0C23947g
YALI0C02937g,YALI0D04378g
YALI0C02937g,YALI0D11066g
YALI0C02937g,YALI0D11814g
YALI0C02937g,YALI0D12400g
YALI0C02937g,YALI0D23331g
YALI0C02937g,YALI0D25454g
YALI0C02937g,YALI0E03014g
YALI0C02937g,YALI0E11355g
YALI0C02937g,YALI0E17765g
YALI0C02937g,YALI0E29579g
YALI0C02937g,YALI0E31288g
YALI0C02937g,YALI0E32813g
YALI0C02937g,YALI0E34687g
YALI0C02937g,YALI0F09405g
YALI0C02937g,YALI0F14795g
YALI0C02937g,YALI0F15631g
YALI0C02937g,YALI0F30701g
YALI0B09229g,YALI0C07414g
YALI0B09229g,YALI0D24321g
YALI0F07128g,YALI0C06864g
YALI0F07128g,YALI0D07810g
YALI0F07128g,YALI0E34852g
YALI0C07414g,YALI0A11143g
YALI0C07414g,YALI0B16126g
YALI0C07414g,YALI0C06369g
YALI0C07414g,YALI0C08305g
YALI0C07414g,YALI0D03597g
YALI0C07414g,YALI0D12400g
YALI0C07414g,YALI0D25256g
YALI0C07414g,YALI0E04224g
YALI0C07414g,YALI0E11355g
YALI0C07414g,YALI0F14267g
YALI0C07414g,YALI0F15631g
YALI0C07414g,YALI0F20592g
YALI0D07524g,YALI0C16841g
YALI0F14795g,YALI0A17600g
YALI0F14795g,YALI0B03960g
YALI0F14795g,YALI0D11066g
YALI0F14795g,YALI0E05929g
YALI0F14795g,YALI0E31288g
YALI0F14795g,YALI0E34687g
YALI0F14795g,YALI0F02189g
YALI0F14795g,YALI0F30701g
YALI0F13255g,YALI0A09845g
YALI0F13255g,YALI0A18227g
YALI0F13255g,YALI0D13112g
YALI0F13255g,YALI0E17765g
YALI0F13255g,YALI0E32307g
YALI0F13255g,YALI0E34852g
YALI0F13255g,YALI0F07260g
YALI0B17204g,YALI0E22286g
YALI0C19129g,YALI0E06919g
YALI0B16434g,YALI0B13156g
YALI0B16434g,YALI0E03036g
YALI0B16434g,YALI0F30701g
YALI0B10406g,YALI0D13112g
YALI0B10406g,YALI0E01430g
YALI0D13112g,YALI0A09845g
YALI0D13112g,YALI0A18227g
YALI0D13112g,YALI0B10758g
YALI0D13112g,YALI0B14201g
YALI0D13112g,YALI0B19052g
YALI0D13112g,YALI0B19624g
YALI0D13112g,YALI0D03597g
YALI0D13112g,YALI0E01430g
YALI0D13112g,YALI0E21472g
YALI0D13112g,YALI0E34852g
YALI0D13112g,YALI0F04576g
YALI0D13112g,YALI0F07260g
YALI0F09405g,YALI0E31288g
YALI0F09405g,YALI0F20592g
YALI0E32542g,YALI0A01782g
YALI0E32542g,YALI0A07689g
YALI0E32542g,YALI0A11143g
YALI0E32542g,YALI0D04312g
YALI0E32542g,YALI0D20416g
YALI0E32542g,YALI0D25454g
YALI0E32542g,YALI0E17765g
YALI0E32542g,YALI0E29579g
YALI0E27346g,YALI0A11143g
YALI0E27346g,YALI0C08305g
YALI0E27346g,YALI0C12661g
YALI0E27346g,YALI0D12400g
YALI0E27346g,YALI0E32813g
YALI0D24321g,YALI0D17446g
YALI0D24321g,YALI0F02937g
YALI0C06193g,YALI0C08118g
YALI0F20570g,YALI0E34852g
YALI0F20570g,YALI0F04576g
YALI0F07260g,YALI0A09845g
YALI0F07260g,YALI0C17941g
YALI0F07260g,YALI0E34852g
YALI0E21197g,YALI0F14333g
YALI0B11440g,YALI0C06369g
YALI0B11440g,YALI0D03597g
YALI0B11440g,YALI0E21472g
YALI0B11440g,YALI0F02937g
YALI0B19052g,YALI0A09845g
YALI0B19052g,YALI0B14201g
YALI0B19052g,YALI0C04774g
YALI0B19052g,YALI0C06490g
YALI0B19052g,YALI0E01430g
YALI0B19052g,YALI0E02222g
YALI0B19052g,YALI0E15081g
YALI0B19052g,YALI0E24673g
YALI0B19052g,YALI0F15169g
YALI0B03960g,YALI0C23947g
YALI0B03960g,YALI0D11066g
YALI0B03960g,YALI0D11814g
YALI0B03960g,YALI0D25454g
YALI0B03960g,YALI0E05929g
YALI0B03960g,YALI0E17765g
YALI0B03960g,YALI0E29579g
YALI0B03960g,YALI0E31288g
YALI0B03960g,YALI0E34687g
YALI0B03960g,YALI0F02189g
YALI0B03960g,YALI0F30701g
YALI0A20416g,YALI0F27181g
YALI0C19195g,YALI0C23903g
YALI0C19195g,YALI0D00385g
YALI0C19195g,YALI0F22209g
YALI0B02552g,YALI0E29337g
YALI0C21296g,YALI0B04488g
YALI0C21296g,YALI0C03377g
YALI0C21296g,YALI0E10417g
YALI0E02222g,YALI0C04774g
YALI0E02222g,YALI0C06490g
YALI0E02222g,YALI0E01430g
YALI0E02222g,YALI0E15081g
YALI0E02222g,YALI0E24673g
YALI0E02222g,YALI0F15169g
YALI0D25454g,YALI0A01782g
YALI0D25454g,YALI0A11143g
YALI0D25454g,YALI0A17600g
YALI0D25454g,YALI0B13156g
YALI0D25454g,YALI0C23947g
YALI0D25454g,YALI0D04378g
YALI0D25454g,YALI0D12400g
YALI0D25454g,YALI0D16797g
YALI0D25454g,YALI0E03014g
YALI0D25454g,YALI0E07513g
YALI0D25454g,YALI0E17765g
YALI0D25454g,YALI0E29337g
YALI0D25454g,YALI0E29579g
YALI0D25454g,YALI0E30635g
YALI0D25454g,YALI0E32813g
YALI0D25454g,YALI0E34687g
YALI0D25454g,YALI0F15631g
YALI0D25454g,YALI0F30701g
YALI0F17006g,YALI0F06028g
YALI0E22286g,YALI0E19338g
YALI0F04532g,YALI0C13530g
YALI0F04532g,YALI0D10813g
YALI0F04532g,YALI0F15169g
YALI0F15587g,YALI0C08118g
YALI0D07634g,YALI0B02728g
YALI0D07634g,YALI0D04378g
YALI0D07634g,YALI0D16423g
YALI0D07634g,YALI0D23331g
YALI0D07634g,YALI0D25256g
YALI0D07634g,YALI0E03014g
YALI0D07634g,YALI0E16555g
YALI0D07634g,YALI0F22209g
YALI0E07513g,YALI0D04378g
YALI0E07513g,YALI0D16797g
YALI0E07513g,YALI0E17765g
YALI0E07513g,YALI0E29579g
YALI0A10076g,YALI0E32065g
YALI0E00792g,YALI0A19646g
YALI0E00792g,YALI0B14201g
YALI0E00792g,YALI0B16324g
YALI0E00792g,YALI0C03377g
YALI0E00792g,YALI0C08096g
YALI0E00792g,YALI0C21758g
YALI0E00792g,YALI0D07810g
YALI0E00792g,YALI0E10417g
YALI0E00792g,YALI0E29557g
YALI0E00792g,YALI0E34067g
YALI0E10483g,YALI0C20361g
YALI0E10483g,YALI0E19338g
YALI0C18073g,YALI0D08635g
YALI0C18073g,YALI0E34852g
YALI0C08305g,YALI0A11143g
YALI0C08305g,YALI0D12400g
YALI0C08305g,YALI0E32813g
YALI0C08305g,YALI0F15631g
YALI0F30701g,YALI0A17600g
YALI0F30701g,YALI0B13156g
YALI0F30701g,YALI0C23947g
YALI0F30701g,YALI0D01606g
YALI0F30701g,YALI0D11066g
YALI0F30701g,YALI0E05929g
YALI0F30701g,YALI0E17655g
YALI0F30701g,YALI0E17765g
YALI0F30701g,YALI0E31288g
YALI0F30701g,YALI0F02189g
YALI0F30701g,YALI0F24475g
YALI0A07689g,YALI0A01782g
YALI0A07689g,YALI0C13816g
YALI0A07689g,YALI0D20416g
YALI0A07689g,YALI0F19074g
YALI0C03916g,YALI0A07018g
YALI0D11814g,YALI0D04378g
YALI0D11814g,YALI0E03014g
YALI0D11814g,YALI0E17765g
YALI0D11814g,YALI0E31288g
YALI0D11814g,YALI0E34687g
YALI0D11814g,YALI0F13541g
YALI0D11814g,YALI0F15631g
YALI0F00770g,YALI0D09086g
YALI0E31288g,YALI0C23947g
YALI0E31288g,YALI0D04378g
YALI0E31288g,YALI0D04488g
YALI0E31288g,YALI0D11066g
YALI0E31288g,YALI0E03014g
YALI0E31288g,YALI0E04378g
YALI0E31288g,YALI0E10307g
YALI0E31288g,YALI0E11355g
YALI0E31288g,YALI0E17765g
YALI0E31288g,YALI0E29579g
YALI0E31288g,YALI0E34687g
YALI0E31288g,YALI0F13541g
YALI0E31288g,YALI0F15631g
YALI0F08165g,YALI0C16346g
YALI0F08165g,YALI0C23430g
YALI0F08165g,YALI0F19382g
YALI0E32307g,YALI0E04378g
YALI0D01606g,YALI0A17600g
YALI0D01606g,YALI0B13156g
YALI0D01606g,YALI0C23947g
YALI0D01606g,YALI0F24475g
YALI0E30635g,YALI0B13156g
YALI0E30635g,YALI0E03036g
YALI0B02728g,YALI0B14102g
YALI0B02728g,YALI0B15598g
YALI0B02728g,YALI0D00385g
YALI0B02728g,YALI0D04378g
YALI0B02728g,YALI0D12400g
YALI0B02728g,YALI0D16423g
YALI0B02728g,YALI0D23331g
YALI0B02728g,YALI0E03014g
YALI0B02728g,YALI0E34687g
YALI0B02728g,YALI0F22209g
YALI0C03377g,YALI0A19646g
YALI0C03377g,YALI0B16324g
YALI0C03377g,YALI0C08096g
YALI0C03377g,YALI0C21758g
YALI0C03377g,YALI0E10417g
YALI0C03377g,YALI0E29557g
YALI0C03377g,YALI0F13343g
YALI0C23903g,YALI0A07018g
YALI0C23903g,YALI0B08272g
YALI0C23903g,YALI0B14102g
YALI0C23903g,YALI0F22209g
YALI0F13343g,YALI0B04488g
YALI0F13343g,YALI0B14201g
YALI0F13343g,YALI0B16324g
YALI0F13343g,YALI0C08096g
YALI0F13343g,YALI0C21758g
YALI0D14454g,YALI0F01859g
YALI0F24475g,YALI0C23947g
YALI0D09086g,YALI0C01045g
YALI0D09086g,YALI0C16841g
YALI0F08481g,YALI0E04378g
YALI0A11143g,YALI0A01782g
YALI0A11143g,YALI0D12400g
YALI0A11143g,YALI0E04224g
YALI0A11143g,YALI0E11355g
YALI0A11143g,YALI0E29579g
YALI0A11143g,YALI0E32813g
YALI0A11143g,YALI0F15631g
YALI0E16555g,YALI0D12400g
YALI0E16555g,YALI0D16423g
YALI0E16555g,YALI0D23331g
YALI0E16555g,YALI0F22209g
YALI0F02937g,YALI0D17446g
YALI0D11308g,YALI0E29337g
YALI0C01221g,YALI0F11759g
YALI0E01430g,YALI0B17006g
YALI0E01430g,YALI0C04774g
YALI0E01430g,YALI0C06490g
YALI0E01430g,YALI0C16346g
YALI0E01430g,YALI0D05379g
YALI0E01430g,YALI0E15081g
YALI0E01430g,YALI0E24673g
YALI0E01430g,YALI0F04576g
YALI0E01430g,YALI0F15169g
YALI0E01430g,YALI0F21637g
YALI0F20790g,YALI0D14630g
YALI0F20790g,YALI0E11671g
YALI0E03014g,YALI0C23947g
YALI0E03014g,YALI0D00385g
YALI0E03014g,YALI0D04378g
YALI0E03014g,YALI0D04488g
YALI0E03014g,YALI0D12400g
YALI0E03014g,YALI0D16423g
YALI0E03014g,YALI0D16797g
YALI0E03014g,YALI0D23331g
YALI0E03014g,YALI0D25256g
YALI0E03014g,YALI0E10307g
YALI0E03014g,YALI0E29579g
YALI0E03014g,YALI0E34687g
YALI0E03014g,YALI0F13541g
YALI0E03014g,YALI0F22209g
YALI0D11088g,YALI0E10417g
YALI0F02915g,YALI0D00385g
YALI0D04488g,YALI0E34687g
YALI0D04488g,YALI0F15631g
YALI0E19338g,YALI0C07634g
YALI0E10307g,YALI0F13541g
YALI0F17578g,YALI0A20922g
YALI0F17578g,YALI0C17941g
YALI0B10758g,YALI0A18227g
YALI0B10758g,YALI0B14201g
YALI0B10758g,YALI0D03597g
YALI0B10758g,YALI0E21472g
YALI0B10758g,YALI0F15059g
YALI0B17006g,YALI0B16324g
YALI0B17006g,YALI0C16346g
YALI0B17006g,YALI0E24673g
YALI0B17006g,YALI0F04576g
YALI0B17006g,YALI0F07601g
YALI0B17006g,YALI0F15059g
YALI0B17006g,YALI0F21637g
YALI0E29557g,YALI0A19646g
YALI0E29557g,YALI0C08096g
YALI0E29557g,YALI0D07810g
YALI0E29557g,YALI0E10417g
YALI0E29557g,YALI0E34067g
YALI0E04224g,YALI0D04378g
YALI0E04224g,YALI0D25256g
YALI0E04224g,YALI0E29579g
YALI0E04224g,YALI0F15631g
YALI0E25091g,YALI0D25256g
YALI0E02046g,YALI0D15304g
YALI0E09933g,YALI0B14817g
YALI0C23947g,YALI0B13156g
YALI0C23947g,YALI0D04378g
YALI0C23947g,YALI0E11671g
YALI0C23947g,YALI0E34687g
YALI0C23947g,YALI0F13541g
YALI0D16797g,YALI0D04378g
YALI0D16797g,YALI0D12400g
YALI0D16797g,YALI0D23331g
YALI0D16797g,YALI0D25256g
YALI0D16797g,YALI0E29579g
YALI0A17600g,YALI0D11066g
YALI0A19646g,YALI0B16324g
YALI0A19646g,YALI0C08096g
YALI0A19646g,YALI0D07810g
YALI0A19646g,YALI0E10417g
YALI0A19646g,YALI0E34067g
YALI0F08701g,YALI0E32065g
YALI0F19382g,YALI0C23430g
YALI0E15081g,YALI0A09845g
YALI0E15081g,YALI0A20922g
YALI0E15081g,YALI0C04774g
YALI0E15081g,YALI0C12661g
YALI0E15081g,YALI0E05929g
YALI0E15081g,YALI0F15169g
YALI0B04488g,YALI0C21758g
YALI0B04488g,YALI0D19470g
YALI0B04488g,YALI0E10417g
YALI0E09647g,YALI0C07634g
YALI0B16324g,YALI0B14201g
YALI0B16324g,YALI0C08096g
YALI0B16324g,YALI0C21758g
YALI0B16324g,YALI0D07810g
YALI0B16324g,YALI0E34067g
YALI0B16324g,YALI0F07601g
YALI0F07601g,YALI0C08096g
YALI0D00385g,YALI0B14102g
YALI0D00385g,YALI0D16423g
YALI0D00385g,YALI0E29337g
YALI0D00385g,YALI0E29579g
YALI0D00385g,YALI0F22209g
YALI0E05929g,YALI0A09845g
YALI0E05929g,YALI0A20922g
YALI0E05929g,YALI0D11066g
YALI0E05929g,YALI0E17655g
YALI0E05929g,YALI0E17765g
YALI0A18227g,YALI0D03597g
YALI0C23925g,YALI0F21637g
YALI0F06028g,YALI0D01067g
YALI0E29579g,YALI0D04378g
YALI0E29579g,YALI0D12400g
YALI0E29579g,YALI0E17765g
YALI0E29579g,YALI0E32813g
YALI0E29579g,YALI0F13541g
YALI0E29579g,YALI0F15631g
YALI0C02409g,YALI0B21428g
YALI0A09845g,YALI0D11066g
YALI0A09845g,YALI0E34852g
YALI0E34529g,YALI0D12144g
YALI0E34687g,YALI0D04378g
YALI0E34687g,YALI0D12400g
YALI0E34687g,YALI0D23331g
YALI0E34687g,YALI0F15631g
YALI0E34687g,YALI0F22209g
YALI0D17446g,YALI0C06369g
YALI0D03597g,YALI0B14201g
YALI0D03597g,YALI0B19624g
YALI0D03597g,YALI0C06369g
YALI0D03597g,YALI0E21472g
YALI0F04576g,YALI0C16346g
YALI0F04576g,YALI0F15059g
YALI0F04576g,YALI0F21637g
YALI0F02827g,YALI0E08932g
YALI0C06864g,YALI0C04774g
YALI0B13156g,YALI0E03036g
YALI0B13156g,YALI0E11671g
YALI0B13156g,YALI0F13541g
YALI0B13156g,YALI0F21769g
YALI0F30789g,YALI0A02431g
YALI0F15631g,YALI0D04378g
YALI0F15631g,YALI0D11066g
YALI0F15631g,YALI0D12400g
YALI0F15631g,YALI0D23331g
YALI0F15631g,YALI0E11355g
YALI0F15631g,YALI0E32813g
YALI0F15631g,YALI0F14267g
YALI0D07810g,YALI0B14201g
YALI0D07810g,YALI0C08096g
YALI0D07810g,YALI0E10417g
YALI0D07810g,YALI0E34067g
YALI0F20592g,YALI0D23331g
YALI0F20592g,YALI0D25256g
YALI0D16423g,YALI0B14102g
YALI0D16423g,YALI0B15598g
YALI0D16423g,YALI0D23331g
YALI0D16423g,YALI0F22209g
YALI0D23331g,YALI0D04378g
YALI0D23331g,YALI0D12400g
YALI0D23331g,YALI0D25256g
YALI0D23331g,YALI0F22209g
YALI0B20240g,YALI0B15598g
YALI0F21637g,YALI0C16346g
YALI0F21637g,YALI0D05379g
YALI0A01782g,YALI0E29337g
YALI0A01782g,YALI0E32813g
YALI0F15169g,YALI0C04774g
YALI0F15169g,YALI0C06490g
YALI0F15169g,YALI0C16346g
YALI0F15169g,YALI0D05379g
YALI0F15169g,YALI0E05489g
YALI0F15169g,YALI0E24673g
YALI0E19657g,YALI0F14267g
YALI0C13816g,YALI0D20416g
YALI0E17655g,YALI0E17765g
YALI0B14102g,YALI0B08272g
YALI0B14102g,YALI0F22209g
YALI0A20482g,YALI0A02431g
YALI0E17765g,YALI0D11066g
YALI0E17765g,YALI0F13541g
YALI0E34852g,YALI0C17941g
YALI0E11355g,YALI0D12400g
YALI0E11355g,YALI0F14267g
YALI0D20416g,YALI0F19074g
YALI0E05489g,YALI0C06490g
YALI0E04378g,YALI0F10219g
YALI0C16346g,YALI0D05379g
YALI0C16346g,YALI0E24673g
YALI0C21758g,YALI0C08096g
YALI0B14201g,YALI0C08096g
YALI0B14201g,YALI0E34067g
YALI0E04356g,YALI0E10417g
YALI0E32813g,YALI0C12661g
YALI0E32813g,YALI0D12400g
YALI0E32813g,YALI0E29337g
YALI0F13541g,YALI0D04378g
YALI0C04774g,YALI0C06490g
YALI0C04774g,YALI0E24673g
YALI0F22209g,YALI0D12400g
YALI0C06490g,YALI0E24673g
YALI0C12661g,YALI0E29337g
YALI0C08096g,YALI0E10417g
YALI0C08096g,YALI0E34067g
YALI0D25256g,YALI0D04378g
YALI0D12400g,YALI0D04378g
YALI0A20922g,YALI0C17941g
