YALI0F12375g,YALI0F24123g
YALI0A16445g,YALI0C18315g
YALI0F05544g,YALI0E12683g
YALI0F17886g,YALI0B18722g
YALI0F17886g,YALI0B05280g
YALI0F17886g,YALI0B13112g
YALI0E14443g,YALI0C03718g
YALI0D10879g,YALI0B07535g
YALI0D10879g,YALI0D21912g
YALI0B21472g,YALI0F05632g
YALI0E28006g,YALI0B16874g
YALI0E28006g,YALI0E32791g
YALI0E28006g,YALI0D11594g
YALI0E28006g,YALI0F01034g
YALI0D08470g,YALI0D25190g
YALI0B16874g,Q12724
YALI0B16874g,YALI0E14795g
YALI0B16874g,YALI0F18898g
YALI0B16874g,YALI0D17086g
YALI0B16874g,YALI0F30899g
YALI0B16874g,YALI0E12221g
YALI0B16874g,YALI0D21956g
YALI0B16874g,YALI0F06732g
YALI0B16874g,YALI0F10153g
YALI0B16874g,YALI0A16214g
YALI0B16874g,YALI0E31317g
YALI0B16874g,YALI0B19162g
YALI0B16874g,YALI0D22088g
YALI0B16874g,YALI0B10758g
YALI0B16874g,YALI0D13948g
YALI0B16874g,YALI0B05280g
YALI0B16874g,YALI0C17083g
YALI0B16874g,YALI0E32791g
YALI0B16874g,YALI0C17237g
YALI0B16874g,YALI0E22044g
YALI0B16874g,YALI0D19888g
YALI0B16874g,YALI0C19965g
YALI0B16874g,YALI0D26488g
YALI0B16874g,YALI0D07788g
YALI0B16874g,YALI0F13805g
YALI0B16874g,YALI0F00132g
YALI0B16874g,YALI0B13112g
YALI0B16874g,YALI0F06490g
YALI0D13104g,YALI0B20504g
YALI0D13104g,YALI0C21560g
YALI0D13104g,YALI0C06820g
YALI0D13104g,YALI0B05896g
YALI0D13104g,YALI0C15895g
YALI0D13104g,YALI0D10263g
YALI0D13104g,YALI0D05753g
YALI0D13104g,YALI0F24695g
YALI0D13104g,YALI0D20614g
YALI0D13104g,YALI0F24123g
YALI0D13104g,YALI0C11473g
YALI0D13104g,YALI0A18205g
YALI0D13104g,YALI0E16995g
YALI0D13104g,YALI0E23584g
YALI0D13104g,YALI0D25190g
YALI0D13104g,YALI0E19701g
YALI0D13104g,YALI0E12705g
YALI0E34826g,YALI0F24123g
YALI0E34826g,YALI0E19701g
YALI0E34826g,YALI0E12705g
YALI0E14465g,YALI0E32208g
YALI0E14465g,YALI0B04136g
YALI0E14465g,YALI0F05698g
YALI0E14465g,YALI0C12947g
YALI0E24541g,Q12724
YALI0F02453g,YALI0E03388g
YALI0F02453g,YALI0F24959g
YALI0F02453g,YALI0A12705g
YALI0F02453g,YALI0F27599g
YALI0B10560g,YALI0F24695g
YALI0B10560g,YALI0E23155g
YALI0B10560g,YALI0E29579g
YALI0B10560g,YALI0E33077g
YALI0B10560g,YALI0F26521g
YALI0B10560g,YALI0B00220g
YALI0B10560g,YALI0D17086g
YALI0B10560g,YALI0F06826g
YALI0B10560g,YALI0F26411g
YALI0B10560g,YALI0B09119g
YALI0B10560g,YALI0A02134g
YALI0B10560g,YALI0E18590g
YALI0B10560g,YALI0D13068g
YALI0B10560g,YALI0B10758g
YALI0B10560g,YALI0E32791g
YALI0B10560g,YALI0D11594g
YALI0B10560g,YALI0F13805g
YALI0B10560g,Q3ZBD7
YALI0B10560g,YALI0F01034g
YALI0A18205g,YALI0F03179g
YALI0A18205g,YALI0A00132g
YALI0A18205g,YALI0B15125g
YALI0A18205g,YALI0B20504g
YALI0A18205g,YALI0C21560g
YALI0A18205g,YALI0C06820g
YALI0A18205g,YALI0F05676g
YALI0A18205g,YALI0B05896g
YALI0A18205g,YALI0C15895g
YALI0A18205g,YALI0E20581g
YALI0A18205g,YALI0D10263g
YALI0A18205g,YALI0D05753g
YALI0A18205g,YALI0F24695g
YALI0A18205g,YALI0D20614g
YALI0A18205g,YALI0F24123g
YALI0A18205g,YALI0C11473g
YALI0A18205g,YALI0B08748g
YALI0A18205g,YALI0E30602g
YALI0A18205g,YALI0D13728g
YALI0A18205g,YALI0E23584g
YALI0A18205g,YALI0D25190g
YALI0A18205g,YALI0E19701g
YALI0A18205g,YALI0E28930g
YALI0A18205g,YALI0D05731g
YALI0A18205g,YALI0D07304g
YALI0C11671g,YALI0F02629g
YALI0C11671g,YALI0E17787g
YALI0F25883g,YALI0E12683g
YALI0F25883g,YALI0E13277g
YALI0D22088g,YALI0E33077g
YALI0D22088g,YALI0B00220g
YALI0D22088g,YALI0D17086g
YALI0D22088g,YALI0B09119g
YALI0D22088g,YALI0D10065g
YALI0D22088g,YALI0F31603g
YALI0D22088g,YALI0D13068g
YALI0D22088g,YALI0D17952g
YALI0D22088g,YALI0B07535g
YALI0D22088g,YALI0D13948g
YALI0D22088g,YALI0B05280g
YALI0D22088g,YALI0F10659g
YALI0D22088g,YALI0D18810g
YALI0D22088g,YALI0D26752g
YALI0D22088g,YALI0E32791g
YALI0D22088g,YALI0D11594g
YALI0D22088g,YALI0F06490g
YALI0D22088g,YALI0F01034g
YALI0D22088g,YALI0A19844g
YALI0B04224g,YALI0B06116g
YALI0E33649g,YALI0B00198g
YALI0E33649g,YALI0D25696g
YALI0E33649g,YALI0C12947g
YALI0F05698g,YALI0B03982g
YALI0F05698g,YALI0F17820g
YALI0F05698g,YALI0E03388g
YALI0F05698g,YALI0F24959g
YALI0F05698g,YALI0E17787g
YALI0F05698g,YALI0F08327g
YALI0F05698g,YALI0E13618g
YALI0F05698g,YALI0E11847g
YALI0F05698g,YALI0A16379g
YALI0F05698g,YALI0F25025g
YALI0F05698g,YALI0E14949g
YALI0F05698g,YALI0E26895g
YALI0F05698g,YALI0E14795g
YALI0F05698g,YALI0E03784g
YALI0F05698g,YALI0A16214g
YALI0F05698g,YALI0E09933g
YALI0F05698g,YALI0C17237g
YALI0A18722g,YALI0B14058g
YALI0D26554g,YALI0E17765g
YALI0B02772g,YALI0E09471g
YALI0B02772g,YALI0C12918g
YALI0F17974g,YALI0D04983g
YALI0D03135g,YALI0B14509g
YALI0D03135g,YALI0D08272g
YALI0C11473g,YALI0C06820g
YALI0C11473g,YALI0B05896g
YALI0C11473g,YALI0E13618g
YALI0C11473g,YALI0E11847g
YALI0C11473g,YALI0E14949g
YALI0C11473g,YALI0E23584g
YALI0C11473g,YALI0F10197g
YALI0C11473g,YALI0E03080g
YALI0C11473g,YALI0B06116g
YALI0C11473g,YALI0B10758g
YALI0C11473g,YALI0E09933g
YALI0C11473g,YALI0E06919g
YALI0C11473g,YALI0A11407g
YALI0E01034g,YALI0F08701g
YALI0E01034g,YALI0C17083g
YALI0E01034g,YALI0F27247g
YALI0A00176g,YALI0E12683g
YALI0E28930g,YALI0F02805g
YALI0E28930g,YALI0E20581g
YALI0F13057g,YALI0F27995g
YALI0B10780g,YALI0F17820g
YALI0B10780g,YALI0D00693g
YALI0B10780g,YALI0C21824g
YALI0B10780g,YALI0D06149g
YALI0B10780g,YALI0D07304g
YALI0B10780g,YALI0F02387g
YALI0B10780g,YALI0B16808g
YALI0B10780g,YALI0C15246g
YALI0B03762g,YALI0F24959g
YALI0B03762g,YALI0C09904g
YALI0B03762g,YALI0E14949g
YALI0B03762g,YALI0A16214g
YALI0B03762g,YALI0D26488g
YALI0B00198g,YALI0B03982g
YALI0B00198g,Q12724
YALI0B00198g,YALI0E03388g
YALI0B00198g,YALI0B22902g
YALI0B00198g,YALI0E16060g
YALI0B00198g,YALI0E30481g
YALI0B00198g,YALI0F08393g
YALI0B00198g,YALI0F04730g
YALI0B00198g,YALI0C06798g
YALI0B00198g,YALI0A16379g
YALI0B00198g,YALI0F30899g
YALI0B00198g,YALI0A20702g
YALI0B00198g,YALI0B04136g
YALI0B00198g,YALI0D09251g
YALI0B00198g,YALI0A12705g
YALI0B00198g,YALI0A04367g
YALI0B00198g,YALI0F10153g
YALI0B00198g,YALI0A15576g
YALI0B00198g,YALI0B18722g
YALI0B00198g,YALI0A15708g
YALI0B00198g,YALI0B05280g
YALI0B00198g,YALI0C17083g
YALI0B00198g,YALI0B13904g
YALI0B00198g,YALI0D02365g
YALI0B00198g,YALI0F20570g
YALI0B00198g,YALI0D26488g
YALI0B00198g,YALI0B23210g
YALI0B00198g,YALI0E00902g
YALI0B00198g,YALI0D07788g
YALI0B00198g,Q32PJ2
YALI0B00198g,YALI0D25696g
YALI0B00198g,YALI0C12947g
YALI0B00198g,YALI0F06490g
YALI0B00198g,YALI0D14740g
YALI0A16214g,YALI0B03982g
YALI0A16214g,YALI0F24959g
YALI0A16214g,YALI0E14949g
YALI0A16214g,YALI0E14795g
YALI0A16214g,YALI0F18898g
YALI0A16214g,YALI0E12221g
YALI0A16214g,YALI0F10153g
YALI0A16214g,YALI0E31317g
YALI0A16214g,YALI0E09933g
YALI0A16214g,YALI0C17237g
YALI0A16214g,YALI0A16566g
YALI0A16214g,YALI0D26488g
YALI0A16214g,YALI0F06490g
YALI0A16214g,YALI0A11407g
YALI0F12991g,YALI0B03982g
YALI0F12991g,YALI0E16060g
YALI0F12991g,YALI0F08393g
YALI0F12991g,YALI0F04730g
YALI0F12991g,YALI0F18898g
YALI0F12991g,YALI0C00649g
YALI0F12991g,YALI0D13948g
YALI0F12991g,YALI0B05280g
YALI0F12991g,YALI0E21824g
YALI0E23155g,YALI0D11264g
YALI0E23155g,YALI0E29579g
YALI0E23155g,YALI0F26521g
YALI0E23155g,YALI0F26411g
YALI0E23155g,YALI0D25190g
YALI0E23155g,YALI0B09119g
YALI0E23155g,YALI0E09471g
YALI0E23155g,YALI0C22341g
YALI0F31075g,YALI0D00693g
YALI0B00220g,YALI0F04730g
YALI0B00220g,YALI0E29579g
YALI0B00220g,YALI0E33077g
YALI0B00220g,YALI0F26521g
YALI0B00220g,YALI0D17086g
YALI0B00220g,YALI0F06826g
YALI0B00220g,YALI0F26411g
YALI0B00220g,YALI0B09119g
YALI0B00220g,YALI0F30459g
YALI0B00220g,YALI0E09471g
YALI0B00220g,YALI0A02134g
YALI0B00220g,YALI0D10065g
YALI0B00220g,YALI0B19162g
YALI0B00220g,YALI0F31603g
YALI0B00220g,YALI0B06116g
YALI0B00220g,YALI0D13068g
YALI0B00220g,YALI0D17952g
YALI0B00220g,YALI0B07535g
YALI0B00220g,YALI0D13948g
YALI0B00220g,YALI0F10659g
YALI0B00220g,YALI0E25223g
YALI0B00220g,YALI0D26752g
YALI0B00220g,YALI0E32791g
YALI0B00220g,YALI0F20724g
YALI0B00220g,YALI0C05324g
YALI0B00220g,YALI0D11594g
YALI0B00220g,Q3ZBD7
YALI0B00220g,YALI0A19844g
YALI0B08778g,YALI0D25190g
YALI0F26521g,YALI0E03388g
YALI0F26521g,YALI0F08393g
YALI0F26521g,YALI0F24695g
YALI0F26521g,YALI0D11264g
YALI0F26521g,YALI0F04730g
YALI0F26521g,YALI0E11847g
YALI0F26521g,YALI0A16379g
YALI0F26521g,YALI0E29579g
YALI0F26521g,YALI0E33077g
YALI0F26521g,YALI0E14949g
YALI0F26521g,YALI0E14795g
YALI0F26521g,YALI0F18898g
YALI0F26521g,YALI0D17086g
YALI0F26521g,YALI0F06826g
YALI0F26521g,YALI0F26411g
YALI0F26521g,YALI0B09119g
YALI0F26521g,YALI0A02134g
YALI0F26521g,YALI0B19162g
YALI0F26521g,YALI0B06116g
YALI0F26521g,YALI0D13068g
YALI0F26521g,YALI0B10758g
YALI0F26521g,YALI0F01738g
YALI0F26521g,YALI0F11297g
YALI0F26521g,YALI0C03201g
YALI0F26521g,YALI0E09933g
YALI0F26521g,YALI0C17083g
YALI0F26521g,YALI0D07788g
YALI0F26521g,Q3ZBD7
YALI0F26521g,YALI0F06490g
YALI0F26521g,YALI0A11407g
YALI0F24959g,YALI0E03388g
YALI0F24959g,YALI0E17787g
YALI0F24959g,YALI0E13618g
YALI0F24959g,YALI0E11847g
YALI0F24959g,YALI0A16379g
YALI0F24959g,YALI0E14949g
YALI0F24959g,YALI0E14795g
YALI0F24959g,YALI0A04367g
YALI0F24959g,YALI0F06732g
YALI0F24959g,YALI0E03080g
YALI0F24959g,YALI0F10153g
YALI0F24959g,YALI0A10703g
YALI0F24959g,YALI0E31317g
YALI0F24959g,YALI0B06116g
YALI0F24959g,YALI0B10758g
YALI0F24959g,YALI0B18722g
YALI0F24959g,YALI0E09933g
YALI0F24959g,YALI0C17083g
YALI0F24959g,YALI0C17237g
YALI0F24959g,YALI0B07623g
YALI0F24959g,YALI0F27247g
YALI0F24959g,YALI0D26488g
YALI0F24959g,YALI0B23210g
YALI0F24959g,YALI0D07788g
YALI0F24959g,YALI0F16918g
YALI0F24959g,YALI0F00132g
YALI0F24959g,YALI0A11407g
YALI0D09251g,YALI0E30481g
YALI0D09251g,YALI0C05511g
YALI0D09251g,YALI0A20702g
YALI0D09251g,YALI0D25696g
YALI0D09251g,YALI0C12947g
YALI0B13904g,Q12724
YALI0B13904g,YALI0C06798g
YALI0B13904g,YALI0A20702g
YALI0B13904g,YALI0A15576g
YALI0B13904g,YALI0E00902g
YALI0B13904g,YALI0D14740g
YALI0E25025g,YALI0F11055g
YALI0E25025g,YALI0C15895g
YALI0E25025g,YALI0E20581g
YALI0E25025g,YALI0E30602g
YALI0E25025g,YALI0D07304g
YALI0D10065g,YALI0E33077g
YALI0D10065g,YALI0D17086g
YALI0D10065g,YALI0F26411g
YALI0D10065g,YALI0B09119g
YALI0D10065g,YALI0F30459g
YALI0D10065g,YALI0E09471g
YALI0D10065g,YALI0D16797g
YALI0D10065g,YALI0F31603g
YALI0D10065g,YALI0E05225g
YALI0D10065g,YALI0D17952g
YALI0D10065g,YALI0D13948g
YALI0D10065g,YALI0F10659g
YALI0D10065g,YALI0D26752g
YALI0D10065g,YALI0E32791g
YALI0D10065g,YALI0D11594g
YALI0D10065g,YALI0A19844g
YALI0B07535g,Q12724
YALI0B07535g,YALI0D17086g
YALI0B07535g,YALI0F31163g
YALI0B07535g,YALI0B19162g
YALI0B07535g,YALI0D13068g
YALI0B07535g,YALI0D17952g
YALI0B07535g,YALI0D13948g
YALI0B07535g,YALI0B05280g
YALI0B07535g,YALI0F10659g
YALI0B07535g,YALI0E32791g
YALI0B07535g,YALI0D20174g
YALI0B07535g,YALI0C05324g
YALI0B07535g,YALI0A19844g
YALI0F11297g,YALI0F17820g
YALI0F11297g,YALI0E11847g
YALI0F11297g,YALI0E03080g
YALI0F11297g,YALI0E32035g
YALI0F11297g,YALI0A11407g
YALI0E14663g,YALI0D06688g
YALI0E14663g,YALI0F27247g
YALI0E10263g,YALI0E29579g
YALI0E10263g,YALI0D17086g
YALI0E10263g,YALI0D18106g
YALI0E10263g,YALI0C19965g
YALI0E10263g,YALI0D11594g
YALI0E10263g,YALI0F13805g
YALI0E10263g,YALI0F01034g
YALI0E22044g,YALI0E29579g
YALI0E22044g,YALI0F18898g
YALI0E22044g,YALI0D17086g
YALI0E22044g,YALI0F06826g
YALI0E22044g,YALI0F30899g
YALI0E22044g,YALI0D16797g
YALI0E22044g,YALI0B19162g
YALI0E22044g,YALI0B05280g
YALI0E22044g,YALI0C22165g
YALI0E22044g,YALI0E32791g
YALI0E22044g,YALI0C19965g
YALI0E22044g,YALI0F13805g
YALI0E22044g,Q3ZBD7
YALI0E22044g,YALI0F06490g
YALI0E22044g,YALI0F01034g
YALI0D14740g,YALI0B03982g
YALI0D14740g,Q12724
YALI0D14740g,YALI0E03388g
YALI0D14740g,YALI0E16060g
YALI0D14740g,YALI0F08393g
YALI0D14740g,YALI0F04730g
YALI0D14740g,YALI0C06798g
YALI0D14740g,YALI0A16379g
YALI0D14740g,YALI0A04367g
YALI0D14740g,YALI0F10153g
YALI0D14740g,YALI0A15576g
YALI0D14740g,YALI0F18656g
YALI0D14740g,YALI0C17237g
YALI0D14740g,YALI0D02365g
YALI0D14740g,YALI0D22770g
YALI0D14740g,YALI0B23210g
YALI0D14740g,YALI0E00902g
YALI0D14740g,YALI0D07788g
YALI0D14740g,Q32PJ2
YALI0D14740g,YALI0D25696g
YALI0F11055g,YALI0E12683g
YALI0F11055g,YALI0B14509g
YALI0F11055g,YALI0F02805g
YALI0F11055g,YALI0F02497g
YALI0F11055g,YALI0F05676g
YALI0F11055g,YALI0C15895g
YALI0F11055g,YALI0E20581g
YALI0F11055g,YALI0F24123g
YALI0F11055g,YALI0F08569g
YALI0F11055g,YALI0B09361g
YALI0F11055g,YALI0D27148g
YALI0B18612g,YALI0E16016g
YALI0B18612g,YALI0A12705g
YALI0E32791g,YALI0E33077g
YALI0E32791g,YALI0D17086g
YALI0E32791g,YALI0A16797g
YALI0E32791g,YALI0B09119g
YALI0E32791g,YALI0D13948g
YALI0E32791g,YALI0B18414g
YALI0E32791g,YALI0B05280g
YALI0E32791g,YALI0F10659g
YALI0E32791g,YALI0D26752g
YALI0E32791g,YALI0C19965g
YALI0E32791g,YALI0D11594g
YALI0E32791g,YALI0F13805g
YALI0E32791g,YALI0F01034g
YALI0E32791g,YALI0A19844g
YALI0E11847g,YALI0F03179g
YALI0E11847g,YALI0F17820g
YALI0E11847g,YALI0D13794g
YALI0E11847g,YALI0E03388g
YALI0E11847g,YALI0C06820g
YALI0E11847g,YALI0E17787g
YALI0E11847g,YALI0F08393g
YALI0E11847g,YALI0E13618g
YALI0E11847g,YALI0C21824g
YALI0E11847g,YALI0A16379g
YALI0E11847g,YALI0F25025g
YALI0E11847g,YALI0E14949g
YALI0E11847g,YALI0E30602g
YALI0E11847g,YALI0E26895g
YALI0E11847g,YALI0F18898g
YALI0E11847g,YALI0E23584g
YALI0E11847g,YALI0E09933g
YALI0E11847g,YALI0A11407g
YALI0C21560g,YALI0C06820g
YALI0C21560g,YALI0B05896g
YALI0C21560g,YALI0C15895g
YALI0C21560g,YALI0D05753g
YALI0C21560g,YALI0F24695g
YALI0C21560g,YALI0F24123g
YALI0C21560g,YALI0E23584g
YALI0C21560g,YALI0D12749g
YALI0C21560g,YALI0E12705g
YALI0D21912g,YALI0D18106g
YALI0D21912g,YALI0B19162g
YALI0E10637g,YALI0E03784g
YALI0B22440g,YALI0A16698g
YALI0B22440g,YALI0B19162g
YALI0B22440g,YALI0C17237g
YALI0D13794g,YALI0E17787g
YALI0D13794g,YALI0E33539g
YALI0E16060g,YALI0B03982g
YALI0E16060g,YALI0C06798g
YALI0E16060g,YALI0E33539g
YALI0E16060g,YALI0F18898g
YALI0E16060g,YALI0C00649g
YALI0E16060g,YALI0F10461g
YALI0E22715g,YALI0C22341g
YALI0F01034g,YALI0D17086g
YALI0F01034g,YALI0A16797g
YALI0F01034g,YALI0E13189g
YALI0F01034g,YALI0F10659g
YALI0F01034g,YALI0C19965g
YALI0F01034g,YALI0D11594g
YALI0F01034g,YALI0F13805g
YALI0F01034g,YALI0A19844g
YALI0E33165g,YALI0E33077g
YALI0E33165g,YALI0F06826g
YALI0E33165g,YALI0F26411g
YALI0E33165g,YALI0E18590g
YALI0E33165g,YALI0B06116g
YALI0E33165g,YALI0A04345g
YALI0E33165g,YALI0E20669g
YALI0E33165g,YALI0B18414g
YALI0E33165g,YALI0F20724g
YALI0E33165g,Q3ZBD7
YALI0A04345g,YALI0E33077g
YALI0A04345g,YALI0F18898g
YALI0A04345g,YALI0F06826g
YALI0A04345g,YALI0B06116g
YALI0A04345g,YALI0B18414g
YALI0A04345g,YALI0F20724g
YALI0A04345g,YALI0B07623g
YALI0A04345g,Q3ZBD7
YALI0A04345g,YALI0F00132g
YALI0E03784g,YALI0E14949g
YALI0E03784g,YALI0C03179g
YALI0E03784g,YALI0F14663g
YALI0D11264g,YALI0F04730g
YALI0D11264g,YALI0F26411g
YALI0D11264g,YALI0B19162g
YALI0D11264g,YALI0F01738g
YALI0D12749g,YALI0B05896g
YALI0D12749g,YALI0D05753g
YALI0D12749g,YALI0F06826g
YALI0D12749g,YALI0F26411g
YALI0D12749g,YALI0B09119g
YALI0D12749g,YALI0F16753g
YALI0D12749g,Q3ZBD7
YALI0D14080g,YALI0A02134g
YALI0D14080g,YALI0F11583g
YALI0D14080g,YALI0E06149g
YALI0C06798g,YALI0B03982g
YALI0C06798g,Q12724
YALI0C06798g,YALI0F08393g
YALI0C06798g,YALI0E33539g
YALI0C06798g,YALI0C00649g
YALI0C06798g,YALI0A15708g
YALI0C06798g,YALI0F20570g
YALI0F18898g,YALI0B03982g
YALI0F18898g,YALI0E03388g
YALI0F18898g,YALI0F08393g
YALI0F18898g,YALI0F04730g
YALI0F18898g,YALI0E33077g
YALI0F18898g,YALI0D04422g
YALI0F18898g,YALI0E14795g
YALI0F18898g,YALI0F06826g
YALI0F18898g,YALI0F26411g
YALI0F18898g,YALI0B09119g
YALI0F18898g,YALI0C00649g
YALI0F18898g,YALI0E09471g
YALI0F18898g,YALI0C06996g
YALI0F18898g,YALI0C12918g
YALI0F18898g,YALI0F31119g
YALI0F18898g,YALI0E31317g
YALI0F18898g,YALI0B19162g
YALI0F18898g,YALI0B06116g
YALI0F18898g,YALI0E10747g
YALI0F18898g,YALI0B10758g
YALI0F18898g,YALI0D13948g
YALI0F18898g,YALI0E25223g
YALI0F18898g,YALI0C17083g
YALI0F18898g,YALI0F26807g
YALI0F18898g,YALI0C17237g
YALI0F18898g,YALI0B07623g
YALI0F18898g,YALI0C05324g
YALI0F18898g,YALI0D26488g
YALI0F18898g,Q3ZBD7
YALI0F18898g,YALI0F00132g
YALI0F18898g,YALI0F06490g
YALI0F02805g,YALI0B14509g
YALI0F02805g,YALI0C15895g
YALI0F02805g,YALI0E20581g
YALI0A03685g,YALI0E27830g
YALI0A03685g,YALI0E14795g
YALI0A03685g,YALI0F06826g
YALI0A03685g,YALI0D21956g
YALI0A03685g,YALI0E31317g
YALI0A03685g,YALI0B06116g
YALI0A03685g,YALI0C17083g
YALI0A03685g,YALI0C17237g
YALI0A03685g,YALI0B07623g
YALI0A03685g,YALI0D26488g
YALI0A03685g,YALI0E06919g
YALI0A03685g,YALI0F00132g
YALI0A03685g,YALI0B13112g
YALI0B20504g,YALI0F03179g
YALI0B20504g,YALI0A00132g
YALI0B20504g,YALI0B15125g
YALI0B20504g,YALI0F05676g
YALI0B20504g,YALI0F04037g
YALI0B20504g,YALI0C15895g
YALI0B20504g,YALI0D20614g
YALI0F08701g,YALI0E16643g
YALI0F08701g,YALI0E13618g
YALI0F08701g,YALI0B06116g
YALI0F08701g,YALI0B10758g
YALI0F08701g,YALI0C17083g
YALI0F08701g,YALI0F26807g
YALI0F08701g,YALI0B07623g
YALI0F08701g,YALI0F27247g
YALI0F08701g,YALI0F16918g
YALI0F04037g,YALI0A00132g
YALI0F04037g,YALI0D12400g
YALI0F04037g,YALI0B15125g
YALI0F04037g,YALI0C21824g
YALI0B09119g,YALI0B05896g
YALI0B09119g,YALI0E29579g
YALI0B09119g,YALI0E33077g
YALI0B09119g,YALI0E14795g
YALI0B09119g,YALI0D17086g
YALI0B09119g,YALI0F06826g
YALI0B09119g,YALI0F26411g
YALI0B09119g,YALI0A02134g
YALI0B09119g,YALI0B19162g
YALI0B09119g,YALI0E18590g
YALI0B09119g,YALI0B06116g
YALI0B09119g,YALI0D13068g
YALI0B09119g,YALI0B10758g
YALI0B09119g,YALI0D13948g
YALI0B09119g,YALI0F10659g
YALI0B09119g,YALI0D24453g
YALI0B09119g,YALI0D11594g
YALI0B09119g,YALI0F13805g
YALI0B09119g,Q3ZBD7
YALI0B09119g,YALI0F00132g
YALI0B09119g,YALI0F06490g
YALI0D20614g,YALI0F03179g
YALI0D20614g,YALI0A00132g
YALI0D20614g,YALI0F00484g
YALI0D20614g,YALI0B15125g
YALI0D20614g,YALI0C06820g
YALI0D20614g,YALI0C15895g
YALI0D20614g,YALI0E20581g
YALI0D20614g,YALI0B08866g
YALI0D20614g,YALI0F24123g
YALI0D20614g,YALI0B08748g
YALI0D20614g,YALI0D27148g
YALI0D20614g,YALI0E23584g
YALI0D20614g,YALI0E19701g
YALI0D20614g,YALI0D05731g
YALI0D20614g,YALI0D07304g
YALI0D20614g,YALI0C10901g
YALI0F00132g,YALI0E27830g
YALI0F00132g,YALI0E13618g
YALI0F00132g,YALI0A16379g
YALI0F00132g,YALI0E33077g
YALI0F00132g,YALI0E14949g
YALI0F00132g,YALI0E14795g
YALI0F00132g,YALI0F06826g
YALI0F00132g,YALI0F26411g
YALI0F00132g,YALI0F30899g
YALI0F00132g,YALI0A04367g
YALI0F00132g,YALI0E03080g
YALI0F00132g,YALI0F10153g
YALI0F00132g,YALI0E31317g
YALI0F00132g,YALI0E18590g
YALI0F00132g,YALI0B06116g
YALI0F00132g,YALI0B10758g
YALI0F00132g,YALI0E09933g
YALI0F00132g,YALI0C17083g
YALI0F00132g,YALI0F26807g
YALI0F00132g,YALI0C17237g
YALI0F00132g,YALI0B07623g
YALI0F00132g,YALI0F27247g
YALI0F00132g,YALI0D26488g
YALI0F00132g,YALI0B23210g
YALI0F00132g,YALI0E06919g
YALI0F00132g,Q3ZBD7
YALI0F00132g,YALI0F06490g
YALI0B04136g,YALI0E30481g
YALI0B04136g,YALI0A16379g
YALI0B04136g,YALI0F30899g
YALI0B04136g,YALI0A12705g
YALI0B04136g,YALI0D25696g
YALI0B04136g,YALI0C12947g
YALI0A15576g,YALI0F04730g
YALI0A15576g,YALI0F10153g
YALI0A15576g,YALI0B05280g
YALI0A15576g,YALI0D18810g
YALI0A15576g,YALI0E00902g
YALI0A15576g,YALI0D07788g
YALI0E13277g,YALI0B14509g
YALI0E13277g,YALI0D04983g
YALI0B14399g,YALI0E12683g
YALI0B14399g,YALI0B14509g
YALI0B14399g,YALI0D16357g
YALI0A16797g,YALI0E13189g
YALI0A16797g,YALI0D11594g
YALI0A16797g,YALI0F13805g
YALI0B05896g,YALI0F24695g
YALI0B05896g,YALI0F24123g
YALI0B05896g,YALI0E23584g
YALI0B05896g,YALI0F26411g
YALI0B05896g,YALI0D25190g
YALI0D12606g,YALI0E32208g
YALI0D12606g,YALI0A12705g
YALI0C11561g,YALI0D01914g
YALI0D13948g,Q12724
YALI0D13948g,YALI0F04730g
YALI0D13948g,YALI0E33077g
YALI0D13948g,YALI0D17086g
YALI0D13948g,YALI0F26411g
YALI0D13948g,YALI0C00649g
YALI0D13948g,YALI0A02134g
YALI0D13948g,YALI0A00638g
YALI0D13948g,YALI0B19162g
YALI0D13948g,YALI0D17952g
YALI0D13948g,YALI0B05280g
YALI0D13948g,YALI0C16346g
YALI0D13948g,YALI0F10659g
YALI0D13948g,YALI0E25223g
YALI0D13948g,YALI0D26752g
YALI0D13948g,YALI0D19888g
YALI0D13948g,YALI0C19965g
YALI0D13948g,YALI0D11594g
YALI0D13948g,YALI0F13805g
YALI0D13948g,YALI0F06490g
YALI0D13948g,YALI0A19844g
YALI0E04807g,YALI0F04730g
YALI0E04807g,YALI0E29579g
YALI0E04807g,YALI0E33077g
YALI0E04807g,YALI0F26411g
YALI0E04807g,YALI0E09471g
YALI0E04807g,YALI0C12918g
YALI0E04807g,YALI0D16797g
YALI0E04807g,YALI0E18590g
YALI0E04807g,YALI0B06116g
YALI0E04807g,YALI0B10758g
YALI0E04807g,YALI0D26752g
YALI0E04807g,YALI0C17083g
YALI0E04807g,YALI0C19965g
YALI0B08866g,YALI0F00484g
YALI0B08866g,YALI0C15895g
YALI0B08866g,YALI0F24123g
YALI0B08866g,YALI0E19701g
YALI0B08866g,YALI0D07304g
YALI0B08866g,YALI0C10901g
YALI0D24453g,YALI0F06826g
YALI0C00649g,YALI0B03982g
YALI0C00649g,Q12724
YALI0C00649g,YALI0B05280g
YALI0B12188g,YALI0E32208g
YALI0D06149g,YALI0D00693g
Q12724,YALI0B03982g
Q12724,YALI0B22902g
Q12724,YALI0F08393g
Q12724,YALI0D17086g
Q12724,YALI0A20702g
Q12724,YALI0B05280g
Q12724,YALI0B13112g
YALI0F12749g,YALI0F26411g
YALI0B00880g,YALI0E07315g
YALI0F10153g,YALI0E13618g
YALI0F10153g,YALI0A16379g
YALI0F10153g,YALI0E14795g
YALI0F10153g,YALI0F06826g
YALI0F10153g,YALI0F30899g
YALI0F10153g,YALI0E12221g
YALI0F10153g,YALI0D21956g
YALI0F10153g,YALI0A04367g
YALI0F10153g,YALI0F06732g
YALI0F10153g,YALI0E26851g
YALI0F10153g,YALI0E31317g
YALI0F10153g,YALI0B19162g
YALI0F10153g,YALI0E18590g
YALI0F10153g,YALI0B06116g
YALI0F10153g,YALI0B10758g
YALI0F10153g,YALI0B05280g
YALI0F10153g,YALI0D18810g
YALI0F10153g,YALI0E09933g
YALI0F10153g,YALI0C17083g
YALI0F10153g,YALI0F26807g
YALI0F10153g,YALI0C17237g
YALI0F10153g,YALI0F27247g
YALI0F10153g,YALI0C23232g
YALI0F10153g,YALI0B14058g
YALI0F10153g,YALI0A16566g
YALI0F10153g,YALI0D26488g
YALI0F10153g,YALI0B23210g
YALI0F10153g,YALI0E00902g
YALI0F10153g,YALI0D07788g
YALI0F10153g,YALI0F16918g
YALI0F10153g,YALI0E06919g
YALI0F10153g,Q3ZBD7
YALI0F10153g,YALI0F06490g
YALI0F16665g,YALI0D19250g
YALI0C17083g,YALI0E03388g
YALI0C17083g,YALI0E13618g
YALI0C17083g,YALI0F04730g
YALI0C17083g,YALI0A16379g
YALI0C17083g,YALI0E33077g
YALI0C17083g,YALI0E14949g
YALI0C17083g,YALI0E14795g
YALI0C17083g,YALI0F06826g
YALI0C17083g,YALI0F26411g
YALI0C17083g,YALI0F30899g
YALI0C17083g,YALI0E12221g
YALI0C17083g,YALI0C06996g
YALI0C17083g,YALI0A04367g
YALI0C17083g,YALI0E03080g
YALI0C17083g,YALI0E26851g
YALI0C17083g,YALI0E31317g
YALI0C17083g,YALI0B19162g
YALI0C17083g,YALI0E18590g
YALI0C17083g,YALI0B06116g
YALI0C17083g,YALI0B10758g
YALI0C17083g,YALI0B18722g
YALI0C17083g,YALI0E09933g
YALI0C17083g,YALI0F26807g
YALI0C17083g,YALI0C17237g
YALI0C17083g,YALI0B07623g
YALI0C17083g,YALI0F27247g
YALI0C17083g,YALI0C05324g
YALI0C17083g,YALI0A16566g
YALI0C17083g,YALI0D26488g
YALI0C17083g,YALI0B23210g
YALI0C17083g,YALI0D07788g
YALI0C17083g,YALI0F16918g
YALI0C17083g,YALI0E06919g
YALI0C17083g,Q3ZBD7
YALI0C17083g,YALI0B13112g
YALI0C17083g,YALI0F06490g
YALI0C17083g,YALI0A11407g
YALI0E12705g,YALI0C15895g
YALI0E12705g,YALI0F24123g
YALI0E12705g,YALI0E23584g
YALI0E12705g,YALI0E19701g
YALI0E12705g,Q9B6D5
YALI0D19888g,YALI0D17086g
YALI0D19888g,YALI0F13805g
YALI0D19888g,YALI0F06490g
YALI0A19844g,YALI0D17086g
YALI0A19844g,YALI0F30459g
YALI0A19844g,YALI0E05225g
YALI0A19844g,YALI0D17952g
YALI0A19844g,YALI0F10659g
YALI0A19844g,YALI0D26752g
YALI0A19844g,YALI0C19965g
YALI0A19844g,YALI0D11594g
YALI0A16379g,YALI0E03388g
YALI0A16379g,YALI0E13618g
YALI0A16379g,YALI0F25025g
YALI0A16379g,YALI0E14949g
YALI0A16379g,YALI0E14795g
YALI0A16379g,YALI0E34309g
YALI0A16379g,YALI0F06826g
YALI0A16379g,YALI0F30899g
YALI0A16379g,YALI0A12705g
YALI0A16379g,YALI0A04367g
YALI0A16379g,YALI0E03080g
YALI0A16379g,YALI0E31317g
YALI0A16379g,YALI0B19162g
YALI0A16379g,YALI0B06116g
YALI0A16379g,YALI0B10758g
YALI0A16379g,YALI0A15708g
YALI0A16379g,YALI0E09933g
YALI0A16379g,YALI0F26807g
YALI0A16379g,YALI0F27247g
YALI0A16379g,YALI0B23210g
YALI0A16379g,YALI0D07788g
YALI0A16379g,YALI0F16918g
YALI0A16379g,Q3ZBD7
YALI0A16379g,YALI0A10164g
YALI0C13112g,YALI0D02365g
YALI0C13112g,YALI0B23210g
YALI0C13112g,YALI0D07788g
YALI0F02629g,YALI0D12400g
YALI0E17787g,YALI0F17820g
YALI0E17787g,YALI0E03388g
YALI0E17787g,YALI0D00693g
YALI0E17787g,YALI0C21824g
YALI0E17787g,YALI0E14949g
YALI0E14212g,YALI0D08272g
YALI0E14212g,YALI0F02497g
YALI0D19250g,YALI0F06732g
YALI0D19250g,YALI0E26851g
YALI0F10197g,YALI0E14949g
YALI0F08327g,YALI0E03388g
YALI0F08327g,YALI0E13618g
YALI0F08327g,YALI0B07623g
YALI0B14058g,YALI0E14795g
YALI0B14058g,YALI0E12221g
YALI0B14058g,YALI0F31163g
YALI0B14058g,YALI0F16918g
YALI0E18590g,YALI0E13618g
YALI0E18590g,YALI0E29579g
YALI0E18590g,YALI0E33077g
YALI0E18590g,YALI0E14795g
YALI0E18590g,YALI0F06826g
YALI0E18590g,YALI0F26411g
YALI0E18590g,YALI0F30899g
YALI0E18590g,YALI0A02134g
YALI0E18590g,YALI0C22341g
YALI0E18590g,YALI0E13189g
YALI0E18590g,YALI0E03080g
YALI0E18590g,YALI0E31317g
YALI0E18590g,YALI0B06116g
YALI0E18590g,YALI0B10758g
YALI0E18590g,YALI0F26807g
YALI0E18590g,YALI0F27247g
YALI0E18590g,YALI0B23210g
YALI0E18590g,YALI0D07788g
YALI0E18590g,YALI0E06919g
YALI0E18590g,Q3ZBD7
YALI0E18590g,YALI0F06490g
YALI0E27830g,YALI0F06826g
YALI0E27830g,YALI0B06116g
YALI0E27830g,YALI0B10758g
YALI0E27830g,YALI0F26807g
YALI0E27830g,YALI0B07623g
YALI0E27830g,YALI0C05324g
YALI0E27830g,Q3ZBD7
YALI0F24695g,YALI0C06820g
YALI0F24695g,YALI0C15895g
YALI0F24695g,YALI0D05753g
YALI0F24695g,YALI0F24123g
YALI0F24695g,YALI0E30602g
YALI0F24695g,YALI0E23584g
YALI0F24695g,YALI0E19701g
YALI0E12683g,YALI0A00132g
YALI0E12683g,YALI0B14509g
YALI0E12683g,YALI0F00484g
YALI0E12683g,YALI0B01364g
YALI0E12683g,YALI0F02497g
YALI0E12683g,YALI0E01056g
YALI0E12683g,YALI0B09361g
YALI0E12683g,YALI0E15081g
YALI0A02134g,YALI0E29579g
YALI0A02134g,YALI0E33077g
YALI0A02134g,YALI0D17086g
YALI0A02134g,YALI0F06826g
YALI0A02134g,YALI0F26411g
YALI0A02134g,YALI0B19162g
YALI0A02134g,YALI0B06116g
YALI0A02134g,YALI0D13068g
YALI0A02134g,YALI0B10758g
YALI0A02134g,YALI0E06149g
YALI0A02134g,YALI0F13805g
YALI0A02134g,YALI0E06919g
YALI0A02134g,Q3ZBD7
YALI0A02134g,YALI0F06490g
YALI0C21494g,YALI0A17985g
YALI0D07788g,YALI0E03388g
YALI0D07788g,YALI0F04730g
YALI0D07788g,YALI0E29579g
YALI0D07788g,YALI0E14795g
YALI0D07788g,YALI0A12705g
YALI0D07788g,YALI0A04367g
YALI0D07788g,YALI0E31317g
YALI0D07788g,YALI0B19162g
YALI0D07788g,YALI0B06116g
YALI0D07788g,YALI0F18656g
YALI0D07788g,YALI0B05280g
YALI0D07788g,YALI0C17237g
YALI0D07788g,YALI0D02365g
YALI0D07788g,YALI0D26488g
YALI0D07788g,YALI0B23210g
YALI0D07788g,YALI0E06919g
YALI0D07788g,YALI0F06490g
YALI0D07788g,YALI0A11407g
YALI0F00484g,YALI0F02497g
YALI0F00484g,YALI0D27148g
YALI0F00484g,YALI0E19701g
YALI0F00484g,YALI0C10901g
YALI0F12199g,YALI0E09471g
YALI0B05280g,YALI0F04730g
YALI0B05280g,YALI0D17086g
YALI0B05280g,YALI0E12221g
YALI0B05280g,YALI0C06996g
YALI0B05280g,YALI0F31163g
YALI0B05280g,YALI0B19162g
YALI0B05280g,YALI0F10659g
YALI0B05280g,YALI0D18810g
YALI0B05280g,YALI0D26752g
YALI0B05280g,YALI0C19965g
YALI0B05280g,YALI0F06490g
YALI0C17237g,YALI0E03388g
YALI0C17237g,YALI0F04730g
YALI0C17237g,YALI0E14949g
YALI0C17237g,YALI0E14795g
YALI0C17237g,YALI0F06826g
YALI0C17237g,YALI0E12221g
YALI0C17237g,YALI0C06996g
YALI0C17237g,YALI0A04367g
YALI0C17237g,YALI0F06732g
YALI0C17237g,YALI0E26851g
YALI0C17237g,YALI0E31317g
YALI0C17237g,YALI0B19162g
YALI0C17237g,YALI0B06116g
YALI0C17237g,YALI0B10758g
YALI0C17237g,YALI0D18810g
YALI0C17237g,YALI0E09933g
YALI0C17237g,YALI0F26807g
YALI0C17237g,YALI0B07623g
YALI0C17237g,YALI0C05324g
YALI0C17237g,YALI0A16566g
YALI0C17237g,YALI0D26488g
YALI0C17237g,YALI0E03762g
YALI0C17237g,YALI0B23210g
YALI0C17237g,Q32PJ2
YALI0C17237g,YALI0F16918g
YALI0C17237g,YALI0E06919g
YALI0C17237g,Q3ZBD7
YALI0C17237g,YALI0F06490g
YALI0C17237g,YALI0A11407g
Q3ZBD7,YALI0E13618g
Q3ZBD7,YALI0E33077g
Q3ZBD7,YALI0E14795g
Q3ZBD7,YALI0F06826g
Q3ZBD7,YALI0F26411g
Q3ZBD7,YALI0F30899g
Q3ZBD7,YALI0E09471g
Q3ZBD7,YALI0C06996g
Q3ZBD7,YALI0E31317g
Q3ZBD7,YALI0B19162g
Q3ZBD7,YALI0B06116g
Q3ZBD7,YALI0D13068g
Q3ZBD7,YALI0B10758g
Q3ZBD7,YALI0B18414g
Q3ZBD7,YALI0F26807g
Q3ZBD7,YALI0F20724g
Q3ZBD7,YALI0B07623g
Q3ZBD7,YALI0F27247g
Q3ZBD7,YALI0C05324g
Q3ZBD7,YALI0F13805g
Q3ZBD7,YALI0E06919g
Q3ZBD7,YALI0B13112g
Q3ZBD7,YALI0F06490g
YALI0E01056g,YALI0B01364g
YALI0E23584g,YALI0F03179g
YALI0E23584g,YALI0F17820g
YALI0E23584g,YALI0C06820g
YALI0E23584g,YALI0C15895g
YALI0E23584g,YALI0E20581g
YALI0E23584g,YALI0D10263g
YALI0E23584g,YALI0D05753g
YALI0E23584g,YALI0F24123g
YALI0E23584g,YALI0E14949g
YALI0E23584g,YALI0E30602g
YALI0E23584g,YALI0D13728g
YALI0E23584g,YALI0E19701g
YALI0E23584g,YALI0D05731g
YALI0E23584g,YALI0D07304g
YALI0E23584g,YALI0D15928g
YALI0D06688g,YALI0F05676g
YALI0A10703g,YALI0E03388g
YALI0A10703g,YALI0E13618g
YALI0A10703g,YALI0E14949g
YALI0A10703g,YALI0E14795g
YALI0A10703g,YALI0E09933g
YALI0F10659g,YALI0E33077g
YALI0F10659g,YALI0D17086g
YALI0F10659g,YALI0F26411g
YALI0F10659g,YALI0F30459g
YALI0F10659g,YALI0E09471g
YALI0F10659g,YALI0E05225g
YALI0F10659g,YALI0D17952g
YALI0F10659g,YALI0C16346g
YALI0F10659g,YALI0D26752g
YALI0F10659g,YALI0C19965g
YALI0F10659g,YALI0D11594g
YALI0F10659g,YALI0F13805g
YALI0F08569g,YALI0C15895g
YALI0F24123g,YALI0C06820g
YALI0F24123g,YALI0F05676g
YALI0F24123g,YALI0C15895g
YALI0F24123g,YALI0E20581g
YALI0F24123g,YALI0D05753g
YALI0F24123g,YALI0E19701g
YALI0F24123g,YALI0D15928g
YALI0F05676g,YALI0E20581g
YALI0F25025g,YALI0F08393g
YALI0F25025g,YALI0E13618g
YALI0F25025g,YALI0E29579g
YALI0F25025g,YALI0F30899g
YALI0F25025g,YALI0A12705g
YALI0F25025g,YALI0B10758g
YALI0F25025g,YALI0C22165g
YALI0D26752g,YALI0F04730g
YALI0D26752g,YALI0E33077g
YALI0D26752g,YALI0D17086g
YALI0D26752g,YALI0F26411g
YALI0D26752g,YALI0F30459g
YALI0D26752g,YALI0E09471g
YALI0D26752g,YALI0C12918g
YALI0D26752g,YALI0E05225g
YALI0D26752g,YALI0D17952g
YALI0D26752g,YALI0C19965g
YALI0D26752g,YALI0D11594g
YALI0D26752g,YALI0F13805g
YALI0D10263g,YALI0F17820g
YALI0D10263g,YALI0C06820g
YALI0D25696g,YALI0E30481g
YALI0F05632g,YALI0A15708g
YALI0E03388g,YALI0B03982g
YALI0E03388g,YALI0F08393g
YALI0E03388g,YALI0E13618g
YALI0E03388g,YALI0E14949g
YALI0E03388g,YALI0E14795g
YALI0E03388g,YALI0F30899g
YALI0E03388g,YALI0A12705g
YALI0E03388g,YALI0A04367g
YALI0E03388g,YALI0F06732g
YALI0E03388g,YALI0E03080g
YALI0E03388g,YALI0E31317g
YALI0E03388g,YALI0B06116g
YALI0E03388g,YALI0E09933g
YALI0E03388g,YALI0B07623g
YALI0E03388g,YALI0D26488g
YALI0E03388g,YALI0B23210g
YALI0E03388g,Q32PJ2
YALI0E03388g,YALI0F06490g
YALI0E03388g,YALI0A11407g
YALI0F06490g,YALI0E16643g
YALI0F06490g,YALI0F08393g
YALI0F06490g,YALI0E13618g
YALI0F06490g,YALI0F04730g
YALI0F06490g,YALI0E29579g
YALI0F06490g,YALI0E33077g
YALI0F06490g,YALI0E14795g
YALI0F06490g,YALI0D17086g
YALI0F06490g,YALI0F06826g
YALI0F06490g,YALI0F26411g
YALI0F06490g,YALI0F30899g
YALI0F06490g,YALI0E12221g
YALI0F06490g,YALI0D21956g
YALI0F06490g,YALI0A04367g
YALI0F06490g,YALI0E26851g
YALI0F06490g,YALI0E31317g
YALI0F06490g,YALI0B19162g
YALI0F06490g,YALI0B06116g
YALI0F06490g,YALI0D13068g
YALI0F06490g,YALI0B10758g
YALI0F06490g,YALI0E09933g
YALI0F06490g,YALI0F26807g
YALI0F06490g,YALI0B07623g
YALI0F06490g,YALI0F27247g
YALI0F06490g,YALI0A16566g
YALI0F06490g,YALI0D26488g
YALI0F06490g,YALI0B23210g
YALI0F06490g,YALI0F16918g
YALI0F06490g,YALI0E06919g
YALI0D24299g,YALI0D25190g
YALI0A20702g,YALI0B22902g
YALI0B03982g,YALI0E16643g
YALI0B03982g,YALI0F08393g
YALI0B03982g,YALI0E10747g
YALI0D02365g,YALI0A04367g
YALI0D02365g,YALI0F27995g
YALI0D02365g,YALI0A16566g
YALI0D02365g,YALI0B23210g
YALI0D02365g,YALI0E00902g
YALI0D25190g,YALI0E29579g
YALI0E00902g,YALI0A04367g
YALI0E00902g,YALI0F16918g
YALI0E15081g,YALI0A00132g
YALI0E15081g,YALI0B01364g
YALI0E15081g,YALI0E17765g
YALI0B13112g,YALI0D21956g
YALI0B13112g,YALI0E31317g
YALI0B13112g,YALI0F27247g
YALI0E03080g,YALI0E13618g
YALI0E03080g,YALI0E14949g
YALI0E03080g,YALI0E14795g
YALI0E03080g,YALI0A04367g
YALI0E03080g,YALI0B06116g
YALI0E03080g,YALI0B10758g
YALI0E03080g,YALI0E09933g
YALI0E03080g,YALI0B07623g
YALI0E03080g,YALI0D26488g
YALI0E03080g,YALI0B23210g
YALI0E13618g,YALI0E14949g
YALI0E13618g,YALI0E14795g
YALI0E13618g,YALI0F06826g
YALI0E13618g,YALI0F30899g
YALI0E13618g,YALI0F31735g
YALI0E13618g,YALI0A04367g
YALI0E13618g,YALI0E31317g
YALI0E13618g,YALI0B06116g
YALI0E13618g,YALI0B10758g
YALI0E13618g,YALI0A15708g
YALI0E13618g,YALI0E09933g
YALI0E13618g,YALI0B07623g
YALI0E13618g,YALI0F27247g
YALI0E13618g,YALI0B23210g
YALI0E13618g,YALI0F16918g
YALI0E13618g,YALI0E06919g
YALI0D16797g,YALI0D17086g
YALI0D16797g,YALI0E09471g
YALI0D16797g,YALI0C12918g
YALI0D16797g,YALI0F23573g
YALI0D16797g,YALI0C19965g
YALI0D26488g,YALI0F04730g
YALI0D26488g,YALI0E14949g
YALI0D26488g,YALI0E14795g
YALI0D26488g,YALI0F06826g
YALI0D26488g,YALI0E12221g
YALI0D26488g,YALI0C06996g
YALI0D26488g,YALI0A04367g
YALI0D26488g,YALI0F06732g
YALI0D26488g,YALI0C16027g
YALI0D26488g,YALI0E26851g
YALI0D26488g,YALI0E31317g
YALI0D26488g,YALI0B19162g
YALI0D26488g,YALI0B06116g
YALI0D26488g,YALI0B10758g
YALI0D26488g,YALI0D18810g
YALI0D26488g,YALI0E09933g
YALI0D26488g,YALI0F26807g
YALI0D26488g,YALI0B07623g
YALI0D26488g,YALI0F27247g
YALI0D26488g,YALI0C05324g
YALI0D26488g,YALI0A16566g
YALI0D26488g,YALI0E03762g
YALI0D26488g,YALI0B23210g
YALI0D26488g,YALI0F16918g
YALI0D26488g,YALI0E06919g
YALI0D26488g,YALI0A11407g
YALI0C06820g,YALI0F03179g
YALI0C06820g,YALI0F17820g
YALI0C06820g,YALI0D05753g
YALI0C06820g,YALI0E14949g
YALI0C06820g,YALI0E30602g
YALI0C06820g,YALI0D13728g
YALI0C06820g,YALI0E26895g
YALI0C06820g,YALI0E19701g
YALI0C06820g,YALI0D05731g
YALI0C06820g,YALI0D07304g
YALI0A12705g,YALI0E29579g
YALI0A12705g,YALI0E16016g
YALI0A12705g,YALI0F30899g
YALI0A12705g,YALI0A04367g
YALI0A12705g,YALI0B23210g
YALI0A12705g,YALI0C12947g
YALI0A12705g,YALI0A11407g
YALI0A12705g,YALI0A10164g
YALI0F02497g,YALI0B14509g
YALI0F02497g,YALI0E20581g
YALI0F02497g,YALI0B09361g
YALI0C10945g,YALI0B19162g
YALI0C10945g,YALI0E09933g
YALI0F26807g,YALI0F04730g
YALI0F26807g,YALI0E33077g
YALI0F26807g,YALI0E14795g
YALI0F26807g,YALI0F06826g
YALI0F26807g,YALI0F26411g
YALI0F26807g,YALI0F30899g
YALI0F26807g,YALI0E09471g
YALI0F26807g,YALI0C12918g
YALI0F26807g,YALI0A04367g
YALI0F26807g,YALI0F31119g
YALI0F26807g,YALI0E31317g
YALI0F26807g,YALI0B19162g
YALI0F26807g,YALI0B06116g
YALI0F26807g,YALI0B10758g
YALI0F26807g,YALI0B07623g
YALI0F26807g,YALI0F27247g
YALI0F26807g,YALI0C05324g
YALI0F26807g,YALI0B23210g
YALI0F26807g,YALI0F16918g
YALI0F26807g,YALI0E06919g
YALI0F31163g,YALI0D17086g
YALI0D13024g,YALI0B19250g
YALI0D13024g,YALI0F11583g
YALI0D18810g,YALI0F04730g
YALI0D18810g,YALI0E12221g
YALI0D18810g,YALI0E31317g
YALI0D18810g,YALI0D17952g
YALI0D18810g,YALI0C05324g
YALI0D18810g,YALI0D22506g
YALI0D18810g,YALI0A16566g
YALI0F02849g,YALI0A00132g
YALI0F02849g,YALI0E17765g
YALI0F20724g,YALI0E33077g
YALI0F20724g,YALI0F06826g
YALI0F20724g,YALI0F26411g
YALI0F20724g,YALI0E31317g
YALI0F20724g,YALI0B06116g
YALI0F20724g,YALI0D13068g
YALI0F20724g,YALI0B18414g
YALI0F20724g,YALI0E25223g
YALI0E03762g,YALI0A04367g
YALI0E03762g,YALI0F16918g
YALI0F16753g,YALI0E33077g
YALI0C21824g,YALI0D12400g
YALI0C21824g,YALI0E14949g
YALI0A10164g,YALI0A11407g
YALI0F27247g,YALI0E14949g
YALI0F27247g,YALI0E14795g
YALI0F27247g,YALI0F06826g
YALI0F27247g,YALI0F30899g
YALI0F27247g,YALI0A04367g
YALI0F27247g,YALI0E31317g
YALI0F27247g,YALI0B06116g
YALI0F27247g,YALI0B10758g
YALI0F27247g,YALI0F16918g
YALI0F27247g,YALI0E06919g
YALI0B14509g,YALI0D08272g
YALI0B14509g,YALI0B01364g
YALI0C05324g,YALI0F04730g
YALI0C05324g,YALI0F06826g
YALI0C05324g,YALI0F26411g
YALI0C05324g,YALI0E31317g
YALI0C05324g,YALI0B19162g
YALI0C05324g,YALI0B06116g
YALI0F20570g,YALI0C12918g
YALI0E09933g,YALI0E14949g
YALI0E09933g,YALI0E26895g
YALI0E09933g,YALI0E14795g
YALI0E09933g,YALI0A04367g
YALI0E09933g,YALI0E26851g
YALI0E09933g,YALI0E31317g
YALI0E09933g,YALI0B06116g
YALI0E09933g,YALI0B10758g
YALI0E09933g,YALI0C03201g
YALI0E09933g,YALI0A16566g
YALI0E09933g,YALI0B23210g
YALI0E09933g,YALI0F16918g
YALI0E09933g,YALI0A11407g
YALI0E13189g,YALI0B17512g
YALI0E13189g,YALI0B18414g
YALI0E13189g,YALI0F11583g
YALI0E13189g,YALI0C19965g
YALI0E13189g,YALI0D11594g
YALI0E13189g,YALI0F13805g
YALI0A00132g,YALI0F03179g
YALI0A00132g,YALI0B01364g
YALI0A00132g,YALI0B15125g
YALI0A00132g,YALI0D00693g
YALI0A00132g,YALI0E17765g
YALI0A00132g,YALI0D07304g
YALI0B23210g,YALI0F04730g
YALI0B23210g,YALI0E14795g
YALI0B23210g,YALI0E12221g
YALI0B23210g,YALI0A04367g
YALI0B23210g,YALI0E31317g
YALI0B23210g,YALI0B19162g
YALI0B23210g,YALI0B06116g
YALI0B23210g,YALI0B10758g
YALI0B23210g,YALI0F18656g
YALI0B23210g,YALI0A16566g
YALI0B23210g,YALI0F16918g
YALI0B23210g,YALI0E06919g
YALI0B23210g,YALI0A11407g
YALI0D04983g,YALI0F25113g
YALI0C24354g,YALI0C10901g
YALI0E05225g,YALI0F30459g
YALI0E05225g,YALI0D17952g
YALI0C22165g,YALI0D04422g
YALI0B08748g,YALI0E30602g
YALI0E26895g,YALI0D16423g
YALI0D17952g,YALI0D17086g
YALI0D17952g,YALI0F30459g
YALI0D17952g,YALI0F06116g
YALI0E22935g,YALI0F11033g
YALI0D05753g,YALI0E14949g
YALI0D05753g,YALI0E30602g
YALI0F26411g,YALI0F04730g
YALI0F26411g,YALI0E29579g
YALI0F26411g,YALI0E33077g
YALI0F26411g,YALI0D17086g
YALI0F26411g,YALI0F06826g
YALI0F26411g,YALI0E09471g
YALI0F26411g,YALI0C22341g
YALI0F26411g,YALI0C12918g
YALI0F26411g,YALI0B19162g
YALI0F26411g,YALI0B06116g
YALI0F26411g,YALI0D13068g
YALI0F26411g,YALI0B10758g
YALI0F26411g,YALI0B18414g
YALI0F26411g,YALI0E25223g
YALI0F26411g,YALI0F13805g
YALI0E19701g,YALI0F03179g
YALI0E19701g,YALI0C15895g
YALI0E19701g,YALI0E20581g
YALI0E19701g,YALI0D13728g
YALI0E19701g,YALI0D05731g
YALI0E19701g,YALI0D07304g
YALI0E19701g,YALI0C10901g
YALI0D15928g,YALI0E20581g
YALI0D07304g,YALI0F03179g
YALI0D07304g,YALI0F17820g
YALI0D07304g,YALI0D00693g
YALI0D07304g,YALI0E30602g
YALI0D07304g,YALI0F27093g
YALI0F06732g,YALI0E14795g
YALI0F06732g,YALI0E26851g
YALI0F06732g,YALI0E31317g
YALI0C15895g,YALI0F03179g
YALI0C15895g,YALI0E20581g
YALI0C15895g,YALI0F20482g
YALI0C15895g,YALI0D27148g
YALI0C19965g,YALI0D17086g
YALI0C19965g,YALI0B18414g
YALI0C19965g,YALI0F23573g
YALI0C19965g,YALI0D11594g
YALI0C19965g,YALI0F13805g
YALI0F06826g,YALI0F04730g
YALI0F06826g,YALI0E33077g
YALI0F06826g,YALI0E14795g
YALI0F06826g,YALI0F30899g
YALI0F06826g,YALI0E09471g
YALI0F06826g,YALI0C06996g
YALI0F06826g,YALI0E31317g
YALI0F06826g,YALI0B19162g
YALI0F06826g,YALI0B06116g
YALI0F06826g,YALI0D13068g
YALI0F06826g,YALI0B10758g
YALI0F06826g,YALI0E25223g
YALI0F06826g,YALI0B07623g
YALI0F06826g,YALI0E06919g
YALI0D13068g,YALI0E33077g
YALI0D13068g,YALI0E14795g
YALI0D13068g,YALI0D17086g
YALI0D13068g,YALI0B19162g
YALI0D13068g,YALI0B06116g
YALI0D13068g,YALI0B10758g
YALI0D13068g,YALI0F13805g
YALI0D17086g,YALI0E33077g
YALI0D17086g,YALI0E09471g
YALI0D17086g,YALI0B19162g
YALI0D17086g,YALI0D11594g
YALI0D17086g,YALI0F13805g
YALI0A00638g,YALI0F04730g
YALI0A00638g,YALI0F31119g
YALI0D11726g,YALI0D27148g
YALI0E32035g,YALI0B19712g
YALI0B18414g,YALI0E33077g
YALI0B18414g,YALI0D11594g
YALI0E16643g,YALI0B06116g
YALI0F11033g,YALI0A07018g
YALI0E31317g,YALI0E14949g
YALI0E31317g,YALI0E14795g
YALI0E31317g,YALI0E12221g
YALI0E31317g,YALI0A04367g
YALI0E31317g,YALI0E26851g
YALI0E31317g,YALI0B19162g
YALI0E31317g,YALI0B06116g
YALI0E31317g,YALI0B10758g
YALI0E31317g,YALI0B07623g
YALI0E31317g,YALI0A16566g
YALI0E31317g,YALI0F16918g
YALI0E31317g,YALI0E06919g
YALI0F01738g,YALI0E29579g
YALI0F01738g,YALI0E14949g
YALI0F01738g,YALI0C12918g
YALI0F01738g,YALI0B19162g
YALI0F01738g,YALI0B06116g
YALI0C22341g,YALI0B10758g
YALI0A11407g,YALI0F04730g
YALI0A11407g,YALI0E29579g
YALI0A11407g,YALI0E14949g
YALI0A11407g,YALI0A04367g
YALI0A11407g,YALI0B06116g
YALI0A11407g,YALI0F18656g
YALI0A11407g,YALI0E06919g
YALI0D18106g,YALI0E29579g
YALI0D05731g,YALI0D13728g
YALI0D12400g,YALI0D24431g
YALI0D12400g,YALI0D00693g
YALI0F31119g,YALI0F04730g
YALI0F31119g,YALI0E09471g
YALI0F31119g,YALI0C12918g
YALI0C12918g,YALI0F04730g
YALI0C12918g,YALI0D04422g
YALI0C12918g,YALI0E09471g
YALI0E30602g,YALI0F03179g
YALI0E30602g,YALI0E20581g
YALI0B09361g,YALI0E20581g
YALI0B09361g,YALI0D01914g
YALI0A07018g,YALI0F04730g
YALI0E14949g,YALI0E14795g
YALI0E14949g,YALI0A04367g
YALI0E14949g,YALI0B06116g
YALI0E14949g,YALI0B10758g
YALI0E14949g,YALI0B07623g
YALI0E14949g,YALI0F16918g
YALI0A15708g,YALI0F30899g
YALI0D12144g,YALI0F18656g
YALI0B07623g,YALI0E14795g
YALI0B07623g,YALI0A04367g
YALI0B07623g,YALI0B06116g
YALI0B07623g,YALI0B10758g
YALI0B07623g,YALI0F16918g
YALI0B07623g,YALI0E06919g
YALI0E33077g,YALI0E29579g
YALI0E33077g,YALI0E09471g
YALI0E33077g,YALI0B19162g
YALI0E33077g,YALI0B06116g
YALI0E33077g,YALI0B10758g
YALI0E33077g,YALI0C16346g
YALI0E33077g,YALI0E25223g
YALI0E33077g,YALI0D11594g
YALI0E33077g,YALI0F13805g
YALI0F17820g,YALI0E32208g
YALI0F17820g,YALI0E14707g
YALI0B15125g,YALI0F03179g
YALI0B10758g,YALI0F04730g
YALI0B10758g,YALI0E29579g
YALI0B10758g,YALI0E14795g
YALI0B10758g,YALI0F30899g
YALI0B10758g,YALI0E09471g
YALI0B10758g,YALI0E12221g
YALI0B10758g,YALI0A04367g
YALI0B10758g,YALI0B19162g
YALI0B10758g,YALI0B06116g
YALI0B10758g,YALI0F16918g
YALI0B10758g,YALI0E06919g
YALI0B19162g,YALI0F04730g
YALI0B19162g,YALI0E14795g
YALI0B19162g,YALI0B06116g
YALI0B19162g,YALI0E25223g
YALI0F16918g,YALI0E14795g
YALI0F16918g,YALI0E12221g
YALI0F16918g,YALI0A04367g
YALI0F16918g,YALI0E26851g
YALI0F16918g,YALI0B06116g
YALI0F16918g,YALI0A16566g
YALI0F16918g,YALI0E06919g
YALI0D11594g,YALI0F30459g
YALI0D11594g,YALI0F13805g
YALI0E32208g,YALI0E14707g
YALI0D21956g,YALI0E12221g
YALI0D20438g,YALI0B02332g
YALI0E06919g,YALI0E14795g
YALI0E06919g,YALI0A04367g
YALI0E06919g,YALI0B06116g
YALI0F04730g,YALI0E29579g
YALI0F04730g,YALI0D04422g
YALI0F04730g,YALI0E09471g
YALI0F04730g,YALI0B06116g
YALI0F04730g,YALI0F18656g
YALI0B18722g,YALI0A04367g
YALI0B19250g,YALI0F11583g
YALI0D27148g,YALI0F20482g
YALI0B06116g,YALI0E29579g
YALI0B06116g,YALI0E14795g
YALI0B06116g,YALI0E09471g
YALI0B06116g,YALI0E12221g
YALI0B06116g,YALI0A04367g
YALI0B06116g,YALI0E25223g
YALI0B06116g,YALI0A16566g
YALI0C16346g,YALI0E25223g
YALI0C16346g,YALI0F13805g
YALI0B16984g,YALI0F24431g
YALI0F18656g,YALI0A04367g
YALI0E09471g,YALI0D04422g
YALI0E14795g,YALI0F30899g
YALI0E14795g,YALI0E12221g
YALI0E14795g,YALI0C06996g
YALI0E14795g,YALI0A04367g
YALI0E14795g,YALI0E26851g
YALI0E14795g,YALI0C03201g
YALI0E14795g,YALI0A16566g
YALI0F30899g,YALI0E29579g
YALI0F30899g,YALI0A04367g
YALI0E12221g,YALI0A16566g
