YALI0D08272g,YALI0A19470g
YALI0D08272g,YALI0B08272g
YALI0D08272g,YALI0B14102g
YALI0D08272g,YALI0C23903g
YALI0D08272g,YALI0D08272g
YALI0D08272g,YALI0D13442g
YALI0D08272g,YALI0D16423g
YALI0D08272g,YALI0D26510g
YALI0D08272g,YALI0E05599g
YALI0D08272g,YALI0E33649g
YALI0D08272g,YALI0F22209g
YALI0A19470g,YALI0B08272g
YALI0A19470g,YALI0B14102g
YALI0A19470g,YALI0C23903g
YALI0A19470g,YALI0D13442g
YALI0A19470g,YALI0D16423g
YALI0A19470g,YALI0E01870g
YALI0A19470g,YALI0E05599g
YALI0A19470g,YALI0E33649g
YALI0A19470g,YALI0F22209g
YALI0B08272g,YALI0B14102g
YALI0B08272g,YALI0C23903g
YALI0B08272g,YALI0D23793g
YALI0B08272g,YALI0D26510g
YALI0B08272g,YALI0E05599g
YALI0B08272g,YALI0E33649g
YALI0B14102g,YALI0B02728g
YALI0B14102g,YALI0C09904g
YALI0B14102g,YALI0C23903g
YALI0B14102g,YALI0D16423g
YALI0B14102g,YALI0E01870g
YALI0B14102g,YALI0E05599g
YALI0B14102g,YALI0E33649g
YALI0B14102g,YALI0F22209g
YALI0C23903g,YALI0A07018g
YALI0C23903g,YALI0C09904g
YALI0C23903g,YALI0F22209g
YALI0D13442g,YALI0B21186g
YALI0D13442g,YALI0D13706g
YALI0D13442g,YALI0D27192g
YALI0D13442g,YALI0E01870g
YALI0D13442g,YALI0E03036g
YALI0D13442g,YALI0E05599g
YALI0D13442g,YALI0E33649g
YALI0D16423g,YALI0A09900g
YALI0D16423g,YALI0B02728g
YALI0D16423g,YALI0B10516g
YALI0D16423g,YALI0B15598g
YALI0D16423g,YALI0C09904g
YALI0D16423g,YALI0D07634g
YALI0D16423g,YALI0D23331g
YALI0D16423g,YALI0E01870g
YALI0D16423g,YALI0E05599g
YALI0D16423g,YALI0E16555g
YALI0D16423g,YALI0E33649g
YALI0D16423g,YALI0F16181g
YALI0D16423g,YALI0F22209g
YALI0E05599g,YALI0B21186g
YALI0E05599g,YALI0D27192g
YALI0E05599g,YALI0E01870g
YALI0E05599g,YALI0E33649g
YALI0E33649g,YALI0C09904g
YALI0E33649g,YALI0D07084g
YALI0E33649g,YALI0D13706g
YALI0E33649g,YALI0E01870g
YALI0E33649g,YALI0F22209g
YALI0F22209g,YALI0A09900g
YALI0F22209g,YALI0B02728g
YALI0F22209g,YALI0B10516g
YALI0F22209g,YALI0C09904g
YALI0F22209g,YALI0D07634g
YALI0F22209g,YALI0D22110g
YALI0F22209g,YALI0D23331g
YALI0F22209g,YALI0E01870g
YALI0F22209g,YALI0E08617g
YALI0F22209g,YALI0E16555g
YALI0F22209g,YALI0E34687g
YALI0F22209g,YALI0F16181g
YALI0A00506g,YALI0B03476g
YALI0A00506g,YALI0B05874g
YALI0A00506g,YALI0B10758g
YALI0A00506g,YALI0B12738g
YALI0A00506g,YALI0B14201g
YALI0A00506g,YALI0B16324g
YALI0A00506g,YALI0B17006g
YALI0A00506g,YALI0B19206g
YALI0A00506g,YALI0C06460g
YALI0A00506g,YALI0C08096g
YALI0A00506g,YALI0D07810g
YALI0A00506g,YALI0D12232g
YALI0A00506g,YALI0D13112g
YALI0A00506g,YALI0D17710g
YALI0A00506g,YALI0E07491g
YALI0A00506g,YALI0E20449g
YALI0A00506g,YALI0E34067g
YALI0A00506g,YALI0E34375g
YALI0A00506g,YALI0F07128g
YALI0A00506g,YALI0F07601g
YALI0A00506g,YALI0F13343g
YALI0A00506g,YALI0F23177g
YALI0B03476g,YALI0B04488g
YALI0B03476g,YALI0B05874g
YALI0B03476g,YALI0B12738g
YALI0B03476g,YALI0B17006g
YALI0B03476g,YALI0C03377g
YALI0B03476g,YALI0C07172g
YALI0B03476g,YALI0C08096g
YALI0B03476g,YALI0C08960g
YALI0B03476g,YALI0D07810g
YALI0B03476g,YALI0D11088g
YALI0B03476g,YALI0D12232g
YALI0B03476g,YALI0D17710g
YALI0B03476g,YALI0E07491g
YALI0B03476g,YALI0E10417g
YALI0B03476g,YALI0E29557g
YALI0B03476g,YALI0F06402g
YALI0B03476g,YALI0F07557g
YALI0B03476g,YALI0F13343g
YALI0B03476g,YALI0F15763g
YALI0B03476g,YALI0F24783g
YALI0B05874g,YALI0A19646g
YALI0B05874g,YALI0B04488g
YALI0B05874g,YALI0B12738g
YALI0B05874g,YALI0B14201g
YALI0B05874g,YALI0B16324g
YALI0B05874g,YALI0B19206g
YALI0B05874g,YALI0C03377g
YALI0B05874g,YALI0C07172g
YALI0B05874g,YALI0C08096g
YALI0B05874g,YALI0D07810g
YALI0B05874g,YALI0D12232g
YALI0B05874g,YALI0D17710g
YALI0B05874g,YALI0E00792g
YALI0B05874g,YALI0E07491g
YALI0B05874g,YALI0E10417g
YALI0B05874g,YALI0E29557g
YALI0B05874g,YALI0E34067g
YALI0B05874g,YALI0F07128g
YALI0B05874g,YALI0F07601g
YALI0B05874g,YALI0F13343g
YALI0B05874g,YALI0F13805g
YALI0B10758g,YALI0A18227g
YALI0B10758g,YALI0B14201g
YALI0B10758g,YALI0C06460g
YALI0B10758g,YALI0D03597g
YALI0B10758g,YALI0D13112g
YALI0B10758g,YALI0E20449g
YALI0B10758g,YALI0E34375g
YALI0B10758g,YALI0F09603g
YALI0B10758g,YALI0F23177g
YALI0B12738g,YALI0B04488g
YALI0B12738g,YALI0B16324g
YALI0B12738g,YALI0B17006g
YALI0B12738g,YALI0C07172g
YALI0B12738g,YALI0C08096g
YALI0B12738g,YALI0C08960g
YALI0B12738g,YALI0C21758g
YALI0B12738g,YALI0D07810g
YALI0B12738g,YALI0D12232g
YALI0B12738g,YALI0D17710g
YALI0B12738g,YALI0E10417g
YALI0B12738g,YALI0F13343g
YALI0B12738g,YALI0F24783g
YALI0B14201g,YALI0B16324g
YALI0B14201g,YALI0B19206g
YALI0B14201g,YALI0C06460g
YALI0B14201g,YALI0C08096g
YALI0B14201g,YALI0C11583g
YALI0B14201g,YALI0D03597g
YALI0B14201g,YALI0D07810g
YALI0B14201g,YALI0D13112g
YALI0B14201g,YALI0E00792g
YALI0B14201g,YALI0E07491g
YALI0B14201g,YALI0E20449g
YALI0B14201g,YALI0E34067g
YALI0B14201g,YALI0E34375g
YALI0B14201g,YALI0F13343g
YALI0B16324g,YALI0A19646g
YALI0B16324g,YALI0B17006g
YALI0B16324g,YALI0B19206g
YALI0B16324g,YALI0C03377g
YALI0B16324g,YALI0C06460g
YALI0B16324g,YALI0C07172g
YALI0B16324g,YALI0C08096g
YALI0B16324g,YALI0C21758g
YALI0B16324g,YALI0D07810g
YALI0B16324g,YALI0D12232g
YALI0B16324g,YALI0E00792g
YALI0B16324g,YALI0E07491g
YALI0B16324g,YALI0E20449g
YALI0B16324g,YALI0E34067g
YALI0B16324g,YALI0E34375g
YALI0B16324g,YALI0F07601g
YALI0B16324g,YALI0F13343g
YALI0B16324g,YALI0F13805g
YALI0B16324g,YALI0F23177g
YALI0B17006g,YALI0C08960g
YALI0B17006g,YALI0E01430g
YALI0B17006g,YALI0E11935g
YALI0B17006g,YALI0E20449g
YALI0B17006g,YALI0F07601g
YALI0B17006g,YALI0F23177g
YALI0B17006g,YALI0F24783g
YALI0B19206g,YALI0A19646g
YALI0B19206g,YALI0C03377g
YALI0B19206g,YALI0C07172g
YALI0B19206g,YALI0C08096g
YALI0B19206g,YALI0D12232g
YALI0B19206g,YALI0D17710g
YALI0B19206g,YALI0E07491g
YALI0B19206g,YALI0E16038g
YALI0B19206g,YALI0E20449g
YALI0B19206g,YALI0E34067g
YALI0B19206g,YALI0E34375g
YALI0B19206g,YALI0F07601g
YALI0B19206g,YALI0F13343g
YALI0C06460g,YALI0A18227g
YALI0C06460g,YALI0C11583g
YALI0C06460g,YALI0D03597g
YALI0C06460g,YALI0D13112g
YALI0C06460g,YALI0E20449g
YALI0C06460g,YALI0E22220g
YALI0C06460g,YALI0E34375g
YALI0C06460g,YALI0F09603g
YALI0C06460g,YALI0F23177g
YALI0C08096g,YALI0A10681g
YALI0C08096g,YALI0A19646g
YALI0C08096g,YALI0C03377g
YALI0C08096g,YALI0C07172g
YALI0C08096g,YALI0C21758g
YALI0C08096g,YALI0D07810g
YALI0C08096g,YALI0D12232g
YALI0C08096g,YALI0D17710g
YALI0C08096g,YALI0E00792g
YALI0C08096g,YALI0E07491g
YALI0C08096g,YALI0E10417g
YALI0C08096g,YALI0E29557g
YALI0C08096g,YALI0E34067g
YALI0C08096g,YALI0E34375g
YALI0C08096g,YALI0F06402g
YALI0C08096g,YALI0F07557g
YALI0C08096g,YALI0F07601g
YALI0C08096g,YALI0F13343g
YALI0C08096g,YALI0F13805g
YALI0C08096g,YALI0F15763g
YALI0C08096g,YALI0F24783g
YALI0D07810g,YALI0A10681g
YALI0D07810g,YALI0A19646g
YALI0D07810g,YALI0D12232g
YALI0D07810g,YALI0D17710g
YALI0D07810g,YALI0E00792g
YALI0D07810g,YALI0E10417g
YALI0D07810g,YALI0E29557g
YALI0D07810g,YALI0E34067g
YALI0D07810g,YALI0F06402g
YALI0D07810g,YALI0F07128g
YALI0D07810g,YALI0F15763g
YALI0D12232g,YALI0A19646g
YALI0D12232g,YALI0C03377g
YALI0D12232g,YALI0C07172g
YALI0D12232g,YALI0C21758g
YALI0D12232g,YALI0D17710g
YALI0D12232g,YALI0E00792g
YALI0D12232g,YALI0E07491g
YALI0D12232g,YALI0E10417g
YALI0D12232g,YALI0E34067g
YALI0D12232g,YALI0F13343g
YALI0D12232g,YALI0F13805g
YALI0D12232g,YALI0F15763g
YALI0D13112g,YALI0A18227g
YALI0D13112g,YALI0B19668g
YALI0D13112g,YALI0C11583g
YALI0D13112g,YALI0D03597g
YALI0D13112g,YALI0E01430g
YALI0D13112g,YALI0E07491g
YALI0D13112g,YALI0E20449g
YALI0D13112g,YALI0E22220g
YALI0D13112g,YALI0E34852g
YALI0D13112g,YALI0F09603g
YALI0D13112g,YALI0F26499g
YALI0D17710g,YALI0A19646g
YALI0D17710g,YALI0C03377g
YALI0D17710g,YALI0C07172g
YALI0D17710g,YALI0E07491g
YALI0D17710g,YALI0E10417g
YALI0D17710g,YALI0E29557g
YALI0D17710g,YALI0F07128g
YALI0D17710g,YALI0F07557g
YALI0D17710g,YALI0F15763g
YALI0E07491g,YALI0A10681g
YALI0E07491g,YALI0A19646g
YALI0E07491g,YALI0C03377g
YALI0E07491g,YALI0C07172g
YALI0E07491g,YALI0E00792g
YALI0E07491g,YALI0E16038g
YALI0E07491g,YALI0E28371g
YALI0E07491g,YALI0E29557g
YALI0E07491g,YALI0E34067g
YALI0E07491g,YALI0E34375g
YALI0E07491g,YALI0F13343g
YALI0E07491g,YALI0F13805g
YALI0E07491g,YALI0F23133g
YALI0E07491g,YALI0F24783g
YALI0E20449g,YALI0D03597g
YALI0E20449g,YALI0E24211g
YALI0E20449g,YALI0E34199g
YALI0E20449g,YALI0E34375g
YALI0E20449g,YALI0F07601g
YALI0E20449g,YALI0F23177g
YALI0E34067g,YALI0A10681g
YALI0E34067g,YALI0A19646g
YALI0E34067g,YALI0E00792g
YALI0E34067g,YALI0E16038g
YALI0E34067g,YALI0E29557g
YALI0E34067g,YALI0E34375g
YALI0E34067g,YALI0F13805g
YALI0E34375g,YALI0C03377g
YALI0E34375g,YALI0C21758g
YALI0E34375g,YALI0E00792g
YALI0E34375g,YALI0F13343g
YALI0E34375g,YALI0F13805g
YALI0E34375g,YALI0F23177g
YALI0F07128g,YALI0E34852g
YALI0F07601g,YALI0F23177g
YALI0F13343g,YALI0B04488g
YALI0F13343g,YALI0C03377g
YALI0F13343g,YALI0C07172g
YALI0F13343g,YALI0C08960g
YALI0F13343g,YALI0C21758g
YALI0F23177g,YALI0E24211g
YALI0F23177g,YALI0E34199g
YALI0B02728g,YALI0A09900g
YALI0B02728g,YALI0B10516g
YALI0B02728g,YALI0B15598g
YALI0B02728g,YALI0C11946g
YALI0B02728g,YALI0D07634g
YALI0B02728g,YALI0D23331g
YALI0B02728g,YALI0E01870g
YALI0B02728g,YALI0E08617g
YALI0B02728g,YALI0E34687g
YALI0B02728g,YALI0F15389g
YALI0B02728g,YALI0F16181g
YALI0B10516g,YALI0A09900g
YALI0B10516g,YALI0B21662g
YALI0B10516g,YALI0C02937g
YALI0B10516g,YALI0C09904g
YALI0B10516g,YALI0D07084g
YALI0B10516g,YALI0D07634g
YALI0B10516g,YALI0D22110g
YALI0B10516g,YALI0D23331g
YALI0B10516g,YALI0E01870g
YALI0B10516g,YALI0E08617g
YALI0B10516g,YALI0E15125g
YALI0B10516g,YALI0E29337g
YALI0B10516g,YALI0E32813g
YALI0B10516g,YALI0E34687g
YALI0B10516g,YALI0F15631g
YALI0B10516g,YALI0F16181g
YALI0B10516g,YALI0F18502g
YALI0C11946g,YALI0A09900g
YALI0C11946g,YALI0E34687g
YALI0D07084g,YALI0D23331g
YALI0D07084g,YALI0E01870g
YALI0D07084g,YALI0E15125g
YALI0D07084g,YALI0E34687g
YALI0D07084g,YALI0F15389g
YALI0D07084g,YALI0F18502g
YALI0D23331g,YALI0A09900g
YALI0D23331g,YALI0B20416g
YALI0D23331g,YALI0C02937g
YALI0D23331g,YALI0C09904g
YALI0D23331g,YALI0D07634g
YALI0D23331g,YALI0E01870g
YALI0D23331g,YALI0E16555g
YALI0D23331g,YALI0E34687g
YALI0D23331g,YALI0F05214g
YALI0D23331g,YALI0F15389g
YALI0D23331g,YALI0F15631g
YALI0D23331g,YALI0F16181g
YALI0D23331g,YALI0F18502g
YALI0E34687g,YALI0A09900g
YALI0E34687g,YALI0C02937g
YALI0E34687g,YALI0D04488g
YALI0E34687g,YALI0E01870g
YALI0E34687g,YALI0E08617g
YALI0E34687g,YALI0E15125g
YALI0E34687g,YALI0E31288g
YALI0E34687g,YALI0F14795g
YALI0E34687g,YALI0F15389g
YALI0E34687g,YALI0F15631g
YALI0E34687g,YALI0F18502g
YALI0F15389g,YALI0B15598g
YALI0F15389g,YALI0D04488g
YALI0F15389g,YALI0E01870g
YALI0A01155g,YALI0D03597g
YALI0A01155g,YALI0F05214g
YALI0A01155g,YALI0F09603g
YALI0D03597g,YALI0A18227g
YALI0D03597g,YALI0B11440g
YALI0D03597g,YALI0C06369g
YALI0D03597g,YALI0C11583g
YALI0D03597g,YALI0F09603g
YALI0D03597g,YALI0F09625g
YALI0F05214g,YALI0A10010g
YALI0F05214g,YALI0B20416g
YALI0F05214g,YALI0C02937g
YALI0F05214g,YALI0E31288g
YALI0F05214g,YALI0F09405g
YALI0F05214g,YALI0F15631g
YALI0F05214g,YALI0F18502g
YALI0F09603g,YALI0A18227g
YALI0F09603g,YALI0C11583g
YALI0E29337g,YALI0A09900g
YALI0E29337g,YALI0C12661g
YALI0E29337g,YALI0C23496g
YALI0E29337g,YALI0D11308g
YALI0E29337g,YALI0D22110g
YALI0E29337g,YALI0E01870g
YALI0E29337g,YALI0E08617g
YALI0E29337g,YALI0E32813g
YALI0E29337g,YALI0E33165g
YALI0E32813g,YALI0A08536g
YALI0E32813g,YALI0A09900g
YALI0E32813g,YALI0C02937g
YALI0E32813g,YALI0C12661g
YALI0E32813g,YALI0D22110g
YALI0E32813g,YALI0E08617g
YALI0E32813g,YALI0E15125g
YALI0E32813g,YALI0F15631g
YALI0E32813g,YALI0F19514g
YALI0F19514g,YALI0C13816g
YALI0F19514g,YALI0E32131g
YALI0B06512g,YALI0E12969g
YALI0C09904g,YALI0D07634g
YALI0C09904g,YALI0E01870g
YALI0C09904g,YALI0E16555g
YALI0C09904g,YALI0F16181g
YALI0D22110g,YALI0A08536g
YALI0D22110g,YALI0A09900g
YALI0D22110g,YALI0C02937g
YALI0D22110g,YALI0C12661g
YALI0D22110g,YALI0C23496g
YALI0D22110g,YALI0E08617g
YALI0D22110g,YALI0F31119g
YALI0C06369g,YALI0B11440g
YALI0C06369g,YALI0D17446g
YALI0C06369g,YALI0E03586g
YALI0D07480g,YALI0B19668g
YALI0D07480g,YALI0C02937g
YALI0D07480g,YALI0D10835g
YALI0D07480g,YALI0D17446g
YALI0D07480g,YALI0E08617g
YALI0D07480g,YALI0F02937g
YALI0D07480g,YALI0F15631g
YALI0F02937g,YALI0B11440g
YALI0F02937g,YALI0D17446g
YALI0C21802g,YALI0B12144g
YALI0C21802g,YALI0C01221g
YALI0C22187g,YALI0D12144g
YALI0E12441g,YALI0F30701g
YALI0E29029g,YALI0E21934g
YALI0E31288g,YALI0C02937g
YALI0E31288g,YALI0D04488g
YALI0E31288g,YALI0D11066g
YALI0E31288g,YALI0E04378g
YALI0E31288g,YALI0F09405g
YALI0E31288g,YALI0F14795g
YALI0E31288g,YALI0F15631g
YALI0E31288g,YALI0F30701g
YALI0F09405g,YALI0C02937g
YALI0F09405g,YALI0E21934g
YALI0F09405g,YALI0F09537g
YALI0E01870g,YALI0A09900g
YALI0E01870g,YALI0E08617g
YALI0B10428g,YALI0A18744g
YALI0B10428g,YALI0C16709g
YALI0B10428g,YALI0F17710g
YALI0B10428g,YALI0F18436g
YALI0D20944g,YALI0F31955g
YALI0E17677g,YALI0D14454g
YALI0C13816g,YALI0B06600g
YALI0C13816g,YALI0C21494g
YALI0C13816g,YALI0E32131g
YALI0A08536g,YALI0B06600g
YALI0A08536g,YALI0B21662g
YALI0A08536g,YALI0C12661g
YALI0A08536g,YALI0C23364g
YALI0A08536g,YALI0E05929g
YALI0A08536g,YALI0E26983g
YALI0A08536g,YALI0F31119g
YALI0B06600g,YALI0B19668g
YALI0B06600g,YALI0C12661g
YALI0B06600g,YALI0C23364g
YALI0B06600g,YALI0E05929g
YALI0B06600g,YALI0E15081g
YALI0B21662g,YALI0A09900g
YALI0B21662g,YALI0C02937g
YALI0B21662g,YALI0E05929g
YALI0B21662g,YALI0E08617g
YALI0B21662g,YALI0F18502g
YALI0C12661g,YALI0C11341g
YALI0C12661g,YALI0C23496g
YALI0C12661g,YALI0E08617g
YALI0C12661g,YALI0E15081g
YALI0C23364g,YALI0A20922g
YALI0C23364g,YALI0B19668g
YALI0C23364g,YALI0D11066g
YALI0C23364g,YALI0E05929g
YALI0C23364g,YALI0E15081g
YALI0C23364g,YALI0E26983g
YALI0E05929g,YALI0A20922g
YALI0E05929g,YALI0B19668g
YALI0E05929g,YALI0D11066g
YALI0E05929g,YALI0E15081g
YALI0E05929g,YALI0E26983g
YALI0E05929g,YALI0F14795g
YALI0E05929g,YALI0F30701g
YALI0E26983g,YALI0A20922g
YALI0E26983g,YALI0D11066g
YALI0F31119g,YALI0A09900g
YALI0F31119g,YALI0F21681g
YALI0A09020g,YALI0E02046g
YALI0E02046g,YALI0D15304g
YALI0E02046g,YALI0E05643g
YALI0E02046g,YALI0E06479g
YALI0F20790g,YALI0D13706g
YALI0F20790g,YALI0D14630g
YALI0F20790g,YALI0D23353g
YALI0B19668g,YALI0C04774g
YALI0B19668g,YALI0C11583g
YALI0B19668g,YALI0E01430g
YALI0B19668g,YALI0E15081g
YALI0B19668g,YALI0E25850g
YALI0B19668g,YALI0E34852g
YALI0B19668g,YALI0F26499g
YALI0C11583g,YALI0A18227g
YALI0C11583g,YALI0E22220g
YALI0C11583g,YALI0E34852g
YALI0C11583g,YALI0F16313g
YALI0E22220g,YALI0D08635g
YALI0E22220g,YALI0E34852g
YALI0E22220g,YALI0F16313g
YALI0F17578g,YALI0A20922g
YALI0A09812g,YALI0E06479g
YALI0E06479g,YALI0E05643g
YALI0D11066g,YALI0C02937g
YALI0D11066g,YALI0F14795g
YALI0D11066g,YALI0F15631g
YALI0D11066g,YALI0F30701g
YALI0E15081g,YALI0A20922g
YALI0E15081g,YALI0C04774g
YALI0E15081g,YALI0E01430g
YALI0E15081g,YALI0F26499g
YALI0F26499g,YALI0B16918g
YALI0F26499g,YALI0C04774g
YALI0F26499g,YALI0E01430g
YALI0F26499g,YALI0E02442g
YALI0F26499g,YALI0E12969g
YALI0A09900g,YALI0C02937g
YALI0A09900g,YALI0E08617g
YALI0A09900g,YALI0E15125g
YALI0A09900g,YALI0F15631g
YALI0A09900g,YALI0F16181g
YALI0C02937g,YALI0E08617g
YALI0C02937g,YALI0E15125g
YALI0C02937g,YALI0F14795g
YALI0C02937g,YALI0F15631g
YALI0C02937g,YALI0F18502g
YALI0C02937g,YALI0F30701g
YALI0E08617g,YALI0C23496g
YALI0E08617g,YALI0F15631g
YALI0E08617g,YALI0F16181g
YALI0E08617g,YALI0F18502g
YALI0E15125g,YALI0D04554g
YALI0E15125g,YALI0E03036g
YALI0E15125g,YALI0F30701g
YALI0F15631g,YALI0D04488g
YALI0F15631g,YALI0E04224g
YALI0F15631g,YALI0F18502g
YALI0F16181g,YALI0D07634g
YALI0F16181g,YALI0E16555g
YALI0A10010g,YALI0F09625g
YALI0F09625g,YALI0E32175g
YALI0A10076g,YALI0E32065g
YALI0E32065g,YALI0D19206g
YALI0E32065g,YALI0E09015g
YALI0E32065g,YALI0F08701g
YALI0F14795g,YALI0F30701g
YALI0F30701g,YALI0D01606g
YALI0F30701g,YALI0E32131g
YALI0F30701g,YALI0F24475g
YALI0A10681g,YALI0A19646g
YALI0A10681g,YALI0C03377g
YALI0A10681g,YALI0D08118g
YALI0A10681g,YALI0E00792g
YALI0A10681g,YALI0E16038g
YALI0A10681g,YALI0E28371g
YALI0A10681g,YALI0E29557g
YALI0A10681g,YALI0F13805g
YALI0A19646g,YALI0C03377g
YALI0A19646g,YALI0E00792g
YALI0A19646g,YALI0E10417g
YALI0A19646g,YALI0E29557g
YALI0A19646g,YALI0F07557g
YALI0A19646g,YALI0F13805g
YALI0A19646g,YALI0F15763g
YALI0C03377g,YALI0B15180g
YALI0C03377g,YALI0C07172g
YALI0C03377g,YALI0C21296g
YALI0C03377g,YALI0C21758g
YALI0C03377g,YALI0E00792g
YALI0C03377g,YALI0E10417g
YALI0C03377g,YALI0E29557g
YALI0C03377g,YALI0F07557g
YALI0C03377g,YALI0F13805g
YALI0D08118g,YALI0E29557g
YALI0E00792g,YALI0C07172g
YALI0E00792g,YALI0C21758g
YALI0E00792g,YALI0E10417g
YALI0E00792g,YALI0E29557g
YALI0E00792g,YALI0F13805g
YALI0E16038g,YALI0E28371g
YALI0E16038g,YALI0E29557g
YALI0E16038g,YALI0F08679g
YALI0E16038g,YALI0F23133g
YALI0E28371g,YALI0A18227g
YALI0E28371g,YALI0F08679g
YALI0E29557g,YALI0C07172g
YALI0E29557g,YALI0E10417g
YALI0E29557g,YALI0F13805g
YALI0E29557g,YALI0F15763g
YALI0F13805g,YALI0B04488g
YALI0F13805g,YALI0C21758g
YALI0D07634g,YALI0E16555g
YALI0E04224g,YALI0E28787g
YALI0A19426g,YALI0B05346g
YALI0E19338g,YALI0C07634g
YALI0E19338g,YALI0E10483g
YALI0E19338g,YALI0E22286g
YALI0E05665g,YALI0E24651g
YALI0F22231g,YALI0B14795g
YALI0F22231g,YALI0F02343g
YALI0D19206g,YALI0F08701g
YALI0D01606g,YALI0F24475g
YALI0C04774g,YALI0E01430g
YALI0E01430g,YALI0E02442g
YALI0E01430g,YALI0E12969g
YALI0E01430g,YALI0F16665g
YALI0C07172g,YALI0B04488g
YALI0C07172g,YALI0C21296g
YALI0C07172g,YALI0C21758g
YALI0C07172g,YALI0E10417g
YALI0C07172g,YALI0F15763g
YALI0C08960g,YALI0F24783g
YALI0F24783g,YALI0F06402g
YALI0F24783g,YALI0F07557g
YALI0A18227g,YALI0D08932g
YALI0C21758g,YALI0B04488g
YALI0E10417g,YALI0B04488g
YALI0E10417g,YALI0C21296g
YALI0E10417g,YALI0D11088g
YALI0E10417g,YALI0E04356g
YALI0E10417g,YALI0F02673g
YALI0E10417g,YALI0F06402g
YALI0E10417g,YALI0F07557g
YALI0E10417g,YALI0F15763g
YALI0F07557g,YALI0F02673g
YALI0F07557g,YALI0F06402g
YALI0F07557g,YALI0F08679g
YALI0A18744g,YALI0C16709g
YALI0A18744g,YALI0F18436g
YALI0C16709g,YALI0F18436g
YALI0B21186g,YALI0D27192g
YALI0D27192g,YALI0D13706g
YALI0F14509g,YALI0B05566g
YALI0F14509g,YALI0F15939g
YALI0F15763g,YALI0B04488g
YALI0F15763g,YALI0D11088g
YALI0F15763g,YALI0F06402g
YALI0B05566g,YALI0F15939g
YALI0B04488g,YALI0C21296g
YALI0B04488g,YALI0D19470g
YALI0D11088g,YALI0F02673g
YALI0D11088g,YALI0F06402g
YALI0F06402g,YALI0E11935g
YALI0F06402g,YALI0F02673g
YALI0B04312g,YALI0B09273g
YALI0E12969g,YALI0E02442g
YALI0E12969g,YALI0F07799g
YALI0D15304g,YALI0E22847g
YALI0D04983g,YALI0D04488g
YALI0C04389g,YALI0F25619g
YALI0F17710g,YALI0B12100g
YALI0F17710g,YALI0D23463g
YALI0F18502g,YALI0B20416g
YALI0F18502g,YALI0D04488g
YALI0B12144g,YALI0C01221g
YALI0B12144g,YALI0C21692g
YALI0C01221g,YALI0F11759g
YALI0C21692g,YALI0E12023g
YALI0E03036g,YALI0B17226g
YALI0B13618g,YALI0F06138g
YALI0B13618g,YALI0F16665g
YALI0B14817g,YALI0E09933g
YALI0B15180g,YALI0D02024g
YALI0B15180g,YALI0F11759g
YALI0E12155g,YALI0D09086g
YALI0E12155g,YALI0F13211g
YALI0B17226g,YALI0F24475g
YALI0E11935g,YALI0C00671g
YALI0B17204g,YALI0E22286g
YALI0B17644g,YALI0B23298g
YALI0C00671g,YALI0E02442g
YALI0C01045g,YALI0D09086g
YALI0C01045g,YALI0F01056g
YALI0D09086g,YALI0C16841g
YALI0C11341g,YALI0D10813g
YALI0C11341g,YALI0E05489g
YALI0C11341g,YALI0F04213g
YALI0C17589g,YALI0D06435g
YALI0D06435g,YALI0D05049g
YALI0E04136g,YALI0D11044g
YALI0E24211g,YALI0E34199g
YALI0C20361g,YALI0E10483g
YALI0D12144g,YALI0E34529g
YALI0D01067g,YALI0F06028g
YALI0D03784g,YALI0E04829g
YALI0E04829g,YALI0E07315g
YALI0D08338g,YALI0F30239g
YALI0D13706g,YALI0D14630g
YALI0D14454g,YALI0F01859g
YALI0D14586g,YALI0E11847g
YALI0D25278g,YALI0F09559g
YALI0F09559g,YALI0E33774g
YALI0E21197g,YALI0F14333g
